ISO-10303-21;
HEADER;
FILE_DESCRIPTION(('FreeCAD Model'),'2;1');
FILE_NAME('Open CASCADE Shape Model','2026-01-21T23:23:56',('Author'),(
    ''),'Open CASCADE STEP processor 7.8','FreeCAD','Unknown');
FILE_SCHEMA(('AUTOMOTIVE_DESIGN { 1 0 10303 214 1 1 1 1 }'));
ENDSEC;
DATA;
#1 = APPLICATION_PROTOCOL_DEFINITION('international standard',
  'automotive_design',2000,#2);
#2 = APPLICATION_CONTEXT(
  'core data for automotive mechanical design processes');
#3 = SHAPE_DEFINITION_REPRESENTATION(#4,#10);
#4 = PRODUCT_DEFINITION_SHAPE('','',#5);
#5 = PRODUCT_DEFINITION('design','',#6,#9);
#6 = PRODUCT_DEFINITION_FORMATION('','',#7);
#7 = PRODUCT('ClosedWingShell','ClosedWingShell','',(#8));
#8 = PRODUCT_CONTEXT('',#2,'mechanical');
#9 = PRODUCT_DEFINITION_CONTEXT('part definition',#2,'design');
#10 = SHAPE_REPRESENTATION('',(#11,#15,#679,#1128,#1620,#2112,#2394,
    #2843,#3335,#3827,#4109,#4164),#4219);
#11 = AXIS2_PLACEMENT_3D('',#12,#13,#14);
#12 = CARTESIAN_POINT('',(0.,0.,0.));
#13 = DIRECTION('',(0.,0.,1.));
#14 = DIRECTION('',(1.,0.,-0.));
#15 = SHELL_BASED_SURFACE_MODEL('',(#16));
#16 = OPEN_SHELL('',(#17,#341,#371));
#17 = ADVANCED_FACE('',(#18),#192,.T.);
#18 = FACE_BOUND('',#19,.T.);
#19 = EDGE_LOOP('',(#20,#101,#108,#187));
#20 = ORIENTED_EDGE('',*,*,#21,.T.);
#21 = EDGE_CURVE('',#22,#24,#26,.T.);
#22 = VERTEX_POINT('',#23);
#23 = CARTESIAN_POINT('',(0.,0.,0.));
#24 = VERTEX_POINT('',#25);
#25 = CARTESIAN_POINT('',(805.9,0.,0.56832068));
#26 = B_SPLINE_CURVE_WITH_KNOTS('',3,(#27,#28,#29,#30,#31,#32,#33,#34,
    #35,#36,#37,#38,#39,#40,#41,#42,#43,#44,#45,#46,#47,#48,#49,#50,#51,
    #52,#53,#54,#55,#56,#57,#58,#59,#60,#61,#62,#63,#64,#65,#66,#67,#68,
    #69,#70,#71,#72,#73,#74,#75,#76,#77,#78,#79,#80,#81,#82,#83,#84,#85,
    #86,#87,#88,#89,#90,#91,#92,#93,#94,#95,#96,#97,#98,#99,#100),
  .UNSPECIFIED.,.F.,.F.,(4,1,1,1,1,1,1,1,1,1,1,1,1,1,1,1,1,1,1,1,1,1,1,1
    ,1,1,1,1,1,1,1,1,1,1,1,1,1,1,1,1,1,1,1,1,1,1,1,1,1,1,1,1,1,1,1,1,1,1
    ,1,1,1,1,1,1,1,1,1,1,1,1,1,4),(0.,0.557357905534,1.163456672004,
    1.824026729645,2.546455884093,3.339762431457,4.21424250132,
    5.182690039914,6.260020740882,7.46520695347,8.819857958762,
    10.348719954566,12.082153961064,14.054099817123,16.303299711792,
    18.88173915537,21.846572148451,25.278311117916,29.278013558055,
    33.972452351648,39.526811499244,46.127286644761,53.993920380018,
    63.365228524006,74.508452069151,87.736088483227,103.41018675937,
    121.95321421645,143.8569546829,165.60778016209,187.21800439689,
    208.69343852,230.03714398664,251.25182177363,272.33971765556,
    293.30316664408,314.14522309598,334.8667920486,355.47189795678,
    375.96408948755,396.34312097332,416.61201915577,436.77446424727,
    456.83135530649,476.78256319575,496.62894366978,516.37204674551,
    536.01195875688,555.54813360156,574.98188870248,594.31271562508,
    613.54272305465,632.67066324367,651.70032479594,670.63251959492,
    689.46897013248,708.21252946417,726.83870999842,742.55306466575,
    755.81894390717,767.0242495244,776.4924719945,784.49643240699,
    791.26479126479,796.98983108657,801.83443627129,805.93431194774,
    809.40533142087,812.34381570742,814.83210163319,816.93937132638,
    818.72346127379),.UNSPECIFIED.);
#27 = CARTESIAN_POINT('',(0.,0.,0.));
#28 = CARTESIAN_POINT('',(1.645452314586E-04,0.,0.185812245522));
#29 = CARTESIAN_POINT('',(9.497362872466E-03,0.,0.573640589962));
#30 = CARTESIAN_POINT('',(5.27594306197E-02,0.,1.180339154059));
#31 = CARTESIAN_POINT('',(0.131644780881,0.,1.838954282407));
#32 = CARTESIAN_POINT('',(0.257938662191,0.,2.55372696511));
#33 = CARTESIAN_POINT('',(0.442748562989,0.,3.329223608335));
#34 = CARTESIAN_POINT('',(0.698400325954,0.,4.170558128415));
#35 = CARTESIAN_POINT('',(1.040570763952,0.,5.082572768379));
#36 = CARTESIAN_POINT('',(1.486866454746,0.,6.070957466145));
#37 = CARTESIAN_POINT('',(2.062290043809,0.,7.139254822653));
#38 = CARTESIAN_POINT('',(2.793072138196,0.,8.291035346321));
#39 = CARTESIAN_POINT('',(3.709805744691,0.,9.528911069633));
#40 = CARTESIAN_POINT('',(4.852107228094,0.,10.849999224809));
#41 = CARTESIAN_POINT('',(6.263796360306,0.,12.248092626261));
#42 = CARTESIAN_POINT('',(7.996793265844,0.,13.712802905456));
#43 = CARTESIAN_POINT('',(10.118356446478,0.,15.216936114494));
#44 = CARTESIAN_POINT('',(12.701099659662,0.,16.734214748563));
#45 = CARTESIAN_POINT('',(15.837208329066,0.,18.219327678005));
#46 = CARTESIAN_POINT('',(19.630202229775,0.,19.629285295674));
#47 = CARTESIAN_POINT('',(24.200999936591,0.,20.93448693203));
#48 = CARTESIAN_POINT('',(29.690181546128,0.,22.135097163726));
#49 = CARTESIAN_POINT('',(36.263429547937,0.,23.294034329661));
#50 = CARTESIAN_POINT('',(44.112662990157,0.,24.532098360466));
#51 = CARTESIAN_POINT('',(53.473133244041,0.,25.905074014298));
#52 = CARTESIAN_POINT('',(64.623215337882,0.,27.384217995479));
#53 = CARTESIAN_POINT('',(77.879187801936,0.,28.955389835209));
#54 = CARTESIAN_POINT('',(93.609983789584,0.,30.589821308611));
#55 = CARTESIAN_POINT('',(112.24321414231,0.,32.25601741021));
#56 = CARTESIAN_POINT('',(132.91771887425,0.,33.814715382263));
#57 = CARTESIAN_POINT('',(154.62968301304,0.,35.188007673991));
#58 = CARTESIAN_POINT('',(176.21167162392,0.,36.335506367583));
#59 = CARTESIAN_POINT('',(197.66722410731,0.,37.288360447188));
#60 = CARTESIAN_POINT('',(218.99796422801,0.,38.063684148821));
#61 = CARTESIAN_POINT('',(240.20496911893,0.,38.668935380118));
#62 = CARTESIAN_POINT('',(261.28933776438,0.,39.105734972824));
#63 = CARTESIAN_POINT('',(282.25236000572,0.,39.371404104089));
#64 = CARTESIAN_POINT('',(303.09475861715,0.,39.461551242689));
#65 = CARTESIAN_POINT('',(323.81778035794,0.,39.376533201765));
#66 = CARTESIAN_POINT('',(344.42247191918,0.,39.100558558806));
#67 = CARTESIAN_POINT('',(364.91016325221,0.,38.663282730287));
#68 = CARTESIAN_POINT('',(385.28096002748,0.,38.040471199879));
#69 = CARTESIAN_POINT('',(405.53600931375,0.,37.253241188879));
#70 = CARTESIAN_POINT('',(425.67682898438,0.,36.30885595874));
#71 = CARTESIAN_POINT('',(445.70434214354,0.,35.221412561307));
#72 = CARTESIAN_POINT('',(465.61888313177,0.,34.005474308774));
#73 = CARTESIAN_POINT('',(485.42142876117,0.,32.677856549186));
#74 = CARTESIAN_POINT('',(505.11329112154,0.,31.25489400865));
#75 = CARTESIAN_POINT('',(524.6954869582,0.,29.751975054908));
#76 = CARTESIAN_POINT('',(544.1690361743,0.,28.182986059837));
#77 = CARTESIAN_POINT('',(563.53466571919,0.,26.558846695415));
#78 = CARTESIAN_POINT('',(582.79377941529,0.,24.886852304013));
#79 = CARTESIAN_POINT('',(601.94667562255,0.,23.170841139826));
#80 = CARTESIAN_POINT('',(620.99467801019,0.,21.409858718385));
#81 = CARTESIAN_POINT('',(639.9383552302,0.,19.599696154424));
#82 = CARTESIAN_POINT('',(658.77891225045,0.,17.732923979316));
#83 = CARTESIAN_POINT('',(677.516926002,0.,15.79986633771));
#84 = CARTESIAN_POINT('',(696.14463158751,0.,13.793310904764));
#85 = CARTESIAN_POINT('',(713.7282461794,0.,11.813060931727));
#86 = CARTESIAN_POINT('',(729.48940567016,0.,9.967513159694));
#87 = CARTESIAN_POINT('',(742.78851423424,0.,8.365958789587));
#88 = CARTESIAN_POINT('',(754.01759627852,0.,6.989420923504));
#89 = CARTESIAN_POINT('',(763.50447233598,0.,5.816057143259));
#90 = CARTESIAN_POINT('',(771.52345288215,0.,4.823450315186));
#91 = CARTESIAN_POINT('',(778.30416073983,0.,3.984155657543));
#92 = CARTESIAN_POINT('',(784.03971403111,0.,3.274129539512));
#93 = CARTESIAN_POINT('',(788.89253016448,0.,2.673535636962));
#94 = CARTESIAN_POINT('',(792.99968593946,0.,2.16515131996));
#95 = CARTESIAN_POINT('',(796.47629291355,0.,1.734919898775));
#96 = CARTESIAN_POINT('',(799.41975980394,0.,1.370581031243));
#97 = CARTESIAN_POINT('',(801.91208179776,0.,1.062047403366));
#98 = CARTESIAN_POINT('',(804.0225307337,0.,0.80086946734));
#99 = CARTESIAN_POINT('',(805.3098166429,0.,0.641448732638));
#100 = CARTESIAN_POINT('',(805.9,0.,0.56832068));
#101 = ORIENTED_EDGE('',*,*,#102,.T.);
#102 = EDGE_CURVE('',#24,#103,#105,.T.);
#103 = VERTEX_POINT('',#104);
#104 = CARTESIAN_POINT('',(1.143599927E+03,1.1963E+03,0.31939622216));
#105 = B_SPLINE_CURVE_WITH_KNOTS('',1,(#106,#107),.UNSPECIFIED.,.F.,.F.,
  (2,2),(0.,1.),.PIECEWISE_BEZIER_KNOTS.);
#106 = CARTESIAN_POINT('',(805.9,-1.3E-16,0.56832068));
#107 = CARTESIAN_POINT('',(1.143599927E+03,1.1963E+03,0.31939622216));
#108 = ORIENTED_EDGE('',*,*,#109,.F.);
#109 = EDGE_CURVE('',#110,#103,#112,.T.);
#110 = VERTEX_POINT('',#111);
#111 = CARTESIAN_POINT('',(690.684127,1.1963E+03,0.));
#112 = B_SPLINE_CURVE_WITH_KNOTS('',3,(#113,#114,#115,#116,#117,#118,
    #119,#120,#121,#122,#123,#124,#125,#126,#127,#128,#129,#130,#131,
    #132,#133,#134,#135,#136,#137,#138,#139,#140,#141,#142,#143,#144,
    #145,#146,#147,#148,#149,#150,#151,#152,#153,#154,#155,#156,#157,
    #158,#159,#160,#161,#162,#163,#164,#165,#166,#167,#168,#169,#170,
    #171,#172,#173,#174,#175,#176,#177,#178,#179,#180,#181,#182,#183,
    #184,#185,#186),.UNSPECIFIED.,.F.,.F.,(4,1,1,1,1,1,1,1,1,1,1,1,1,1,1
    ,1,1,1,1,1,1,1,1,1,1,1,1,1,1,1,1,1,1,1,1,1,1,1,1,1,1,1,1,1,1,1,1,1,1
    ,1,1,1,1,1,1,1,1,1,1,1,1,1,1,1,1,1,1,1,1,1,1,4),(0.,0.31323514291,
    0.653862649666,1.02510302206,1.43110820686,1.876946486479,
    2.368404285742,2.912671802432,3.518131656376,4.19544630785,
    4.956760172824,5.815980614466,6.790170526118,7.898404097223,
    9.162454438027,10.611537405318,12.27777354743,14.206410848269,
    16.454243619627,19.092518221626,22.214068062575,25.923535094356,
    30.34458325357,35.611258430491,41.873750062863,49.307681727573,
    58.116524958769,68.537706389647,80.847608531794,93.071572451097,
    105.21651847105,117.28571244824,129.28087492049,141.20352383678,
    153.05492132242,164.83637965397,176.54961537994,188.19513713131,
    199.77520665171,211.291818292,222.744833987,234.13595476554,
    245.46724890696,256.73922168224,267.95180051601,279.10546634241,
    290.20109027098,301.23872082136,312.21805108407,323.13982145079,
    334.00374618129,344.81101035671,355.56091274294,366.25558253532,
    376.89547601234,387.48156121445,398.01544155886,408.48335501911,
    417.31482234215,424.77024647583,431.06762823271,436.38876926091,
    440.88699501273,444.69081269081,447.90828507065,450.63095318446,
    452.93508331463,454.88579625853,456.53722442757,457.93564111785,
    459.11992668542,460.12258523587),.UNSPECIFIED.);
#113 = CARTESIAN_POINT('',(690.684127,1.1963E+03,0.));
#114 = CARTESIAN_POINT('',(690.68421947442,1.1963E+03,0.104426481983));
#115 = CARTESIAN_POINT('',(690.68946451793,1.1963E+03,0.322386011559));
#116 = CARTESIAN_POINT('',(690.7137778,1.1963E+03,0.663350604581));
#117 = CARTESIAN_POINT('',(690.75811136685,1.1963E+03,1.033492306712));
#118 = CARTESIAN_POINT('',(690.82908852815,1.1963E+03,1.435194554392));
#119 = CARTESIAN_POINT('',(690.9329516924,1.1963E+03,1.871023667884));
#120 = CARTESIAN_POINT('',(691.07662798318,1.1963E+03,2.343853668169));
#121 = CARTESIAN_POINT('',(691.26892776934,1.1963E+03,2.856405895829));
#122 = CARTESIAN_POINT('',(691.51974594756,1.1963E+03,3.411878095973));
#123 = CARTESIAN_POINT('',(691.84313400462,1.1963E+03,4.012261210331));
#124 = CARTESIAN_POINT('',(692.25383354166,1.1963E+03,4.659561864632));
#125 = CARTESIAN_POINT('',(692.76903782851,1.1963E+03,5.355248021134));
#126 = CARTESIAN_POINT('',(693.41101126218,1.1963E+03,6.097699564343));
#127 = CARTESIAN_POINT('',(694.20438055449,1.1963E+03,6.883428055959));
#128 = CARTESIAN_POINT('',(695.1783248154,1.1963E+03,7.706595232866));
#129 = CARTESIAN_POINT('',(696.37064332292,1.1963E+03,8.551918096346));
#130 = CARTESIAN_POINT('',(697.82214500873,1.1963E+03,9.404628688692));
#131 = CARTESIAN_POINT('',(699.58463808093,1.1963E+03,10.239262155039));
#132 = CARTESIAN_POINT('',(701.71630065313,1.1963E+03,11.031658336169));
#133 = CARTESIAN_POINT('',(704.28508896436,1.1963E+03,11.765181655801));
#134 = CARTESIAN_POINT('',(707.37000902892,1.1963E+03,12.439924606014));
#135 = CARTESIAN_POINT('',(711.06417440594,1.1963E+03,13.091247293269));
#136 = CARTESIAN_POINT('',(715.47544360046,1.1963E+03,13.787039278582));
#137 = CARTESIAN_POINT('',(720.73602788315,1.1963E+03,14.558651596036));
#138 = CARTESIAN_POINT('',(727.00237401989,1.1963E+03,15.389930513459));
#139 = CARTESIAN_POINT('',(734.45223054468,1.1963E+03,16.272929087388));
#140 = CARTESIAN_POINT('',(743.29293788974,1.1963E+03,17.191479575439));
#141 = CARTESIAN_POINT('',(753.76481334797,1.1963E+03,18.127881784538));
#142 = CARTESIAN_POINT('',(765.38388500733,1.1963E+03,19.003870044832));
#143 = CARTESIAN_POINT('',(777.58600885333,1.1963E+03,19.775660312783));
#144 = CARTESIAN_POINT('',(789.71508645264,1.1963E+03,20.420554578581));
#145 = CARTESIAN_POINT('',(801.7731069483,1.1963E+03,20.95605857132));
#146 = CARTESIAN_POINT('',(813.76098289614,1.1963E+03,21.391790491637));
#147 = CARTESIAN_POINT('',(825.67931964484,1.1963E+03,21.731941683626));
#148 = CARTESIAN_POINT('',(837.52873482358,1.1963E+03,21.977423054727));
#149 = CARTESIAN_POINT('',(849.30995332321,1.1963E+03,22.126729106498));
#150 = CARTESIAN_POINT('',(861.02338134284,1.1963E+03,22.177391798391));
#151 = CARTESIAN_POINT('',(872.66971956116,1.1963E+03,22.129611659392));
#152 = CARTESIAN_POINT('',(884.24955621858,1.1963E+03,21.974513910049));
#153 = CARTESIAN_POINT('',(895.76363874774,1.1963E+03,21.728764894421));
#154 = CARTESIAN_POINT('',(907.21202653544,1.1963E+03,21.378744814332));
#155 = CARTESIAN_POINT('',(918.59536423432,1.1963E+03,20.93632154815));
#156 = CARTESIAN_POINT('',(929.91450488922,1.1963E+03,20.405577048812));
#157 = CARTESIAN_POINT('',(941.16996728467,1.1963E+03,19.794433859455));
#158 = CARTESIAN_POINT('',(952.36193932005,1.1963E+03,19.111076561531));
#159 = CARTESIAN_POINT('',(963.49096996378,1.1963E+03,18.364955380643));
#160 = CARTESIAN_POINT('',(974.5577966103,1.1963E+03,17.565250432862));
#161 = CARTESIAN_POINT('',(985.56299067051,1.1963E+03,16.720609980858));
#162 = CARTESIAN_POINT('',(996.50712532995,1.1963E+03,15.838838165628));
#163 = CARTESIAN_POINT('',(1.007390609134E+03,1.1963E+03,14.926071842823
    ));
#164 = CARTESIAN_POINT('',(1.018214231031E+03,1.1963E+03,13.986410994855
    ));
#165 = CARTESIAN_POINT('',(1.0289781587E+03,1.1963E+03,13.022012720582)
  );
#166 = CARTESIAN_POINT('',(1.039683136042E+03,1.1963E+03,12.032340599732
    ));
#167 = CARTESIAN_POINT('',(1.050329482639E+03,1.1963E+03,11.015029238786
    ));
#168 = CARTESIAN_POINT('',(1.060917875685E+03,1.1963E+03,9.965903276376)
  );
#169 = CARTESIAN_POINT('',(1.071448639413E+03,1.1963E+03,8.879524881793)
  );
#170 = CARTESIAN_POINT('',(1.081917409952E+03,1.1963E+03,7.751840728477)
  );
#171 = CARTESIAN_POINT('',(1.091799401353E+03,1.1963E+03,6.638940243631)
  );
#172 = CARTESIAN_POINT('',(1.100657172987E+03,1.1963E+03,5.601742395748)
  );
#173 = CARTESIAN_POINT('',(1.108131272E+03,1.1963E+03,4.701668839748));
#174 = CARTESIAN_POINT('',(1.114442016109E+03,1.1963E+03,3.928054559009)
  );
#175 = CARTESIAN_POINT('',(1.119773640453E+03,1.1963E+03,3.268624114512)
  );
#176 = CARTESIAN_POINT('',(1.12428030752E+03,1.1963E+03,2.710779077135)
  );
#177 = CARTESIAN_POINT('',(1.128091065336E+03,1.1963E+03,2.239095479539)
  );
#178 = CARTESIAN_POINT('',(1.131314446285E+03,1.1963E+03,1.840060801206)
  );
#179 = CARTESIAN_POINT('',(1.134041728952E+03,1.1963E+03,1.502527027973)
  );
#180 = CARTESIAN_POINT('',(1.136349950498E+03,1.1963E+03,1.216815041818)
  );
#181 = CARTESIAN_POINT('',(1.138303803617E+03,1.1963E+03,0.975024983111)
  );
#182 = CARTESIAN_POINT('',(1.13995803201E+03,1.1963E+03,0.770266539559)
  );
#183 = CARTESIAN_POINT('',(1.14135871697E+03,1.1963E+03,0.596870640692)
  );
#184 = CARTESIAN_POINT('',(1.142544789272E+03,1.1963E+03,0.450088640645)
  );
#185 = CARTESIAN_POINT('',(1.143268243953E+03,1.1963E+03,0.360494187743)
  );
#186 = CARTESIAN_POINT('',(1.143599927E+03,1.1963E+03,0.31939622216));
#187 = ORIENTED_EDGE('',*,*,#188,.F.);
#188 = EDGE_CURVE('',#22,#110,#189,.T.);
#189 = B_SPLINE_CURVE_WITH_KNOTS('',1,(#190,#191),.UNSPECIFIED.,.F.,.F.,
  (2,2),(0.,1.),.PIECEWISE_BEZIER_KNOTS.);
#190 = CARTESIAN_POINT('',(0.,0.,0.));
#191 = CARTESIAN_POINT('',(690.684127,1.1963E+03,0.));
#192 = B_SPLINE_SURFACE_WITH_KNOTS('',3,1,(
    (#193,#194)
    ,(#195,#196)
    ,(#197,#198)
    ,(#199,#200)
    ,(#201,#202)
    ,(#203,#204)
    ,(#205,#206)
    ,(#207,#208)
    ,(#209,#210)
    ,(#211,#212)
    ,(#213,#214)
    ,(#215,#216)
    ,(#217,#218)
    ,(#219,#220)
    ,(#221,#222)
    ,(#223,#224)
    ,(#225,#226)
    ,(#227,#228)
    ,(#229,#230)
    ,(#231,#232)
    ,(#233,#234)
    ,(#235,#236)
    ,(#237,#238)
    ,(#239,#240)
    ,(#241,#242)
    ,(#243,#244)
    ,(#245,#246)
    ,(#247,#248)
    ,(#249,#250)
    ,(#251,#252)
    ,(#253,#254)
    ,(#255,#256)
    ,(#257,#258)
    ,(#259,#260)
    ,(#261,#262)
    ,(#263,#264)
    ,(#265,#266)
    ,(#267,#268)
    ,(#269,#270)
    ,(#271,#272)
    ,(#273,#274)
    ,(#275,#276)
    ,(#277,#278)
    ,(#279,#280)
    ,(#281,#282)
    ,(#283,#284)
    ,(#285,#286)
    ,(#287,#288)
    ,(#289,#290)
    ,(#291,#292)
    ,(#293,#294)
    ,(#295,#296)
    ,(#297,#298)
    ,(#299,#300)
    ,(#301,#302)
    ,(#303,#304)
    ,(#305,#306)
    ,(#307,#308)
    ,(#309,#310)
    ,(#311,#312)
    ,(#313,#314)
    ,(#315,#316)
    ,(#317,#318)
    ,(#319,#320)
    ,(#321,#322)
    ,(#323,#324)
    ,(#325,#326)
    ,(#327,#328)
    ,(#329,#330)
    ,(#331,#332)
    ,(#333,#334)
    ,(#335,#336)
    ,(#337,#338)
    ,(#339,#340
    )),.UNSPECIFIED.,.F.,.F.,.F.,(4,1,1,1,1,1,1,1,1,1,1,1,1,1,1,1,1,1,1,
    1,1,1,1,1,1,1,1,1,1,1,1,1,1,1,1,1,1,1,1,1,1,1,1,1,1,1,1,1,1,1,1,1,1,
    1,1,1,1,1,1,1,1,1,1,1,1,1,1,1,1,1,1,4),(2,2),(0.,0.557357905534,
    1.163456672004,1.824026729645,2.546455884093,3.339762431457,
    4.21424250132,5.182690039914,6.260020740882,7.46520695347,
    8.819857958762,10.348719954566,12.082153961064,14.054099817123,
    16.303299711792,18.88173915537,21.846572148451,25.278311117916,
    29.278013558055,33.972452351648,39.526811499244,46.127286644761,
    53.993920380018,63.365228524006,74.508452069151,87.736088483227,
    103.41018675937,121.95321421645,143.8569546829,165.60778016209,
    187.21800439689,208.69343852,230.03714398664,251.25182177363,
    272.33971765556,293.30316664408,314.14522309598,334.8667920486,
    355.47189795678,375.96408948755,396.34312097332,416.61201915577,
    436.77446424727,456.83135530649,476.78256319575,496.62894366978,
    516.37204674551,536.01195875688,555.54813360156,574.98188870248,
    594.31271562508,613.54272305465,632.67066324367,651.70032479594,
    670.63251959492,689.46897013248,708.21252946417,726.83870999842,
    742.55306466575,755.81894390717,767.0242495244,776.4924719945,
    784.49643240699,791.26479126479,796.98983108657,801.83443627129,
    805.93431194774,809.40533142087,812.34381570742,814.83210163319,
    816.93937132638,818.72346127379),(0.,1.),.UNSPECIFIED.);
#193 = CARTESIAN_POINT('',(0.,0.,0.));
#194 = CARTESIAN_POINT('',(690.684127,1.1963E+03,0.));
#195 = CARTESIAN_POINT('',(1.645452314586E-04,-4.E-17,0.185812245522));
#196 = CARTESIAN_POINT('',(690.68421947442,1.1963E+03,0.104426481983));
#197 = CARTESIAN_POINT('',(9.497362872466E-03,-1.3E-16,0.573640589962));
#198 = CARTESIAN_POINT('',(690.68946451793,1.1963E+03,0.322386011559));
#199 = CARTESIAN_POINT('',(5.27594306197E-02,-2.6E-16,1.180339154059));
#200 = CARTESIAN_POINT('',(690.7137778,1.1963E+03,0.663350604581));
#201 = CARTESIAN_POINT('',(0.131644780881,-4.1E-16,1.838954282407));
#202 = CARTESIAN_POINT('',(690.75811136685,1.1963E+03,1.033492306712));
#203 = CARTESIAN_POINT('',(0.257938662191,-5.7E-16,2.55372696511));
#204 = CARTESIAN_POINT('',(690.82908852815,1.1963E+03,1.435194554392));
#205 = CARTESIAN_POINT('',(0.442748562989,-7.4E-16,3.329223608335));
#206 = CARTESIAN_POINT('',(690.9329516924,1.1963E+03,1.871023667884));
#207 = CARTESIAN_POINT('',(0.698400325954,-9.3E-16,4.170558128415));
#208 = CARTESIAN_POINT('',(691.07662798318,1.1963E+03,2.343853668169));
#209 = CARTESIAN_POINT('',(1.040570763952,-1.13E-15,5.082572768379));
#210 = CARTESIAN_POINT('',(691.26892776934,1.1963E+03,2.856405895829));
#211 = CARTESIAN_POINT('',(1.486866454746,-1.35E-15,6.070957466145));
#212 = CARTESIAN_POINT('',(691.51974594756,1.1963E+03,3.411878095973));
#213 = CARTESIAN_POINT('',(2.062290043809,-1.59E-15,7.139254822653));
#214 = CARTESIAN_POINT('',(691.84313400462,1.1963E+03,4.012261210331));
#215 = CARTESIAN_POINT('',(2.793072138196,-1.84E-15,8.291035346321));
#216 = CARTESIAN_POINT('',(692.25383354166,1.1963E+03,4.659561864632));
#217 = CARTESIAN_POINT('',(3.709805744691,-2.12E-15,9.528911069633));
#218 = CARTESIAN_POINT('',(692.76903782851,1.1963E+03,5.355248021134));
#219 = CARTESIAN_POINT('',(4.852107228094,-2.41E-15,10.849999224809));
#220 = CARTESIAN_POINT('',(693.41101126218,1.1963E+03,6.097699564343));
#221 = CARTESIAN_POINT('',(6.263796360306,-2.72E-15,12.248092626261));
#222 = CARTESIAN_POINT('',(694.20438055449,1.1963E+03,6.883428055959));
#223 = CARTESIAN_POINT('',(7.996793265844,-3.04E-15,13.712802905456));
#224 = CARTESIAN_POINT('',(695.1783248154,1.1963E+03,7.706595232866));
#225 = CARTESIAN_POINT('',(10.118356446478,-3.38E-15,15.216936114494));
#226 = CARTESIAN_POINT('',(696.37064332292,1.1963E+03,8.551918096346));
#227 = CARTESIAN_POINT('',(12.701099659662,-3.72E-15,16.734214748563));
#228 = CARTESIAN_POINT('',(697.82214500873,1.1963E+03,9.404628688692));
#229 = CARTESIAN_POINT('',(15.837208329066,-4.05E-15,18.219327678005));
#230 = CARTESIAN_POINT('',(699.58463808093,1.1963E+03,10.239262155039));
#231 = CARTESIAN_POINT('',(19.630202229775,-4.36E-15,19.629285295674));
#232 = CARTESIAN_POINT('',(701.71630065313,1.1963E+03,11.031658336169));
#233 = CARTESIAN_POINT('',(24.200999936591,-4.65E-15,20.93448693203));
#234 = CARTESIAN_POINT('',(704.28508896436,1.1963E+03,11.765181655801));
#235 = CARTESIAN_POINT('',(29.690181546128,-4.91E-15,22.135097163726));
#236 = CARTESIAN_POINT('',(707.37000902892,1.1963E+03,12.439924606014));
#237 = CARTESIAN_POINT('',(36.263429547937,-5.17E-15,23.294034329661));
#238 = CARTESIAN_POINT('',(711.06417440594,1.1963E+03,13.091247293269));
#239 = CARTESIAN_POINT('',(44.112662990157,-5.45E-15,24.532098360467));
#240 = CARTESIAN_POINT('',(715.47544360046,1.1963E+03,13.787039278582));
#241 = CARTESIAN_POINT('',(53.473133244041,-5.75E-15,25.905074014298));
#242 = CARTESIAN_POINT('',(720.73602788315,1.1963E+03,14.558651596036));
#243 = CARTESIAN_POINT('',(64.623215337882,-6.08E-15,27.384217995479));
#244 = CARTESIAN_POINT('',(727.00237401989,1.1963E+03,15.389930513459));
#245 = CARTESIAN_POINT('',(77.879187801936,-6.43E-15,28.955389835209));
#246 = CARTESIAN_POINT('',(734.45223054468,1.1963E+03,16.272929087388));
#247 = CARTESIAN_POINT('',(93.609983789584,-6.79E-15,30.589821308611));
#248 = CARTESIAN_POINT('',(743.29293788974,1.1963E+03,17.191479575439));
#249 = CARTESIAN_POINT('',(112.24321414231,-7.16E-15,32.25601741021));
#250 = CARTESIAN_POINT('',(753.76481334797,1.1963E+03,18.127881784538));
#251 = CARTESIAN_POINT('',(132.91771887425,-7.51E-15,33.814715382263));
#252 = CARTESIAN_POINT('',(765.38388500733,1.1963E+03,19.003870044832));
#253 = CARTESIAN_POINT('',(154.62968301304,-7.81E-15,35.188007673991));
#254 = CARTESIAN_POINT('',(777.58600885333,1.1963E+03,19.775660312783));
#255 = CARTESIAN_POINT('',(176.21167162392,-8.07E-15,36.335506367583));
#256 = CARTESIAN_POINT('',(789.71508645264,1.1963E+03,20.420554578581));
#257 = CARTESIAN_POINT('',(197.66722410731,-8.28E-15,37.288360447188));
#258 = CARTESIAN_POINT('',(801.7731069483,1.1963E+03,20.95605857132));
#259 = CARTESIAN_POINT('',(218.99796422801,-8.45E-15,38.063684148821));
#260 = CARTESIAN_POINT('',(813.76098289614,1.1963E+03,21.391790491637));
#261 = CARTESIAN_POINT('',(240.20496911893,-8.59E-15,38.668935380118));
#262 = CARTESIAN_POINT('',(825.67931964484,1.1963E+03,21.731941683626));
#263 = CARTESIAN_POINT('',(261.28933776438,-8.68E-15,39.105734972824));
#264 = CARTESIAN_POINT('',(837.52873482358,1.1963E+03,21.977423054727));
#265 = CARTESIAN_POINT('',(282.25236000572,-8.74E-15,39.371404104089));
#266 = CARTESIAN_POINT('',(849.30995332321,1.1963E+03,22.126729106498));
#267 = CARTESIAN_POINT('',(303.09475861715,-8.76E-15,39.461551242689));
#268 = CARTESIAN_POINT('',(861.02338134284,1.1963E+03,22.177391798391));
#269 = CARTESIAN_POINT('',(323.81778035794,-8.74E-15,39.376533201765));
#270 = CARTESIAN_POINT('',(872.66971956116,1.1963E+03,22.129611659392));
#271 = CARTESIAN_POINT('',(344.42247191918,-8.68E-15,39.100558558806));
#272 = CARTESIAN_POINT('',(884.24955621858,1.1963E+03,21.974513910049));
#273 = CARTESIAN_POINT('',(364.91016325221,-8.58E-15,38.663282730287));
#274 = CARTESIAN_POINT('',(895.76363874774,1.1963E+03,21.728764894421));
#275 = CARTESIAN_POINT('',(385.28096002748,-8.45E-15,38.040471199879));
#276 = CARTESIAN_POINT('',(907.21202653544,1.1963E+03,21.378744814332));
#277 = CARTESIAN_POINT('',(405.53600931375,-8.27E-15,37.253241188879));
#278 = CARTESIAN_POINT('',(918.59536423432,1.1963E+03,20.93632154815));
#279 = CARTESIAN_POINT('',(425.67682898438,-8.06E-15,36.30885595874));
#280 = CARTESIAN_POINT('',(929.91450488922,1.1963E+03,20.405577048812));
#281 = CARTESIAN_POINT('',(445.70434214354,-7.82E-15,35.221412561307));
#282 = CARTESIAN_POINT('',(941.16996728467,1.1963E+03,19.794433859455));
#283 = CARTESIAN_POINT('',(465.61888313177,-7.55E-15,34.005474308774));
#284 = CARTESIAN_POINT('',(952.36193932005,1.1963E+03,19.111076561531));
#285 = CARTESIAN_POINT('',(485.42142876117,-7.26E-15,32.677856549186));
#286 = CARTESIAN_POINT('',(963.49096996378,1.1963E+03,18.364955380643));
#287 = CARTESIAN_POINT('',(505.11329112154,-6.94E-15,31.25489400865));
#288 = CARTESIAN_POINT('',(974.5577966103,1.1963E+03,17.565250432862));
#289 = CARTESIAN_POINT('',(524.6954869582,-6.61E-15,29.751975054908));
#290 = CARTESIAN_POINT('',(985.56299067051,1.1963E+03,16.720609980858));
#291 = CARTESIAN_POINT('',(544.1690361743,-6.26E-15,28.182986059837));
#292 = CARTESIAN_POINT('',(996.50712532995,1.1963E+03,15.838838165628));
#293 = CARTESIAN_POINT('',(563.53466571919,-5.9E-15,26.558846695415));
#294 = CARTESIAN_POINT('',(1.007390609134E+03,1.1963E+03,14.926071842823
    ));
#295 = CARTESIAN_POINT('',(582.79377941529,-5.53E-15,24.886852304013));
#296 = CARTESIAN_POINT('',(1.018214231031E+03,1.1963E+03,13.986410994855
    ));
#297 = CARTESIAN_POINT('',(601.94667562255,-5.14E-15,23.170841139826));
#298 = CARTESIAN_POINT('',(1.0289781587E+03,1.1963E+03,13.022012720582)
  );
#299 = CARTESIAN_POINT('',(620.99467801019,-4.75E-15,21.409858718385));
#300 = CARTESIAN_POINT('',(1.039683136042E+03,1.1963E+03,12.032340599732
    ));
#301 = CARTESIAN_POINT('',(639.9383552302,-4.35E-15,19.599696154424));
#302 = CARTESIAN_POINT('',(1.050329482639E+03,1.1963E+03,11.015029238786
    ));
#303 = CARTESIAN_POINT('',(658.77891225045,-3.94E-15,17.732923979316));
#304 = CARTESIAN_POINT('',(1.060917875685E+03,1.1963E+03,9.965903276376)
  );
#305 = CARTESIAN_POINT('',(677.516926002,-3.51E-15,15.79986633771));
#306 = CARTESIAN_POINT('',(1.071448639413E+03,1.1963E+03,8.879524881793)
  );
#307 = CARTESIAN_POINT('',(696.14463158751,-3.06E-15,13.793310904764));
#308 = CARTESIAN_POINT('',(1.081917409952E+03,1.1963E+03,7.751840728477)
  );
#309 = CARTESIAN_POINT('',(713.7282461794,-2.62E-15,11.813060931727));
#310 = CARTESIAN_POINT('',(1.091799401353E+03,1.1963E+03,6.638940243631)
  );
#311 = CARTESIAN_POINT('',(729.48940567016,-2.21E-15,9.967513159694));
#312 = CARTESIAN_POINT('',(1.100657172987E+03,1.1963E+03,5.601742395748)
  );
#313 = CARTESIAN_POINT('',(742.78851423424,-1.86E-15,8.365958789587));
#314 = CARTESIAN_POINT('',(1.108131272E+03,1.1963E+03,4.701668839748));
#315 = CARTESIAN_POINT('',(754.01759627852,-1.55E-15,6.989420923504));
#316 = CARTESIAN_POINT('',(1.114442016109E+03,1.1963E+03,3.928054559009)
  );
#317 = CARTESIAN_POINT('',(763.50447233598,-1.29E-15,5.816057143259));
#318 = CARTESIAN_POINT('',(1.119773640453E+03,1.1963E+03,3.268624114512)
  );
#319 = CARTESIAN_POINT('',(771.52345288215,-1.07E-15,4.823450315186));
#320 = CARTESIAN_POINT('',(1.12428030752E+03,1.1963E+03,2.710779077135)
  );
#321 = CARTESIAN_POINT('',(778.30416073983,-8.8E-16,3.984155657543));
#322 = CARTESIAN_POINT('',(1.128091065336E+03,1.1963E+03,2.239095479539)
  );
#323 = CARTESIAN_POINT('',(784.03971403111,-7.3E-16,3.274129539512));
#324 = CARTESIAN_POINT('',(1.131314446285E+03,1.1963E+03,1.840060801206)
  );
#325 = CARTESIAN_POINT('',(788.89253016448,-5.9E-16,2.673535636962));
#326 = CARTESIAN_POINT('',(1.134041728952E+03,1.1963E+03,1.502527027973)
  );
#327 = CARTESIAN_POINT('',(792.99968593946,-4.8E-16,2.16515131996));
#328 = CARTESIAN_POINT('',(1.136349950498E+03,1.1963E+03,1.216815041818)
  );
#329 = CARTESIAN_POINT('',(796.47629291355,-3.9E-16,1.734919898775));
#330 = CARTESIAN_POINT('',(1.138303803617E+03,1.1963E+03,0.975024983111)
  );
#331 = CARTESIAN_POINT('',(799.41975980394,-3.E-16,1.370581031243));
#332 = CARTESIAN_POINT('',(1.13995803201E+03,1.1963E+03,0.770266539559)
  );
#333 = CARTESIAN_POINT('',(801.91208179776,-2.4E-16,1.062047403366));
#334 = CARTESIAN_POINT('',(1.14135871697E+03,1.1963E+03,0.596870640692)
  );
#335 = CARTESIAN_POINT('',(804.0225307337,-1.8E-16,0.80086946734));
#336 = CARTESIAN_POINT('',(1.142544789272E+03,1.1963E+03,0.450088640645)
  );
#337 = CARTESIAN_POINT('',(805.3098166429,-1.4E-16,0.641448732638));
#338 = CARTESIAN_POINT('',(1.143268243953E+03,1.1963E+03,0.360494187743)
  );
#339 = CARTESIAN_POINT('',(805.9,-1.3E-16,0.56832068));
#340 = CARTESIAN_POINT('',(1.143599927E+03,1.1963E+03,0.31939622216));
#341 = ADVANCED_FACE('',(#342),#366,.T.);
#342 = FACE_BOUND('',#343,.T.);
#343 = EDGE_LOOP('',(#344,#352,#359,#365));
#344 = ORIENTED_EDGE('',*,*,#345,.T.);
#345 = EDGE_CURVE('',#24,#346,#348,.T.);
#346 = VERTEX_POINT('',#347);
#347 = CARTESIAN_POINT('',(805.9,0.,-0.56832068));
#348 = LINE('',#349,#350);
#349 = CARTESIAN_POINT('',(805.9,0.,0.56832068));
#350 = VECTOR('',#351,1.);
#351 = DIRECTION('',(0.,0.,-1.));
#352 = ORIENTED_EDGE('',*,*,#353,.T.);
#353 = EDGE_CURVE('',#346,#354,#356,.T.);
#354 = VERTEX_POINT('',#355);
#355 = CARTESIAN_POINT('',(1.143599927E+03,1.1963E+03,-0.31939622216));
#356 = B_SPLINE_CURVE_WITH_KNOTS('',1,(#357,#358),.UNSPECIFIED.,.F.,.F.,
  (2,2),(0.,1.),.PIECEWISE_BEZIER_KNOTS.);
#357 = CARTESIAN_POINT('',(805.9,1.3E-16,-0.56832068));
#358 = CARTESIAN_POINT('',(1.143599927E+03,1.1963E+03,-0.31939622216));
#359 = ORIENTED_EDGE('',*,*,#360,.F.);
#360 = EDGE_CURVE('',#103,#354,#361,.T.);
#361 = LINE('',#362,#363);
#362 = CARTESIAN_POINT('',(1.143599927E+03,1.1963E+03,0.31939622216));
#363 = VECTOR('',#364,1.);
#364 = DIRECTION('',(0.,0.,-1.));
#365 = ORIENTED_EDGE('',*,*,#102,.F.);
#366 = B_SPLINE_SURFACE_WITH_KNOTS('',1,1,(
    (#367,#368)
    ,(#369,#370
  )),.UNSPECIFIED.,.F.,.F.,.F.,(2,2),(2,2),(0.,1.13664136),(0.,1.),
  .PIECEWISE_BEZIER_KNOTS.);
#367 = CARTESIAN_POINT('',(805.9,-1.3E-16,0.56832068));
#368 = CARTESIAN_POINT('',(1.143599927E+03,1.1963E+03,0.31939622216));
#369 = CARTESIAN_POINT('',(805.9,1.3E-16,-0.56832068));
#370 = CARTESIAN_POINT('',(1.143599927E+03,1.1963E+03,-0.31939622216));
#371 = ADVANCED_FACE('',(#372),#530,.T.);
#372 = FACE_BOUND('',#373,.T.);
#373 = EDGE_LOOP('',(#374,#451,#452,#529));
#374 = ORIENTED_EDGE('',*,*,#375,.F.);
#375 = EDGE_CURVE('',#22,#346,#376,.T.);
#376 = B_SPLINE_CURVE_WITH_KNOTS('',3,(#377,#378,#379,#380,#381,#382,
    #383,#384,#385,#386,#387,#388,#389,#390,#391,#392,#393,#394,#395,
    #396,#397,#398,#399,#400,#401,#402,#403,#404,#405,#406,#407,#408,
    #409,#410,#411,#412,#413,#414,#415,#416,#417,#418,#419,#420,#421,
    #422,#423,#424,#425,#426,#427,#428,#429,#430,#431,#432,#433,#434,
    #435,#436,#437,#438,#439,#440,#441,#442,#443,#444,#445,#446,#447,
    #448,#449,#450),.UNSPECIFIED.,.F.,.F.,(4,1,1,1,1,1,1,1,1,1,1,1,1,1,1
    ,1,1,1,1,1,1,1,1,1,1,1,1,1,1,1,1,1,1,1,1,1,1,1,1,1,1,1,1,1,1,1,1,1,1
    ,1,1,1,1,1,1,1,1,1,1,1,1,1,1,1,1,1,1,1,1,1,1,4),(0.,0.557357905534,
    1.163456672004,1.824026729645,2.546455884093,3.339762431457,
    4.21424250132,5.182690039914,6.260020740882,7.46520695347,
    8.819857958762,10.348719954566,12.082153961064,14.054099817123,
    16.303299711792,18.88173915537,21.846572148451,25.278311117916,
    29.278013558055,33.972452351648,39.526811499244,46.127286644761,
    53.993920380018,63.365228524006,74.508452069151,87.736088483227,
    103.41018675937,121.95321421645,143.8569546829,165.60778016209,
    187.21800439689,208.69343852,230.03714398664,251.25182177363,
    272.33971765556,293.30316664408,314.14522309598,334.8667920486,
    355.47189795678,375.96408948755,396.34312097332,416.61201915577,
    436.77446424727,456.83135530649,476.78256319575,496.62894366978,
    516.37204674551,536.01195875688,555.54813360156,574.98188870248,
    594.31271562508,613.54272305465,632.67066324367,651.70032479594,
    670.63251959492,689.46897013248,708.21252946417,726.83870999842,
    742.55306466575,755.81894390717,767.0242495244,776.4924719945,
    784.49643240699,791.26479126479,796.98983108657,801.83443627129,
    805.93431194774,809.40533142087,812.34381570742,814.83210163319,
    816.93937132638,818.72346127379),.UNSPECIFIED.);
#377 = CARTESIAN_POINT('',(0.,0.,0.));
#378 = CARTESIAN_POINT('',(1.645452314586E-04,0.,-0.185812245522));
#379 = CARTESIAN_POINT('',(9.497362872466E-03,0.,-0.573640589962));
#380 = CARTESIAN_POINT('',(5.27594306197E-02,0.,-1.180339154059));
#381 = CARTESIAN_POINT('',(0.131644780881,0.,-1.838954282407));
#382 = CARTESIAN_POINT('',(0.257938662191,0.,-2.55372696511));
#383 = CARTESIAN_POINT('',(0.442748562989,0.,-3.329223608335));
#384 = CARTESIAN_POINT('',(0.698400325954,0.,-4.170558128415));
#385 = CARTESIAN_POINT('',(1.040570763952,0.,-5.082572768379));
#386 = CARTESIAN_POINT('',(1.486866454746,0.,-6.070957466145));
#387 = CARTESIAN_POINT('',(2.062290043809,0.,-7.139254822653));
#388 = CARTESIAN_POINT('',(2.793072138196,0.,-8.291035346321));
#389 = CARTESIAN_POINT('',(3.709805744691,0.,-9.528911069633));
#390 = CARTESIAN_POINT('',(4.852107228094,0.,-10.8499992248));
#391 = CARTESIAN_POINT('',(6.263796360306,0.,-12.24809262626));
#392 = CARTESIAN_POINT('',(7.996793265844,0.,-13.71280290545));
#393 = CARTESIAN_POINT('',(10.118356446478,0.,-15.21693611449));
#394 = CARTESIAN_POINT('',(12.701099659662,0.,-16.73421474856));
#395 = CARTESIAN_POINT('',(15.837208329066,0.,-18.219327678));
#396 = CARTESIAN_POINT('',(19.630202229775,0.,-19.62928529567));
#397 = CARTESIAN_POINT('',(24.200999936591,0.,-20.93448693203));
#398 = CARTESIAN_POINT('',(29.690181546128,0.,-22.13509716372));
#399 = CARTESIAN_POINT('',(36.263429547937,0.,-23.29403432966));
#400 = CARTESIAN_POINT('',(44.112662990157,0.,-24.53209836046));
#401 = CARTESIAN_POINT('',(53.473133244041,0.,-25.90507401429));
#402 = CARTESIAN_POINT('',(64.623215337882,0.,-27.38421799547));
#403 = CARTESIAN_POINT('',(77.879187801936,0.,-28.9553898352));
#404 = CARTESIAN_POINT('',(93.609983789584,0.,-30.58982130861));
#405 = CARTESIAN_POINT('',(112.24321414231,0.,-32.25601741021));
#406 = CARTESIAN_POINT('',(132.91771887425,0.,-33.81471538226));
#407 = CARTESIAN_POINT('',(154.62968301304,0.,-35.18800767399));
#408 = CARTESIAN_POINT('',(176.21167162392,0.,-36.33550636758));
#409 = CARTESIAN_POINT('',(197.66722410731,0.,-37.28836044718));
#410 = CARTESIAN_POINT('',(218.99796422801,0.,-38.06368414882));
#411 = CARTESIAN_POINT('',(240.20496911893,0.,-38.66893538011));
#412 = CARTESIAN_POINT('',(261.28933776438,0.,-39.10573497282));
#413 = CARTESIAN_POINT('',(282.25236000572,0.,-39.37140410408));
#414 = CARTESIAN_POINT('',(303.09475861715,0.,-39.46155124268));
#415 = CARTESIAN_POINT('',(323.81778035794,0.,-39.37653320176));
#416 = CARTESIAN_POINT('',(344.42247191918,0.,-39.1005585588));
#417 = CARTESIAN_POINT('',(364.91016325221,0.,-38.66328273028));
#418 = CARTESIAN_POINT('',(385.28096002748,0.,-38.04047119987));
#419 = CARTESIAN_POINT('',(405.53600931375,0.,-37.25324118887));
#420 = CARTESIAN_POINT('',(425.67682898438,0.,-36.30885595874));
#421 = CARTESIAN_POINT('',(445.70434214354,0.,-35.2214125613));
#422 = CARTESIAN_POINT('',(465.61888313177,0.,-34.00547430877));
#423 = CARTESIAN_POINT('',(485.42142876117,0.,-32.67785654918));
#424 = CARTESIAN_POINT('',(505.11329112154,0.,-31.25489400865));
#425 = CARTESIAN_POINT('',(524.6954869582,0.,-29.7519750549));
#426 = CARTESIAN_POINT('',(544.1690361743,0.,-28.18298605983));
#427 = CARTESIAN_POINT('',(563.53466571919,0.,-26.55884669541));
#428 = CARTESIAN_POINT('',(582.79377941529,0.,-24.88685230401));
#429 = CARTESIAN_POINT('',(601.94667562255,0.,-23.17084113982));
#430 = CARTESIAN_POINT('',(620.99467801019,0.,-21.40985871838));
#431 = CARTESIAN_POINT('',(639.9383552302,0.,-19.59969615442));
#432 = CARTESIAN_POINT('',(658.77891225045,0.,-17.73292397931));
#433 = CARTESIAN_POINT('',(677.516926002,0.,-15.79986633771));
#434 = CARTESIAN_POINT('',(696.14463158751,0.,-13.79331090476));
#435 = CARTESIAN_POINT('',(713.7282461794,0.,-11.81306093172));
#436 = CARTESIAN_POINT('',(729.48940567016,0.,-9.967513159694));
#437 = CARTESIAN_POINT('',(742.78851423424,0.,-8.365958789587));
#438 = CARTESIAN_POINT('',(754.01759627852,0.,-6.989420923504));
#439 = CARTESIAN_POINT('',(763.50447233598,0.,-5.816057143259));
#440 = CARTESIAN_POINT('',(771.52345288215,0.,-4.823450315186));
#441 = CARTESIAN_POINT('',(778.30416073983,0.,-3.984155657543));
#442 = CARTESIAN_POINT('',(784.03971403111,0.,-3.274129539512));
#443 = CARTESIAN_POINT('',(788.89253016448,0.,-2.673535636962));
#444 = CARTESIAN_POINT('',(792.99968593946,0.,-2.16515131996));
#445 = CARTESIAN_POINT('',(796.47629291355,0.,-1.734919898775));
#446 = CARTESIAN_POINT('',(799.41975980394,0.,-1.370581031243));
#447 = CARTESIAN_POINT('',(801.91208179776,0.,-1.062047403366));
#448 = CARTESIAN_POINT('',(804.0225307337,0.,-0.80086946734));
#449 = CARTESIAN_POINT('',(805.3098166429,0.,-0.641448732638));
#450 = CARTESIAN_POINT('',(805.9,0.,-0.56832068));
#451 = ORIENTED_EDGE('',*,*,#188,.T.);
#452 = ORIENTED_EDGE('',*,*,#453,.T.);
#453 = EDGE_CURVE('',#110,#354,#454,.T.);
#454 = B_SPLINE_CURVE_WITH_KNOTS('',3,(#455,#456,#457,#458,#459,#460,
    #461,#462,#463,#464,#465,#466,#467,#468,#469,#470,#471,#472,#473,
    #474,#475,#476,#477,#478,#479,#480,#481,#482,#483,#484,#485,#486,
    #487,#488,#489,#490,#491,#492,#493,#494,#495,#496,#497,#498,#499,
    #500,#501,#502,#503,#504,#505,#506,#507,#508,#509,#510,#511,#512,
    #513,#514,#515,#516,#517,#518,#519,#520,#521,#522,#523,#524,#525,
    #526,#527,#528),.UNSPECIFIED.,.F.,.F.,(4,1,1,1,1,1,1,1,1,1,1,1,1,1,1
    ,1,1,1,1,1,1,1,1,1,1,1,1,1,1,1,1,1,1,1,1,1,1,1,1,1,1,1,1,1,1,1,1,1,1
    ,1,1,1,1,1,1,1,1,1,1,1,1,1,1,1,1,1,1,1,1,1,1,4),(0.,0.31323514291,
    0.653862649666,1.02510302206,1.43110820686,1.876946486479,
    2.368404285742,2.912671802432,3.518131656376,4.19544630785,
    4.956760172824,5.815980614466,6.790170526118,7.898404097223,
    9.162454438027,10.611537405318,12.27777354743,14.206410848269,
    16.454243619627,19.092518221626,22.214068062575,25.923535094356,
    30.34458325357,35.611258430491,41.873750062863,49.307681727573,
    58.116524958769,68.537706389647,80.847608531794,93.071572451097,
    105.21651847105,117.28571244824,129.28087492049,141.20352383678,
    153.05492132242,164.83637965397,176.54961537994,188.19513713131,
    199.77520665171,211.291818292,222.744833987,234.13595476554,
    245.46724890696,256.73922168224,267.95180051601,279.10546634241,
    290.20109027098,301.23872082136,312.21805108407,323.13982145079,
    334.00374618129,344.81101035671,355.56091274294,366.25558253532,
    376.89547601234,387.48156121445,398.01544155886,408.48335501911,
    417.31482234215,424.77024647583,431.06762823271,436.38876926091,
    440.88699501273,444.69081269081,447.90828507065,450.63095318446,
    452.93508331463,454.88579625853,456.53722442757,457.93564111785,
    459.11992668542,460.12258523587),.UNSPECIFIED.);
#455 = CARTESIAN_POINT('',(690.684127,1.1963E+03,0.));
#456 = CARTESIAN_POINT('',(690.68421947442,1.1963E+03,-0.104426481983));
#457 = CARTESIAN_POINT('',(690.68946451793,1.1963E+03,-0.322386011559));
#458 = CARTESIAN_POINT('',(690.7137778,1.1963E+03,-0.663350604581));
#459 = CARTESIAN_POINT('',(690.75811136685,1.1963E+03,-1.033492306712));
#460 = CARTESIAN_POINT('',(690.82908852815,1.1963E+03,-1.435194554392));
#461 = CARTESIAN_POINT('',(690.9329516924,1.1963E+03,-1.871023667884));
#462 = CARTESIAN_POINT('',(691.07662798318,1.1963E+03,-2.343853668169));
#463 = CARTESIAN_POINT('',(691.26892776934,1.1963E+03,-2.856405895829));
#464 = CARTESIAN_POINT('',(691.51974594756,1.1963E+03,-3.411878095973));
#465 = CARTESIAN_POINT('',(691.84313400462,1.1963E+03,-4.012261210331));
#466 = CARTESIAN_POINT('',(692.25383354166,1.1963E+03,-4.659561864632));
#467 = CARTESIAN_POINT('',(692.76903782851,1.1963E+03,-5.355248021134));
#468 = CARTESIAN_POINT('',(693.41101126218,1.1963E+03,-6.097699564343));
#469 = CARTESIAN_POINT('',(694.20438055449,1.1963E+03,-6.883428055959));
#470 = CARTESIAN_POINT('',(695.1783248154,1.1963E+03,-7.706595232866));
#471 = CARTESIAN_POINT('',(696.37064332292,1.1963E+03,-8.551918096346));
#472 = CARTESIAN_POINT('',(697.82214500873,1.1963E+03,-9.404628688692));
#473 = CARTESIAN_POINT('',(699.58463808093,1.1963E+03,-10.23926215503));
#474 = CARTESIAN_POINT('',(701.71630065313,1.1963E+03,-11.03165833616));
#475 = CARTESIAN_POINT('',(704.28508896436,1.1963E+03,-11.7651816558));
#476 = CARTESIAN_POINT('',(707.37000902892,1.1963E+03,-12.43992460601));
#477 = CARTESIAN_POINT('',(711.06417440594,1.1963E+03,-13.09124729326));
#478 = CARTESIAN_POINT('',(715.47544360046,1.1963E+03,-13.78703927858));
#479 = CARTESIAN_POINT('',(720.73602788315,1.1963E+03,-14.55865159603));
#480 = CARTESIAN_POINT('',(727.00237401989,1.1963E+03,-15.38993051345));
#481 = CARTESIAN_POINT('',(734.45223054468,1.1963E+03,-16.27292908738));
#482 = CARTESIAN_POINT('',(743.29293788974,1.1963E+03,-17.19147957543));
#483 = CARTESIAN_POINT('',(753.76481334797,1.1963E+03,-18.12788178453));
#484 = CARTESIAN_POINT('',(765.38388500733,1.1963E+03,-19.00387004483));
#485 = CARTESIAN_POINT('',(777.58600885333,1.1963E+03,-19.77566031278));
#486 = CARTESIAN_POINT('',(789.71508645264,1.1963E+03,-20.42055457858));
#487 = CARTESIAN_POINT('',(801.7731069483,1.1963E+03,-20.95605857132));
#488 = CARTESIAN_POINT('',(813.76098289614,1.1963E+03,-21.39179049163));
#489 = CARTESIAN_POINT('',(825.67931964484,1.1963E+03,-21.73194168362));
#490 = CARTESIAN_POINT('',(837.52873482358,1.1963E+03,-21.97742305472));
#491 = CARTESIAN_POINT('',(849.30995332321,1.1963E+03,-22.12672910649));
#492 = CARTESIAN_POINT('',(861.02338134284,1.1963E+03,-22.17739179839));
#493 = CARTESIAN_POINT('',(872.66971956116,1.1963E+03,-22.12961165939));
#494 = CARTESIAN_POINT('',(884.24955621858,1.1963E+03,-21.97451391004));
#495 = CARTESIAN_POINT('',(895.76363874774,1.1963E+03,-21.72876489442));
#496 = CARTESIAN_POINT('',(907.21202653544,1.1963E+03,-21.37874481433));
#497 = CARTESIAN_POINT('',(918.59536423432,1.1963E+03,-20.93632154815));
#498 = CARTESIAN_POINT('',(929.91450488922,1.1963E+03,-20.40557704881));
#499 = CARTESIAN_POINT('',(941.16996728467,1.1963E+03,-19.79443385945));
#500 = CARTESIAN_POINT('',(952.36193932005,1.1963E+03,-19.11107656153));
#501 = CARTESIAN_POINT('',(963.49096996378,1.1963E+03,-18.36495538064));
#502 = CARTESIAN_POINT('',(974.5577966103,1.1963E+03,-17.56525043286));
#503 = CARTESIAN_POINT('',(985.56299067051,1.1963E+03,-16.72060998085));
#504 = CARTESIAN_POINT('',(996.50712532995,1.1963E+03,-15.83883816562));
#505 = CARTESIAN_POINT('',(1.007390609134E+03,1.1963E+03,-14.92607184282
    ));
#506 = CARTESIAN_POINT('',(1.018214231031E+03,1.1963E+03,-13.98641099485
    ));
#507 = CARTESIAN_POINT('',(1.0289781587E+03,1.1963E+03,-13.02201272058)
  );
#508 = CARTESIAN_POINT('',(1.039683136042E+03,1.1963E+03,-12.03234059973
    ));
#509 = CARTESIAN_POINT('',(1.050329482639E+03,1.1963E+03,-11.01502923878
    ));
#510 = CARTESIAN_POINT('',(1.060917875685E+03,1.1963E+03,-9.965903276376
    ));
#511 = CARTESIAN_POINT('',(1.071448639413E+03,1.1963E+03,-8.879524881793
    ));
#512 = CARTESIAN_POINT('',(1.081917409952E+03,1.1963E+03,-7.751840728477
    ));
#513 = CARTESIAN_POINT('',(1.091799401353E+03,1.1963E+03,-6.638940243631
    ));
#514 = CARTESIAN_POINT('',(1.100657172987E+03,1.1963E+03,-5.601742395748
    ));
#515 = CARTESIAN_POINT('',(1.108131272E+03,1.1963E+03,-4.701668839748));
#516 = CARTESIAN_POINT('',(1.114442016109E+03,1.1963E+03,-3.928054559009
    ));
#517 = CARTESIAN_POINT('',(1.119773640453E+03,1.1963E+03,-3.268624114512
    ));
#518 = CARTESIAN_POINT('',(1.12428030752E+03,1.1963E+03,-2.710779077135)
  );
#519 = CARTESIAN_POINT('',(1.128091065336E+03,1.1963E+03,-2.239095479539
    ));
#520 = CARTESIAN_POINT('',(1.131314446285E+03,1.1963E+03,-1.840060801206
    ));
#521 = CARTESIAN_POINT('',(1.134041728952E+03,1.1963E+03,-1.502527027973
    ));
#522 = CARTESIAN_POINT('',(1.136349950498E+03,1.1963E+03,-1.216815041818
    ));
#523 = CARTESIAN_POINT('',(1.138303803617E+03,1.1963E+03,-0.975024983111
    ));
#524 = CARTESIAN_POINT('',(1.13995803201E+03,1.1963E+03,-0.770266539559)
  );
#525 = CARTESIAN_POINT('',(1.14135871697E+03,1.1963E+03,-0.596870640692)
  );
#526 = CARTESIAN_POINT('',(1.142544789272E+03,1.1963E+03,-0.450088640645
    ));
#527 = CARTESIAN_POINT('',(1.143268243953E+03,1.1963E+03,-0.360494187743
    ));
#528 = CARTESIAN_POINT('',(1.143599927E+03,1.1963E+03,-0.31939622216));
#529 = ORIENTED_EDGE('',*,*,#353,.F.);
#530 = B_SPLINE_SURFACE_WITH_KNOTS('',3,1,(
    (#531,#532)
    ,(#533,#534)
    ,(#535,#536)
    ,(#537,#538)
    ,(#539,#540)
    ,(#541,#542)
    ,(#543,#544)
    ,(#545,#546)
    ,(#547,#548)
    ,(#549,#550)
    ,(#551,#552)
    ,(#553,#554)
    ,(#555,#556)
    ,(#557,#558)
    ,(#559,#560)
    ,(#561,#562)
    ,(#563,#564)
    ,(#565,#566)
    ,(#567,#568)
    ,(#569,#570)
    ,(#571,#572)
    ,(#573,#574)
    ,(#575,#576)
    ,(#577,#578)
    ,(#579,#580)
    ,(#581,#582)
    ,(#583,#584)
    ,(#585,#586)
    ,(#587,#588)
    ,(#589,#590)
    ,(#591,#592)
    ,(#593,#594)
    ,(#595,#596)
    ,(#597,#598)
    ,(#599,#600)
    ,(#601,#602)
    ,(#603,#604)
    ,(#605,#606)
    ,(#607,#608)
    ,(#609,#610)
    ,(#611,#612)
    ,(#613,#614)
    ,(#615,#616)
    ,(#617,#618)
    ,(#619,#620)
    ,(#621,#622)
    ,(#623,#624)
    ,(#625,#626)
    ,(#627,#628)
    ,(#629,#630)
    ,(#631,#632)
    ,(#633,#634)
    ,(#635,#636)
    ,(#637,#638)
    ,(#639,#640)
    ,(#641,#642)
    ,(#643,#644)
    ,(#645,#646)
    ,(#647,#648)
    ,(#649,#650)
    ,(#651,#652)
    ,(#653,#654)
    ,(#655,#656)
    ,(#657,#658)
    ,(#659,#660)
    ,(#661,#662)
    ,(#663,#664)
    ,(#665,#666)
    ,(#667,#668)
    ,(#669,#670)
    ,(#671,#672)
    ,(#673,#674)
    ,(#675,#676)
    ,(#677,#678
    )),.UNSPECIFIED.,.F.,.F.,.F.,(4,1,1,1,1,1,1,1,1,1,1,1,1,1,1,1,1,1,1,
    1,1,1,1,1,1,1,1,1,1,1,1,1,1,1,1,1,1,1,1,1,1,1,1,1,1,1,1,1,1,1,1,1,1,
    1,1,1,1,1,1,1,1,1,1,1,1,1,1,1,1,1,1,4),(2,2),(0.,1.78408994741,
    3.891359640603,6.379645566371,9.318129852918,12.789149326047,
    16.8890250025,21.73363018722,27.458670009005,34.227028866796,
    42.230989279292,51.699211749394,62.904517366621,76.170396608045,
    91.884751275367,110.51093180961,129.2544911413,148.09094167887,
    167.02313647784,186.05279803012,205.18073821914,224.41074564871,
    243.74157257131,263.17532767223,282.71150251691,302.35141452827,
    322.09451760401,341.94089807804,361.8921059673,381.94899702652,
    402.11144211801,422.38034030046,442.75937178623,463.251563317,
    483.85666922518,504.5782381778,525.4202946297,546.38374361823,
    567.47163950016,588.68631728715,610.03002275379,631.50545687689,
    653.1156811117,674.86650659088,696.77024705734,715.31327451441,
    730.98737279056,744.21500920464,755.35823274978,764.72954089377,
    772.59617462903,779.19664977455,784.75100892214,789.44544771573,
    793.44515015587,796.87688912534,799.84172211842,802.420161562,
    804.66936145667,806.64130731273,808.37474131922,809.90360331503,
    811.25825432032,812.46344053291,813.54077123388,814.50921877247,
    815.38369884233,816.1770053897,816.89943454415,817.56000460179,
    818.16610336826,818.72346127379),(0.,1.),.UNSPECIFIED.);
#531 = CARTESIAN_POINT('',(805.9,1.3E-16,-0.56832068));
#532 = CARTESIAN_POINT('',(1.143599927E+03,1.1963E+03,-0.31939622216));
#533 = CARTESIAN_POINT('',(805.3098166429,1.4E-16,-0.641448732638));
#534 = CARTESIAN_POINT('',(1.143268243953E+03,1.1963E+03,-0.360494187743
    ));
#535 = CARTESIAN_POINT('',(804.0225307337,1.8E-16,-0.80086946734));
#536 = CARTESIAN_POINT('',(1.142544789272E+03,1.1963E+03,-0.450088640645
    ));
#537 = CARTESIAN_POINT('',(801.91208179776,2.4E-16,-1.062047403366));
#538 = CARTESIAN_POINT('',(1.14135871697E+03,1.1963E+03,-0.596870640692)
  );
#539 = CARTESIAN_POINT('',(799.41975980394,3.E-16,-1.370581031243));
#540 = CARTESIAN_POINT('',(1.13995803201E+03,1.1963E+03,-0.770266539559)
  );
#541 = CARTESIAN_POINT('',(796.47629291355,3.9E-16,-1.734919898775));
#542 = CARTESIAN_POINT('',(1.138303803617E+03,1.1963E+03,-0.975024983111
    ));
#543 = CARTESIAN_POINT('',(792.99968593946,4.8E-16,-2.16515131996));
#544 = CARTESIAN_POINT('',(1.136349950498E+03,1.1963E+03,-1.216815041818
    ));
#545 = CARTESIAN_POINT('',(788.89253016448,5.9E-16,-2.673535636962));
#546 = CARTESIAN_POINT('',(1.134041728952E+03,1.1963E+03,-1.502527027973
    ));
#547 = CARTESIAN_POINT('',(784.03971403111,7.3E-16,-3.274129539512));
#548 = CARTESIAN_POINT('',(1.131314446285E+03,1.1963E+03,-1.840060801206
    ));
#549 = CARTESIAN_POINT('',(778.30416073983,8.8E-16,-3.984155657543));
#550 = CARTESIAN_POINT('',(1.128091065336E+03,1.1963E+03,-2.239095479539
    ));
#551 = CARTESIAN_POINT('',(771.52345288215,1.07E-15,-4.823450315186));
#552 = CARTESIAN_POINT('',(1.12428030752E+03,1.1963E+03,-2.710779077135)
  );
#553 = CARTESIAN_POINT('',(763.50447233598,1.29E-15,-5.816057143259));
#554 = CARTESIAN_POINT('',(1.119773640453E+03,1.1963E+03,-3.268624114512
    ));
#555 = CARTESIAN_POINT('',(754.01759627852,1.55E-15,-6.989420923504));
#556 = CARTESIAN_POINT('',(1.114442016109E+03,1.1963E+03,-3.928054559009
    ));
#557 = CARTESIAN_POINT('',(742.78851423424,1.86E-15,-8.365958789587));
#558 = CARTESIAN_POINT('',(1.108131272E+03,1.1963E+03,-4.701668839748));
#559 = CARTESIAN_POINT('',(729.48940567016,2.21E-15,-9.967513159694));
#560 = CARTESIAN_POINT('',(1.100657172987E+03,1.1963E+03,-5.601742395748
    ));
#561 = CARTESIAN_POINT('',(713.7282461794,2.62E-15,-11.81306093172));
#562 = CARTESIAN_POINT('',(1.091799401353E+03,1.1963E+03,-6.638940243631
    ));
#563 = CARTESIAN_POINT('',(696.14463158751,3.06E-15,-13.79331090476));
#564 = CARTESIAN_POINT('',(1.081917409952E+03,1.1963E+03,-7.751840728477
    ));
#565 = CARTESIAN_POINT('',(677.516926002,3.51E-15,-15.79986633771));
#566 = CARTESIAN_POINT('',(1.071448639413E+03,1.1963E+03,-8.879524881793
    ));
#567 = CARTESIAN_POINT('',(658.77891225045,3.94E-15,-17.73292397931));
#568 = CARTESIAN_POINT('',(1.060917875685E+03,1.1963E+03,-9.965903276376
    ));
#569 = CARTESIAN_POINT('',(639.9383552302,4.35E-15,-19.59969615442));
#570 = CARTESIAN_POINT('',(1.050329482639E+03,1.1963E+03,-11.01502923878
    ));
#571 = CARTESIAN_POINT('',(620.99467801019,4.75E-15,-21.40985871838));
#572 = CARTESIAN_POINT('',(1.039683136042E+03,1.1963E+03,-12.03234059973
    ));
#573 = CARTESIAN_POINT('',(601.94667562255,5.14E-15,-23.17084113982));
#574 = CARTESIAN_POINT('',(1.0289781587E+03,1.1963E+03,-13.02201272058)
  );
#575 = CARTESIAN_POINT('',(582.79377941529,5.53E-15,-24.88685230401));
#576 = CARTESIAN_POINT('',(1.018214231031E+03,1.1963E+03,-13.98641099485
    ));
#577 = CARTESIAN_POINT('',(563.53466571919,5.9E-15,-26.55884669541));
#578 = CARTESIAN_POINT('',(1.007390609134E+03,1.1963E+03,-14.92607184282
    ));
#579 = CARTESIAN_POINT('',(544.1690361743,6.26E-15,-28.18298605983));
#580 = CARTESIAN_POINT('',(996.50712532995,1.1963E+03,-15.83883816562));
#581 = CARTESIAN_POINT('',(524.6954869582,6.61E-15,-29.7519750549));
#582 = CARTESIAN_POINT('',(985.56299067051,1.1963E+03,-16.72060998085));
#583 = CARTESIAN_POINT('',(505.11329112154,6.94E-15,-31.25489400865));
#584 = CARTESIAN_POINT('',(974.5577966103,1.1963E+03,-17.56525043286));
#585 = CARTESIAN_POINT('',(485.42142876117,7.26E-15,-32.67785654918));
#586 = CARTESIAN_POINT('',(963.49096996378,1.1963E+03,-18.36495538064));
#587 = CARTESIAN_POINT('',(465.61888313177,7.55E-15,-34.00547430877));
#588 = CARTESIAN_POINT('',(952.36193932005,1.1963E+03,-19.11107656153));
#589 = CARTESIAN_POINT('',(445.70434214354,7.82E-15,-35.2214125613));
#590 = CARTESIAN_POINT('',(941.16996728467,1.1963E+03,-19.79443385945));
#591 = CARTESIAN_POINT('',(425.67682898438,8.06E-15,-36.30885595874));
#592 = CARTESIAN_POINT('',(929.91450488922,1.1963E+03,-20.40557704881));
#593 = CARTESIAN_POINT('',(405.53600931375,8.27E-15,-37.25324118887));
#594 = CARTESIAN_POINT('',(918.59536423432,1.1963E+03,-20.93632154815));
#595 = CARTESIAN_POINT('',(385.28096002748,8.45E-15,-38.04047119987));
#596 = CARTESIAN_POINT('',(907.21202653544,1.1963E+03,-21.37874481433));
#597 = CARTESIAN_POINT('',(364.91016325221,8.58E-15,-38.66328273028));
#598 = CARTESIAN_POINT('',(895.76363874774,1.1963E+03,-21.72876489442));
#599 = CARTESIAN_POINT('',(344.42247191918,8.68E-15,-39.1005585588));
#600 = CARTESIAN_POINT('',(884.24955621858,1.1963E+03,-21.97451391004));
#601 = CARTESIAN_POINT('',(323.81778035794,8.74E-15,-39.37653320176));
#602 = CARTESIAN_POINT('',(872.66971956116,1.1963E+03,-22.12961165939));
#603 = CARTESIAN_POINT('',(303.09475861715,8.76E-15,-39.46155124268));
#604 = CARTESIAN_POINT('',(861.02338134284,1.1963E+03,-22.17739179839));
#605 = CARTESIAN_POINT('',(282.25236000572,8.74E-15,-39.37140410408));
#606 = CARTESIAN_POINT('',(849.30995332321,1.1963E+03,-22.12672910649));
#607 = CARTESIAN_POINT('',(261.28933776438,8.68E-15,-39.10573497282));
#608 = CARTESIAN_POINT('',(837.52873482358,1.1963E+03,-21.97742305472));
#609 = CARTESIAN_POINT('',(240.20496911893,8.59E-15,-38.66893538011));
#610 = CARTESIAN_POINT('',(825.67931964484,1.1963E+03,-21.73194168362));
#611 = CARTESIAN_POINT('',(218.99796422801,8.45E-15,-38.06368414882));
#612 = CARTESIAN_POINT('',(813.76098289614,1.1963E+03,-21.39179049163));
#613 = CARTESIAN_POINT('',(197.66722410731,8.28E-15,-37.28836044718));
#614 = CARTESIAN_POINT('',(801.7731069483,1.1963E+03,-20.95605857132));
#615 = CARTESIAN_POINT('',(176.21167162392,8.07E-15,-36.33550636758));
#616 = CARTESIAN_POINT('',(789.71508645264,1.1963E+03,-20.42055457858));
#617 = CARTESIAN_POINT('',(154.62968301304,7.81E-15,-35.18800767399));
#618 = CARTESIAN_POINT('',(777.58600885333,1.1963E+03,-19.77566031278));
#619 = CARTESIAN_POINT('',(132.91771887425,7.51E-15,-33.81471538226));
#620 = CARTESIAN_POINT('',(765.38388500733,1.1963E+03,-19.00387004483));
#621 = CARTESIAN_POINT('',(112.24321414231,7.16E-15,-32.25601741021));
#622 = CARTESIAN_POINT('',(753.76481334797,1.1963E+03,-18.12788178453));
#623 = CARTESIAN_POINT('',(93.609983789584,6.79E-15,-30.58982130861));
#624 = CARTESIAN_POINT('',(743.29293788974,1.1963E+03,-17.19147957543));
#625 = CARTESIAN_POINT('',(77.879187801936,6.43E-15,-28.9553898352));
#626 = CARTESIAN_POINT('',(734.45223054468,1.1963E+03,-16.27292908738));
#627 = CARTESIAN_POINT('',(64.623215337882,6.08E-15,-27.38421799547));
#628 = CARTESIAN_POINT('',(727.00237401989,1.1963E+03,-15.38993051345));
#629 = CARTESIAN_POINT('',(53.473133244041,5.75E-15,-25.90507401429));
#630 = CARTESIAN_POINT('',(720.73602788315,1.1963E+03,-14.55865159603));
#631 = CARTESIAN_POINT('',(44.112662990157,5.45E-15,-24.53209836046));
#632 = CARTESIAN_POINT('',(715.47544360046,1.1963E+03,-13.78703927858));
#633 = CARTESIAN_POINT('',(36.263429547937,5.17E-15,-23.29403432966));
#634 = CARTESIAN_POINT('',(711.06417440594,1.1963E+03,-13.09124729326));
#635 = CARTESIAN_POINT('',(29.690181546128,4.91E-15,-22.13509716372));
#636 = CARTESIAN_POINT('',(707.37000902892,1.1963E+03,-12.43992460601));
#637 = CARTESIAN_POINT('',(24.200999936591,4.65E-15,-20.93448693203));
#638 = CARTESIAN_POINT('',(704.28508896436,1.1963E+03,-11.7651816558));
#639 = CARTESIAN_POINT('',(19.630202229775,4.36E-15,-19.62928529567));
#640 = CARTESIAN_POINT('',(701.71630065313,1.1963E+03,-11.03165833616));
#641 = CARTESIAN_POINT('',(15.837208329066,4.05E-15,-18.219327678));
#642 = CARTESIAN_POINT('',(699.58463808093,1.1963E+03,-10.23926215503));
#643 = CARTESIAN_POINT('',(12.701099659662,3.72E-15,-16.73421474856));
#644 = CARTESIAN_POINT('',(697.82214500873,1.1963E+03,-9.404628688692));
#645 = CARTESIAN_POINT('',(10.118356446478,3.38E-15,-15.21693611449));
#646 = CARTESIAN_POINT('',(696.37064332292,1.1963E+03,-8.551918096346));
#647 = CARTESIAN_POINT('',(7.996793265844,3.04E-15,-13.71280290545));
#648 = CARTESIAN_POINT('',(695.1783248154,1.1963E+03,-7.706595232866));
#649 = CARTESIAN_POINT('',(6.263796360306,2.72E-15,-12.24809262626));
#650 = CARTESIAN_POINT('',(694.20438055449,1.1963E+03,-6.883428055959));
#651 = CARTESIAN_POINT('',(4.852107228094,2.41E-15,-10.8499992248));
#652 = CARTESIAN_POINT('',(693.41101126218,1.1963E+03,-6.097699564343));
#653 = CARTESIAN_POINT('',(3.709805744691,2.12E-15,-9.528911069633));
#654 = CARTESIAN_POINT('',(692.76903782851,1.1963E+03,-5.355248021134));
#655 = CARTESIAN_POINT('',(2.793072138196,1.84E-15,-8.291035346321));
#656 = CARTESIAN_POINT('',(692.25383354166,1.1963E+03,-4.659561864632));
#657 = CARTESIAN_POINT('',(2.062290043809,1.59E-15,-7.139254822653));
#658 = CARTESIAN_POINT('',(691.84313400462,1.1963E+03,-4.012261210331));
#659 = CARTESIAN_POINT('',(1.486866454746,1.35E-15,-6.070957466145));
#660 = CARTESIAN_POINT('',(691.51974594756,1.1963E+03,-3.411878095973));
#661 = CARTESIAN_POINT('',(1.040570763952,1.13E-15,-5.082572768379));
#662 = CARTESIAN_POINT('',(691.26892776934,1.1963E+03,-2.856405895829));
#663 = CARTESIAN_POINT('',(0.698400325954,9.3E-16,-4.170558128415));
#664 = CARTESIAN_POINT('',(691.07662798318,1.1963E+03,-2.343853668169));
#665 = CARTESIAN_POINT('',(0.442748562989,7.4E-16,-3.329223608335));
#666 = CARTESIAN_POINT('',(690.9329516924,1.1963E+03,-1.871023667884));
#667 = CARTESIAN_POINT('',(0.257938662191,5.7E-16,-2.55372696511));
#668 = CARTESIAN_POINT('',(690.82908852815,1.1963E+03,-1.435194554392));
#669 = CARTESIAN_POINT('',(0.131644780881,4.1E-16,-1.838954282407));
#670 = CARTESIAN_POINT('',(690.75811136685,1.1963E+03,-1.033492306712));
#671 = CARTESIAN_POINT('',(5.27594306197E-02,2.6E-16,-1.180339154059));
#672 = CARTESIAN_POINT('',(690.7137778,1.1963E+03,-0.663350604581));
#673 = CARTESIAN_POINT('',(9.497362872466E-03,1.3E-16,-0.573640589962));
#674 = CARTESIAN_POINT('',(690.68946451793,1.1963E+03,-0.322386011559));
#675 = CARTESIAN_POINT('',(1.645452314586E-04,4.E-17,-0.185812245522));
#676 = CARTESIAN_POINT('',(690.68421947442,1.1963E+03,-0.104426481983));
#677 = CARTESIAN_POINT('',(0.,0.,0.));
#678 = CARTESIAN_POINT('',(690.684127,1.1963E+03,0.));
#679 = SHELL_BASED_SURFACE_MODEL('',(#680));
#680 = OPEN_SHELL('',(#681));
#681 = ADVANCED_FACE('',(#682),#791,.T.);
#682 = FACE_BOUND('',#683,.T.);
#683 = EDGE_LOOP('',(#684,#733,#746));
#684 = ORIENTED_EDGE('',*,*,#685,.T.);
#685 = EDGE_CURVE('',#686,#688,#690,.T.);
#686 = VERTEX_POINT('',#687);
#687 = CARTESIAN_POINT('',(690.68412703154,1.1963E+03,0.));
#688 = VERTEX_POINT('',#689);
#689 = CARTESIAN_POINT('',(713.32991703154,1.208480672234E+03,0.));
#690 = B_SPLINE_CURVE_WITH_KNOTS('',3,(#691,#692,#693,#694,#695,#696,
    #697,#698,#699,#700,#701,#702,#703,#704,#705,#706,#707,#708,#709,
    #710,#711,#712,#713,#714,#715,#716,#717,#718,#719,#720,#721,#722,
    #723,#724,#725,#726,#727,#728,#729,#730,#731,#732),.UNSPECIFIED.,.F.
  ,.F.,(4,1,1,1,1,1,1,1,1,1,1,1,1,1,1,1,1,1,1,1,1,1,1,1,1,1,1,1,1,1,1,1,
    1,1,1,1,1,1,1,4),(0.,0.365388386548,0.384931946818,0.770283580976,
    0.803526131676,1.219713752751,1.259740201258,1.720377278965,
    1.758676446889,2.279966737067,2.30656323681,2.906629706007,
    2.910511458237,3.579357082783,3.610265714045,4.323401439152,
    4.401961521935,5.15574753218,5.295417311851,6.091319529183,
    6.305337661245,7.147208067979,7.447648947302,8.344381590013,
    8.740865072451,9.706280201042,10.203958049091,11.259660687155,
    11.856225698018,13.040426161034,13.721906274175,15.088049285575,
    15.823667386728,17.458134915241,18.193836806249,20.220477086561,
    20.873844162624,23.462629832747,23.922277457313,26.41081171702),
  .UNSPECIFIED.);
#691 = CARTESIAN_POINT('',(690.68412703154,1.1963E+03,0.));
#692 = CARTESIAN_POINT('',(690.74512402171,1.196405437319E+03,0.));
#693 = CARTESIAN_POINT('',(690.81128991086,1.19651539327E+03,0.));
#694 = CARTESIAN_POINT('',(690.94739605481,1.196733119812E+03,0.));
#695 = CARTESIAN_POINT('',(691.02701439541,1.196855587561E+03,0.));
#696 = CARTESIAN_POINT('',(691.18250455516,1.197086370997E+03,0.));
#697 = CARTESIAN_POINT('',(691.27605588716,1.197220073155E+03,0.));
#698 = CARTESIAN_POINT('',(691.45570272193,1.197467334963E+03,0.));
#699 = CARTESIAN_POINT('',(691.56412651605,1.19761063187E+03,0.));
#700 = CARTESIAN_POINT('',(691.77419708703,1.197878092803E+03,0.));
#701 = CARTESIAN_POINT('',(691.8979783296,1.198029335102E+03,0.));
#702 = CARTESIAN_POINT('',(692.14549626169,1.198321182968E+03,0.));
#703 = CARTESIAN_POINT('',(692.28464753742,1.198478769559E+03,0.));
#704 = CARTESIAN_POINT('',(692.5710375508,1.198791822813E+03,0.));
#705 = CARTESIAN_POINT('',(692.73274877676,1.198961782055E+03,0.));
#706 = CARTESIAN_POINT('',(693.06354361335,1.199297060345E+03,0.));
#707 = CARTESIAN_POINT('',(693.25987331397,1.199488565428E+03,0.));
#708 = CARTESIAN_POINT('',(693.63549102741,1.199841180068E+03,0.));
#709 = CARTESIAN_POINT('',(693.87615045384,1.200058222501E+03,0.));
#710 = CARTESIAN_POINT('',(694.30161325273,1.20042718644E+03,0.));
#711 = CARTESIAN_POINT('',(694.59612735227,1.200672456045E+03,0.));
#712 = CARTESIAN_POINT('',(695.07815747898,1.201058105473E+03,0.));
#713 = CARTESIAN_POINT('',(695.43683272862,1.20133348E+03,0.));
#714 = CARTESIAN_POINT('',(695.98434248733,1.201736325116E+03,0.));
#715 = CARTESIAN_POINT('',(696.41880786743,1.202042166721E+03,0.));
#716 = CARTESIAN_POINT('',(697.04358811945,1.202462397887E+03,0.));
#717 = CARTESIAN_POINT('',(697.56542858483,1.202797131955E+03,0.));
#718 = CARTESIAN_POINT('',(698.28204419007,1.203234808005E+03,0.));
#719 = CARTESIAN_POINT('',(698.902093108,1.203594447938E+03,0.));
#720 = CARTESIAN_POINT('',(699.7311412567,1.204049275806E+03,0.));
#721 = CARTESIAN_POINT('',(700.46071199775,1.20442566506E+03,0.));
#722 = CARTESIAN_POINT('',(701.43049751445,1.204895163868E+03,0.));
#723 = CARTESIAN_POINT('',(702.27641653473,1.20527675224E+03,0.));
#724 = CARTESIAN_POINT('',(703.42535865465,1.20575791914E+03,0.));
#725 = CARTESIAN_POINT('',(704.39225484071,1.206128894105E+03,0.));
#726 = CARTESIAN_POINT('',(705.77531885176,1.206614623483E+03,0.));
#727 = CARTESIAN_POINT('',(706.86164926875,1.206956900225E+03,0.));
#728 = CARTESIAN_POINT('',(708.55070843487,1.207439235629E+03,0.));
#729 = CARTESIAN_POINT('',(709.74758474458,1.207741209835E+03,0.));
#730 = CARTESIAN_POINT('',(711.54888298142,1.208144805039E+03,0.));
#731 = CARTESIAN_POINT('',(712.51339831105,1.208335290982E+03,0.));
#732 = CARTESIAN_POINT('',(713.32991703154,1.208480672234E+03,0.));
#733 = ORIENTED_EDGE('',*,*,#734,.T.);
#734 = EDGE_CURVE('',#688,#735,#737,.T.);
#735 = VERTEX_POINT('',#736);
#736 = CARTESIAN_POINT('',(706.47707451964,1.1963E+03,12.22098173982));
#737 = B_SPLINE_CURVE_WITH_KNOTS('',7,(#738,#739,#740,#741,#742,#743,
    #744,#745),.UNSPECIFIED.,.F.,.F.,(8,8),(0.,1.),
  .PIECEWISE_BEZIER_KNOTS.);
#738 = CARTESIAN_POINT('',(713.32991703154,1.208480672234E+03,0.));
#739 = CARTESIAN_POINT('',(713.32991703154,1.208480672234E+03,
    3.02609569024));
#740 = CARTESIAN_POINT('',(712.90515394131,1.207725671667E+03,
    6.028513661239));
#741 = CARTESIAN_POINT('',(712.0675064394,1.206236784442E+03,
    8.719882904969));
#742 = CARTESIAN_POINT('',(710.88285651616,1.204131113343E+03,
    10.832522303123));
#743 = CARTESIAN_POINT('',(709.46326277395,1.201607838359E+03,
    12.16659271876));
#744 = CARTESIAN_POINT('',(707.94759173141,1.198913789554E+03,
    12.624638061016));
#745 = CARTESIAN_POINT('',(706.47707451964,1.1963E+03,12.22098173982));
#746 = ORIENTED_EDGE('',*,*,#747,.F.);
#747 = EDGE_CURVE('',#686,#735,#748,.T.);
#748 = B_SPLINE_CURVE_WITH_KNOTS('',3,(#749,#750,#751,#752,#753,#754,
    #755,#756,#757,#758,#759,#760,#761,#762,#763,#764,#765,#766,#767,
    #768,#769,#770,#771,#772,#773,#774,#775,#776,#777,#778,#779,#780,
    #781,#782,#783,#784,#785,#786,#787,#788,#789,#790),.UNSPECIFIED.,.F.
  ,.F.,(4,1,1,1,1,1,1,1,1,1,1,1,1,1,1,1,1,1,1,1,1,1,1,1,1,1,1,1,1,1,1,1,
    1,1,1,1,1,1,1,4),(0.,0.365388386548,0.384931946818,0.770283580976,
    0.803526131676,1.219713752751,1.259740201258,1.720377278965,
    1.758676446889,2.279966737067,2.30656323681,2.906629706007,
    2.910511458237,3.579357082783,3.610265714045,4.323401439152,
    4.401961521935,5.15574753218,5.295417311851,6.091319529183,
    6.305337661245,7.147208067979,7.447648947302,8.344381590013,
    8.740865072451,9.706280201042,10.203958049091,11.259660687155,
    11.856225698018,13.040426161034,13.721906274175,15.088049285575,
    15.823667386728,17.458134915241,18.193836806249,20.220477086561,
    20.873844162624,23.462629832747,23.922277457313,26.41081171702),
  .UNSPECIFIED.);
#749 = CARTESIAN_POINT('',(690.68412703154,1.1963E+03,0.));
#750 = CARTESIAN_POINT('',(690.6842148109,1.1963E+03,9.912459612712E-02)
  );
#751 = CARTESIAN_POINT('',(690.68660459079,1.1963E+03,0.203539476203));
#752 = CARTESIAN_POINT('',(690.69610656181,1.1963E+03,0.412274760294));
#753 = CARTESIAN_POINT('',(690.7043312037,1.1963E+03,0.530872989618));
#754 = CARTESIAN_POINT('',(690.72521268941,1.1963E+03,0.756367637752));
#755 = CARTESIAN_POINT('',(690.74071796125,1.1963E+03,0.888274204669));
#756 = CARTESIAN_POINT('',(690.77627932866,1.1963E+03,1.134439809258));
#757 = CARTESIAN_POINT('',(690.80140739658,1.1963E+03,1.278530280422));
#758 = CARTESIAN_POINT('',(690.85663126355,1.1963E+03,1.549739645113));
#759 = CARTESIAN_POINT('',(690.89327913474,1.1963E+03,1.704550120637));
#760 = CARTESIAN_POINT('',(690.97381623538,1.1963E+03,2.005385277865));
#761 = CARTESIAN_POINT('',(691.0235407394,1.1963E+03,2.169146649546));
#762 = CARTESIAN_POINT('',(691.13384264581,1.1963E+03,2.496352468115));
#763 = CARTESIAN_POINT('',(691.20093233784,1.1963E+03,2.675172069508));
#764 = CARTESIAN_POINT('',(691.34709823904,1.1963E+03,3.0295253466));
#765 = CARTESIAN_POINT('',(691.43926707081,1.1963E+03,3.232902641701));
#766 = CARTESIAN_POINT('',(691.62564742344,1.1963E+03,3.608488445829));
#767 = CARTESIAN_POINT('',(691.75150541235,1.1963E+03,3.840387143443));
#768 = CARTESIAN_POINT('',(691.98450578081,1.1963E+03,4.235076222522));
#769 = CARTESIAN_POINT('',(692.15300501575,1.1963E+03,4.497705394584));
#770 = CARTESIAN_POINT('',(692.43957886345,1.1963E+03,4.910375829151));
#771 = CARTESIAN_POINT('',(692.66079114119,1.1963E+03,5.204647195818));
#772 = CARTESIAN_POINT('',(693.00990561922,1.1963E+03,5.633815037401));
#773 = CARTESIAN_POINT('',(693.29578827719,1.1963E+03,5.958445439002));
#774 = CARTESIAN_POINT('',(693.71845760899,1.1963E+03,6.402185030356));
#775 = CARTESIAN_POINT('',(694.08086634788,1.1963E+03,6.753488593328));
#776 = CARTESIAN_POINT('',(694.59005079746,1.1963E+03,7.209391841247));
#777 = CARTESIAN_POINT('',(695.04048379736,1.1963E+03,7.5804080279));
#778 = CARTESIAN_POINT('',(695.65463962319,1.1963E+03,8.044292362848));
#779 = CARTESIAN_POINT('',(696.20498741637,1.1963E+03,8.423558686111));
#780 = CARTESIAN_POINT('',(696.94723251353,1.1963E+03,8.890635409572));
#781 = CARTESIAN_POINT('',(697.60383939713,1.1963E+03,9.264360424055));
#782 = CARTESIAN_POINT('',(698.50533548546,1.1963E+03,9.728200077513));
#783 = CARTESIAN_POINT('',(699.27174468176,1.1963E+03,10.079622954831));
#784 = CARTESIAN_POINT('',(700.375245825,1.1963E+03,10.532962908844));
#785 = CARTESIAN_POINT('',(701.24744893339,1.1963E+03,10.847620350797));
#786 = CARTESIAN_POINT('',(702.6076807327,1.1963E+03,11.286973313165));
#787 = CARTESIAN_POINT('',(703.57509150046,1.1963E+03,11.558059766029));
#788 = CARTESIAN_POINT('',(705.03362712813,1.1963E+03,11.919072842468));
#789 = CARTESIAN_POINT('',(705.8155665288,1.1963E+03,12.089329790847));
#790 = CARTESIAN_POINT('',(706.47707451964,1.1963E+03,12.22098173982));
#791 = B_SPLINE_SURFACE_WITH_KNOTS('',3,7,(
    (#792,#793,#794,#795,#796,#797,#798,#799)
    ,(#800,#801,#802,#803,#804,#805,#806,#807)
    ,(#808,#809,#810,#811,#812,#813,#814,#815)
    ,(#816,#817,#818,#819,#820,#821,#822,#823)
    ,(#824,#825,#826,#827,#828,#829,#830,#831)
    ,(#832,#833,#834,#835,#836,#837,#838,#839)
    ,(#840,#841,#842,#843,#844,#845,#846,#847)
    ,(#848,#849,#850,#851,#852,#853,#854,#855)
    ,(#856,#857,#858,#859,#860,#861,#862,#863)
    ,(#864,#865,#866,#867,#868,#869,#870,#871)
    ,(#872,#873,#874,#875,#876,#877,#878,#879)
    ,(#880,#881,#882,#883,#884,#885,#886,#887)
    ,(#888,#889,#890,#891,#892,#893,#894,#895)
    ,(#896,#897,#898,#899,#900,#901,#902,#903)
    ,(#904,#905,#906,#907,#908,#909,#910,#911)
    ,(#912,#913,#914,#915,#916,#917,#918,#919)
    ,(#920,#921,#922,#923,#924,#925,#926,#927)
    ,(#928,#929,#930,#931,#932,#933,#934,#935)
    ,(#936,#937,#938,#939,#940,#941,#942,#943)
    ,(#944,#945,#946,#947,#948,#949,#950,#951)
    ,(#952,#953,#954,#955,#956,#957,#958,#959)
    ,(#960,#961,#962,#963,#964,#965,#966,#967)
    ,(#968,#969,#970,#971,#972,#973,#974,#975)
    ,(#976,#977,#978,#979,#980,#981,#982,#983)
    ,(#984,#985,#986,#987,#988,#989,#990,#991)
    ,(#992,#993,#994,#995,#996,#997,#998,#999)
    ,(#1000,#1001,#1002,#1003,#1004,#1005,#1006,#1007)
    ,(#1008,#1009,#1010,#1011,#1012,#1013,#1014,#1015)
    ,(#1016,#1017,#1018,#1019,#1020,#1021,#1022,#1023)
    ,(#1024,#1025,#1026,#1027,#1028,#1029,#1030,#1031)
    ,(#1032,#1033,#1034,#1035,#1036,#1037,#1038,#1039)
    ,(#1040,#1041,#1042,#1043,#1044,#1045,#1046,#1047)
    ,(#1048,#1049,#1050,#1051,#1052,#1053,#1054,#1055)
    ,(#1056,#1057,#1058,#1059,#1060,#1061,#1062,#1063)
    ,(#1064,#1065,#1066,#1067,#1068,#1069,#1070,#1071)
    ,(#1072,#1073,#1074,#1075,#1076,#1077,#1078,#1079)
    ,(#1080,#1081,#1082,#1083,#1084,#1085,#1086,#1087)
    ,(#1088,#1089,#1090,#1091,#1092,#1093,#1094,#1095)
    ,(#1096,#1097,#1098,#1099,#1100,#1101,#1102,#1103)
    ,(#1104,#1105,#1106,#1107,#1108,#1109,#1110,#1111)
    ,(#1112,#1113,#1114,#1115,#1116,#1117,#1118,#1119)
    ,(#1120,#1121,#1122,#1123,#1124,#1125,#1126,#1127
  )),.UNSPECIFIED.,.F.,.F.,.F.,(4,1,1,1,1,1,1,1,1,1,1,1,1,1,1,1,1,1,1,1,
    1,1,1,1,1,1,1,1,1,1,1,1,1,1,1,1,1,1,1,4),(8,8),(0.,0.365388386548,
    0.384931946818,0.770283580976,0.803526131676,1.219713752751,
    1.259740201258,1.720377278965,1.758676446889,2.279966737067,
    2.30656323681,2.906629706007,2.910511458237,3.579357082783,
    3.610265714045,4.323401439152,4.401961521935,5.15574753218,
    5.295417311851,6.091319529183,6.305337661245,7.147208067979,
    7.447648947302,8.344381590013,8.740865072451,9.706280201042,
    10.203958049091,11.259660687155,11.856225698018,13.040426161034,
    13.721906274175,15.088049285575,15.823667386728,17.458134915241,
    18.193836806249,20.220477086561,20.873844162624,23.462629832747,
    23.922277457313,26.41081171702),(0.,1.),.UNSPECIFIED.);
#792 = CARTESIAN_POINT('',(690.68412703154,1.1963E+03,0.));
#793 = CARTESIAN_POINT('',(690.68412703154,1.1963E+03,0.));
#794 = CARTESIAN_POINT('',(690.68412703154,1.1963E+03,0.));
#795 = CARTESIAN_POINT('',(690.68412703154,1.1963E+03,0.));
#796 = CARTESIAN_POINT('',(690.68412703154,1.1963E+03,0.));
#797 = CARTESIAN_POINT('',(690.68412703154,1.1963E+03,0.));
#798 = CARTESIAN_POINT('',(690.68412703154,1.1963E+03,0.));
#799 = CARTESIAN_POINT('',(690.68412703154,1.1963E+03,0.));
#800 = CARTESIAN_POINT('',(690.74512402171,1.196405437319E+03,0.));
#801 = CARTESIAN_POINT('',(690.76030020592,1.196432816211E+03,
    4.538605063786E-02));
#802 = CARTESIAN_POINT('',(690.76511631476,1.196441780456E+03,
    9.01945959284E-02));
#803 = CARTESIAN_POINT('',(690.7598620721,1.196432845026E+03,
    0.127416586895));
#804 = CARTESIAN_POINT('',(690.74614435574,1.196408866087E+03,
    0.150523215775));
#805 = CARTESIAN_POINT('',(690.72669630234,1.196374701687E+03,
    0.154640357276));
#806 = CARTESIAN_POINT('',(690.70490490015,1.196336372072E+03,
    0.137391033573));
#807 = CARTESIAN_POINT('',(690.6842148109,1.1963E+03,9.912459612712E-02)
  );
#808 = CARTESIAN_POINT('',(690.81128991086,1.19651539327E+03,0.));
#809 = CARTESIAN_POINT('',(690.84123272236,1.196569505536E+03,
    9.152785612556E-02));
#810 = CARTESIAN_POINT('',(690.85045538312,1.196586788507E+03,
    0.181900701556));
#811 = CARTESIAN_POINT('',(690.83953734087,1.196568272128E+03,
    0.25710043834));
#812 = CARTESIAN_POINT('',(690.81169235124,1.19651966873E+03,
    0.304069450949));
#813 = CARTESIAN_POINT('',(690.77238668751,1.196450694412E+03,
    0.313059488802));
#814 = CARTESIAN_POINT('',(690.72839432621,1.196373389663E+03,
    0.279316596245));
#815 = CARTESIAN_POINT('',(690.68660459079,1.1963E+03,0.203539476203));
#816 = CARTESIAN_POINT('',(690.94739605481,1.196733119812E+03,0.));
#817 = CARTESIAN_POINT('',(690.98313005594,1.196798569653E+03,
    0.152572576472));
#818 = CARTESIAN_POINT('',(690.98778383095,1.19680877555E+03,
    0.303412636903));
#819 = CARTESIAN_POINT('',(690.96222655144,1.196765282424E+03,
    0.431493034363));
#820 = CARTESIAN_POINT('',(690.91127885087,1.19667665877E+03,
    0.517227345561));
#821 = CARTESIAN_POINT('',(690.84314013915,1.196557478734E+03,
    0.545993194623));
#822 = CARTESIAN_POINT('',(690.76797138106,1.196425803053E+03,
    0.510659648072));
#823 = CARTESIAN_POINT('',(690.69610656181,1.1963E+03,0.412274760294));
#824 = CARTESIAN_POINT('',(691.02701439541,1.196855587561E+03,0.));
#825 = CARTESIAN_POINT('',(691.07642679676,1.196945983376E+03,
    0.20074057471));
#826 = CARTESIAN_POINT('',(691.08439889663,1.196962720599E+03,
    0.39917112803));
#827 = CARTESIAN_POINT('',(691.05208959047,1.196907859124E+03,
    0.567255464057));
#828 = CARTESIAN_POINT('',(690.98592638956,1.196792823612E+03,
    0.678878351734));
#829 = CARTESIAN_POINT('',(690.89684184045,1.196637046258E+03,
    0.714543289897));
#830 = CARTESIAN_POINT('',(690.79838389618,1.196464608044E+03,
    0.664742367243));
#831 = CARTESIAN_POINT('',(690.7043312037,1.1963E+03,0.530872989618));
#832 = CARTESIAN_POINT('',(691.18250455516,1.197086370997E+03,0.));
#833 = CARTESIAN_POINT('',(691.23656464597,1.197186239116E+03,
    0.26417948992));
#834 = CARTESIAN_POINT('',(691.23882435993,1.197194033996E+03,
    0.525471453104));
#835 = CARTESIAN_POINT('',(691.19073231636,1.197112330503E+03,
    0.748830644669));
#836 = CARTESIAN_POINT('',(691.10032290434,1.196955409464E+03,
    0.901613025798));
#837 = CARTESIAN_POINT('',(690.98126180708,1.196747561122E+03,
    0.959447970035));
#838 = CARTESIAN_POINT('',(690.85048396588,1.196518886704E+03,
    0.91045058825));
#839 = CARTESIAN_POINT('',(690.72521268941,1.1963E+03,0.756367637752));
#840 = CARTESIAN_POINT('',(691.27605588716,1.197220073155E+03,0.));
#841 = CARTESIAN_POINT('',(691.34284404085,1.197343282333E+03,
    0.314248679242));
#842 = CARTESIAN_POINT('',(691.34747174231,1.197356003623E+03,
    0.625032326401));
#843 = CARTESIAN_POINT('',(691.29167733474,1.197261326865E+03,
    0.890296647617));
#844 = CARTESIAN_POINT('',(691.18510208503,1.197076389053E+03,
    1.070868796311));
#845 = CARTESIAN_POINT('',(691.04414481303,1.196830338477E+03,
    1.137504020733));
#846 = CARTESIAN_POINT('',(690.8891274483,1.19655929661E+03,
    1.075940453929));
#847 = CARTESIAN_POINT('',(690.74071796125,1.1963E+03,0.888274204669));
#848 = CARTESIAN_POINT('',(691.45570272193,1.197467334963E+03,0.));
#849 = CARTESIAN_POINT('',(691.52578473747,1.197597662392E+03,
    0.380640588232));
#850 = CARTESIAN_POINT('',(691.5233462254,1.197599087285E+03,
    0.757238639032));
#851 = CARTESIAN_POINT('',(691.45041525281,1.197475214456E+03,
    1.080730809568));
#852 = CARTESIAN_POINT('',(691.31823996438,1.197246037064E+03,
    1.305415445492));
#853 = CARTESIAN_POINT('',(691.14595231661,1.196945561447E+03,
    1.397173669768));
#854 = CARTESIAN_POINT('',(690.95726122733,1.196615929324E+03,
    1.339366637612));
#855 = CARTESIAN_POINT('',(690.77627932866,1.1963E+03,1.134439809258));
#856 = CARTESIAN_POINT('',(691.56412651605,1.19761063187E+03,0.));
#857 = CARTESIAN_POINT('',(691.64618664218,1.197762929679E+03,
    0.432450335304));
#858 = CARTESIAN_POINT('',(691.64536616532,1.197767910304E+03,
    0.860280627829));
#859 = CARTESIAN_POINT('',(691.56398287644,1.197629693533E+03,
    1.227418485765));
#860 = CARTESIAN_POINT('',(691.41489179802,1.197371128689E+03,
    1.481633447003));
#861 = CARTESIAN_POINT('',(691.21995802322,1.197031080159E+03,
    1.583932509214));
#862 = CARTESIAN_POINT('',(691.00627745812,1.196657709909E+03,
    1.515299849789));
#863 = CARTESIAN_POINT('',(690.80140739658,1.1963E+03,1.278530280422));
#864 = CARTESIAN_POINT('',(691.77419708703,1.197878092803E+03,0.));
#865 = CARTESIAN_POINT('',(691.85801375548,1.198034623274E+03,
    0.502419924308));
#866 = CARTESIAN_POINT('',(691.84858974558,1.198025421913E+03,
    0.99964230049));
#867 = CARTESIAN_POINT('',(691.74853257215,1.197855123482E+03,
    1.428585687759));
#868 = CARTESIAN_POINT('',(691.57230413549,1.197549433467E+03,
    1.730490816243));
#869 = CARTESIAN_POINT('',(691.34450266541,1.197152074308E+03,
    1.861490558321));
#870 = CARTESIAN_POINT('',(691.09561105622,1.196717228212E+03,
    1.80019211356));
#871 = CARTESIAN_POINT('',(690.85663126355,1.1963E+03,1.549739645113));
#872 = CARTESIAN_POINT('',(691.8979783296,1.198029335102E+03,0.));
#873 = CARTESIAN_POINT('',(691.99322487361,1.198206700897E+03,
    0.555761100574));
#874 = CARTESIAN_POINT('',(691.9848706639,1.198199920212E+03,
    1.105747147674));
#875 = CARTESIAN_POINT('',(691.87581293915,1.198014142781E+03,
    1.579867651538));
#876 = CARTESIAN_POINT('',(691.68212047748,1.19767793026E+03,
    1.912834534531));
#877 = CARTESIAN_POINT('',(691.43112464534,1.197239863132E+03,
    2.055906543738));
#878 = CARTESIAN_POINT('',(691.15669532531,1.196760143852E+03,
    1.985313900901));
#879 = CARTESIAN_POINT('',(690.89327913474,1.1963E+03,1.704550120637));
#880 = CARTESIAN_POINT('',(692.14549626169,1.198321182968E+03,0.));
#881 = CARTESIAN_POINT('',(692.24076590124,1.198499297577E+03,
    0.629962945655));
#882 = CARTESIAN_POINT('',(692.22207471171,1.198474851059E+03,
    1.253573332489));
#883 = CARTESIAN_POINT('',(692.09260965563,1.19825350812E+03,
    1.793731621763));
#884 = CARTESIAN_POINT('',(691.87004638895,1.197866686581E+03,
    2.178620928078));
#885 = CARTESIAN_POINT('',(691.58444941474,1.197367824975E+03,
    2.354625873229));
#886 = CARTESIAN_POINT('',(691.27307560386,1.196823146003E+03,
    2.295599701132));
#887 = CARTESIAN_POINT('',(690.97381623538,1.1963E+03,2.005385277865));
#888 = CARTESIAN_POINT('',(692.28464753742,1.198478769559E+03,0.));
#889 = CARTESIAN_POINT('',(692.39101942391,1.198676813165E+03,
    0.684582821372));
#890 = CARTESIAN_POINT('',(692.37307040595,1.198653880995E+03,
    1.362235578575));
#891 = CARTESIAN_POINT('',(692.23427716993,1.198416152731E+03,
    1.948849683895));
#892 = CARTESIAN_POINT('',(691.99392224963,1.197997902356E+03,
    2.366079444169));
#893 = CARTESIAN_POINT('',(691.68480328474,1.197457426454E+03,
    2.555435355901));
#894 = CARTESIAN_POINT('',(691.3475641344,1.196866967971E+03,
    2.48839368518));
#895 = CARTESIAN_POINT('',(691.0235407394,1.1963E+03,2.169146649546));
#896 = CARTESIAN_POINT('',(692.5710375508,1.198791822813E+03,0.));
#897 = CARTESIAN_POINT('',(692.67613149348,1.198987585893E+03,
    0.762551903787));
#898 = CARTESIAN_POINT('',(692.64654445634,1.198943958548E+03,
    1.517596238059));
#899 = CARTESIAN_POINT('',(692.48604284963,1.198667635434E+03,
    2.174015366123));
#900 = CARTESIAN_POINT('',(692.21551608495,1.198195746701E+03,
    2.646934787054));
#901 = CARTESIAN_POINT('',(691.87049493864,1.19759144698E+03,
    2.872990872064));
#902 = CARTESIAN_POINT('',(691.49501025808,1.196932999462E+03,
    2.821282909417));
#903 = CARTESIAN_POINT('',(691.13384264581,1.1963E+03,2.496352468115));
#904 = CARTESIAN_POINT('',(692.73274877676,1.198961782055E+03,0.));
#905 = CARTESIAN_POINT('',(692.84820285749,1.199175706609E+03,
    0.819322955177));
#906 = CARTESIAN_POINT('',(692.81861588303,1.199131826091E+03,
    1.630560835491));
#907 = CARTESIAN_POINT('',(692.6480439875,1.19883735013E+03,
    2.335586955275));
#908 = CARTESIAN_POINT('',(692.3589834603,1.19833226504E+03,
    2.842998005838));
#909 = CARTESIAN_POINT('',(691.98969821443,1.197684583502E+03,
    3.084556233102));
#910 = CARTESIAN_POINT('',(691.58760608551,1.196978588952E+03,
    3.026983947504));
#911 = CARTESIAN_POINT('',(691.20093233784,1.1963E+03,2.675172069508));
#912 = CARTESIAN_POINT('',(693.06354361335,1.199297060345E+03,0.));
#913 = CARTESIAN_POINT('',(693.17649963193,1.199505529367E+03,
    0.901170245953));
#914 = CARTESIAN_POINT('',(693.13405451993,1.19943777867E+03,
    1.793677911696));
#915 = CARTESIAN_POINT('',(692.94055413537,1.199101532854E+03,
    2.572387262584));
#916 = CARTESIAN_POINT('',(692.62010164545,1.1985396344E+03,
    3.139366182164));
#917 = CARTESIAN_POINT('',(692.2136940998,1.197824954038E+03,
    3.421502791067));
#918 = CARTESIAN_POINT('',(691.77213632233,1.197047795449E+03,
    3.383142421904));
#919 = CARTESIAN_POINT('',(691.34709823904,1.1963E+03,3.0295253466));
#920 = CARTESIAN_POINT('',(693.25987331397,1.199488565428E+03,0.));
#921 = CARTESIAN_POINT('',(693.38182670847,1.199712117948E+03,
    0.961449539301));
#922 = CARTESIAN_POINT('',(693.33801889702,1.1996410361E+03,
    1.913658993045));
#923 = CARTESIAN_POINT('',(693.13308546151,1.199283559459E+03,
    2.744483577611));
#924 = CARTESIAN_POINT('',(692.79273644694,1.198685386672E+03,
    3.349462368782));
#925 = CARTESIAN_POINT('',(692.36070203959,1.197924246515E+03,
    3.650609361897));
#926 = CARTESIAN_POINT('',(691.89117405164,1.197096462916E+03,
    3.609892911741));
#927 = CARTESIAN_POINT('',(691.43926707081,1.1963E+03,3.232902641701));
#928 = CARTESIAN_POINT('',(693.63549102741,1.199841180068E+03,0.));
#929 = CARTESIAN_POINT('',(693.75428801326,1.200056800435E+03,
    1.046330048225));
#930 = CARTESIAN_POINT('',(693.6969637178,1.199959371786E+03,
    2.082842505545));
#931 = CARTESIAN_POINT('',(693.46844344676,1.199557648669E+03,
    2.990383539364));
#932 = CARTESIAN_POINT('',(693.09604412298,1.198900185897E+03,
    3.6579634177));
#933 = CARTESIAN_POINT('',(692.62622906937,1.198069570294E+03,
    4.002722010601));
#934 = CARTESIAN_POINT('',(692.11657708637,1.197168146034E+03,
    3.984250695028));
#935 = CARTESIAN_POINT('',(691.62564742344,1.1963E+03,3.608488445829));
#936 = CARTESIAN_POINT('',(693.87615045384,1.200058222501E+03,0.));
#937 = CARTESIAN_POINT('',(694.00242473438,1.200285278172E+03,
    1.110683827646));
#938 = CARTESIAN_POINT('',(693.94221765822,1.20018087018E+03,
    2.210972559041));
#939 = CARTESIAN_POINT('',(693.70074425499,1.199754268045E+03,
    3.17470331261));
#940 = CARTESIAN_POINT('',(693.30692832532,1.199056882746E+03,
    3.88435754861));
#941 = CARTESIAN_POINT('',(692.80996632878,1.198176159156E+03,
    4.252201011797));
#942 = CARTESIAN_POINT('',(692.27082405406,1.197220461694E+03,
    4.235448101305));
#943 = CARTESIAN_POINT('',(691.75150541235,1.1963E+03,3.840387143443));
#944 = CARTESIAN_POINT('',(694.30161325273,1.20042718644E+03,0.));
#945 = CARTESIAN_POINT('',(694.42427040038,1.200643974344E+03,
    1.198293375849));
#946 = CARTESIAN_POINT('',(694.35008611598,1.200510883936E+03,
    2.385614150099));
#947 = CARTESIAN_POINT('',(694.08456515299,1.200037699712E+03,
    3.4287903922));
#948 = CARTESIAN_POINT('',(693.65823818988,1.199278688813E+03,
    4.203774754644));
#949 = CARTESIAN_POINT('',(693.12303482285,1.198326154164E+03,
    4.617958856896));
#950 = CARTESIAN_POINT('',(692.54330782885,1.197294480426E+03,
    4.626180120265));
#951 = CARTESIAN_POINT('',(691.98450578081,1.1963E+03,4.235076222522));
#952 = CARTESIAN_POINT('',(694.59612735227,1.200672456045E+03,0.));
#953 = CARTESIAN_POINT('',(694.72465987645,1.200896646801E+03,
    1.267037223049));
#954 = CARTESIAN_POINT('',(694.64599089321,1.200752544597E+03,
    2.522524339151));
#955 = CARTESIAN_POINT('',(694.36591487987,1.200250448901E+03,
    3.626280368781));
#956 = CARTESIAN_POINT('',(693.91656939272,1.199447483023E+03,
    4.447729156667));
#957 = CARTESIAN_POINT('',(693.35261716461,1.198440807933E+03,
    4.889388196983));
#958 = CARTESIAN_POINT('',(692.74179796072,1.197350828539E+03,
    4.903717933211));
#959 = CARTESIAN_POINT('',(692.15300501575,1.1963E+03,4.497705394584));
#960 = CARTESIAN_POINT('',(695.07815747898,1.201058105473E+03,0.));
#961 = CARTESIAN_POINT('',(695.20264517763,1.201269644819E+03,
    1.357215536321));
#962 = CARTESIAN_POINT('',(695.10957129348,1.201094476559E+03,
    2.702303460348));
#963 = CARTESIAN_POINT('',(694.80502002774,1.200543415132E+03,
    3.888073743579));
#964 = CARTESIAN_POINT('',(694.32273581449,1.199676440013E+03,
    4.777421422979));
#965 = CARTESIAN_POINT('',(693.72011452323,1.198595570222E+03,
    5.267989867431));
#966 = CARTESIAN_POINT('',(693.06828290741,1.197427230912E+03,
    5.309862542589));
#967 = CARTESIAN_POINT('',(692.43957886345,1.1963E+03,4.910375829151));
#968 = CARTESIAN_POINT('',(695.43683272862,1.20133348E+03,0.));
#969 = CARTESIAN_POINT('',(695.5655603599,1.201548121495E+03,
    1.430479697036));
#970 = CARTESIAN_POINT('',(695.466366333,1.201357640735E+03,
    2.848254276431));
#971 = CARTESIAN_POINT('',(695.14562457301,1.200773367134E+03,
    4.099124660706));
#972 = CARTESIAN_POINT('',(694.63868639182,1.199858136332E+03,
    5.039457079062));
#973 = CARTESIAN_POINT('',(694.00568079557,1.198718825397E+03,
    5.562020775092));
#974 = CARTESIAN_POINT('',(693.32112152598,1.197487879729E+03,
    5.614522236625));
#975 = CARTESIAN_POINT('',(692.66079114119,1.1963E+03,5.204647195818));
#976 = CARTESIAN_POINT('',(695.98434248733,1.201736325116E+03,0.));
#977 = CARTESIAN_POINT('',(696.1086054357,1.201935858676E+03,
    1.523014782739));
#978 = CARTESIAN_POINT('',(695.99458665052,1.201711855332E+03,
    3.03274694249));
#979 = CARTESIAN_POINT('',(695.64894978074,1.201076159473E+03,
    4.367988352797));
#980 = CARTESIAN_POINT('',(695.10865301607,1.200094462904E+03,
    5.378576435098));
#981 = CARTESIAN_POINT('',(694.43655849929,1.198878500741E+03,
    5.952406307695));
#982 = CARTESIAN_POINT('',(693.71056696038,1.197566738629E+03,
    6.034807480589));
#983 = CARTESIAN_POINT('',(693.00990561922,1.1963E+03,5.633815037401));
#984 = CARTESIAN_POINT('',(696.41880786743,1.202042166721E+03,0.));
#985 = CARTESIAN_POINT('',(696.54572221268,1.202240449989E+03,
    1.600615948444));
#986 = CARTESIAN_POINT('',(696.42399474901,1.201996781707E+03,
    3.187371768553));
#987 = CARTESIAN_POINT('',(696.06057884923,1.201323521234E+03,
    4.592050284895));
#988 = CARTESIAN_POINT('',(695.49403958087,1.200289216542E+03,
    5.657960111144));
#989 = CARTESIAN_POINT('',(694.78997222336,1.199010460795E+03,
    6.268122240309));
#990 = CARTESIAN_POINT('',(694.02966449493,1.197631739885E+03,
    6.365489204568));
#991 = CARTESIAN_POINT('',(693.29578827719,1.1963E+03,5.958445439002));
#992 = CARTESIAN_POINT('',(697.04358811945,1.202462397887E+03,0.));
#993 = CARTESIAN_POINT('',(697.16550697613,1.202643089498E+03,
    1.695232712686));
#994 = CARTESIAN_POINT('',(697.02842394853,1.20236341491E+03,
    3.376027791689));
#995 = CARTESIAN_POINT('',(696.63958213332,1.201636248458E+03,
    4.867159012602));
#996 = CARTESIAN_POINT('',(696.03915347583,1.200532994277E+03,
    6.005406181334));
#997 = CARTESIAN_POINT('',(695.29546639215,1.199175103581E+03,
    6.668916165605));
#998 = CARTESIAN_POINT('',(694.49319558875,1.197713082507E+03,
    6.798264519764));
#999 = CARTESIAN_POINT('',(693.71845760899,1.1963E+03,6.402185030356));
#1000 = CARTESIAN_POINT('',(697.56542858483,1.202797131955E+03,0.));
#1001 = CARTESIAN_POINT('',(697.68844898063,1.202972445781E+03,
    1.776644330016));
#1002 = CARTESIAN_POINT('',(697.54210741677,1.202668978759E+03,
    3.538273521002));
#1003 = CARTESIAN_POINT('',(697.13393671379,1.201900120198E+03,
    5.102652299574));
#1004 = CARTESIAN_POINT('',(696.50571569485,1.2007401304E+03,
    6.300031663878));
#1005 = CARTESIAN_POINT('',(695.72850591267,1.199315318626E+03,
    7.003684356341));
#1006 = CARTESIAN_POINT('',(694.89036906198,1.197782211257E+03,
    7.15180895349));
#1007 = CARTESIAN_POINT('',(694.08086634788,1.1963E+03,6.753488593328));
#1008 = CARTESIAN_POINT('',(698.28204419007,1.203234808005E+03,0.));
#1009 = CARTESIAN_POINT('',(698.39930906367,1.203390038047E+03,
    1.872998759481));
#1010 = CARTESIAN_POINT('',(698.23685190224,1.203048072594E+03,
    3.730404874585));
#1011 = CARTESIAN_POINT('',(697.8024952502,1.202222815928E+03,
    5.382974022951));
#1012 = CARTESIAN_POINT('',(697.1396248085,1.200991384514E+03,
    6.654428394962));
#1013 = CARTESIAN_POINT('',(696.3220352665,1.199484945664E+03,
    7.413166607755));
#1014 = CARTESIAN_POINT('',(695.44117530721,1.197866046005E+03,
    7.595010260028));
#1015 = CARTESIAN_POINT('',(694.59005079746,1.1963E+03,7.209391841247));
#1016 = CARTESIAN_POINT('',(698.902093108,1.203594447938E+03,0.));
#1017 = CARTESIAN_POINT('',(699.01900463621,1.203740742213E+03,
    1.957226465909));
#1018 = CARTESIAN_POINT('',(698.84583405402,1.203371426346E+03,
    3.898282782093));
#1019 = CARTESIAN_POINT('',(698.39069362971,1.20250091959E+03,
    5.626915577215));
#1020 = CARTESIAN_POINT('',(697.69857594205,1.201209194578E+03,
    6.960318233895));
#1021 = CARTESIAN_POINT('',(696.84600881705,1.19963227667E+03,
    7.762015243978));
#1022 = CARTESIAN_POINT('',(695.92782792596,1.197938732737E+03,
    7.965451228337));
#1023 = CARTESIAN_POINT('',(695.04048379736,1.1963E+03,7.5804080279));
#1024 = CARTESIAN_POINT('',(699.7311412567,1.204049275806E+03,0.));
#1025 = CARTESIAN_POINT('',(699.84123138169,1.204173036038E+03,
    2.054721050664));
#1026 = CARTESIAN_POINT('',(699.6508793209,1.20376277148E+03,
    4.092694446256));
#1027 = CARTESIAN_POINT('',(699.16848706648,1.202833416358E+03,
    5.910657766462));
#1028 = CARTESIAN_POINT('',(698.44065407503,1.201467799472E+03,
    7.319275586139));
#1029 = CARTESIAN_POINT('',(697.54664130919,1.199806804228E+03,
    8.177198271841));
#1030 = CARTESIAN_POINT('',(696.58467142848,1.198025017744E+03,
    8.415493466614));
#1031 = CARTESIAN_POINT('',(695.65463962319,1.1963E+03,8.044292362848));
#1032 = CARTESIAN_POINT('',(700.46071199775,1.20442566506E+03,0.));
#1033 = CARTESIAN_POINT('',(700.56907634451,1.204538096765E+03,
    2.140127348035));
#1034 = CARTESIAN_POINT('',(700.36663843012,1.204098089032E+03,
    4.262929535651));
#1035 = CARTESIAN_POINT('',(699.86208997061,1.203121091062E+03,
    6.158135093558));
#1036 = CARTESIAN_POINT('',(699.10363730036,1.201692787816E+03,
    7.629879788849));
#1037 = CARTESIAN_POINT('',(698.17327451868,1.199958920754E+03,
    8.531939862785));
#1038 = CARTESIAN_POINT('',(697.17261127334,1.198100097236E+03,
    8.793005980589));
#1039 = CARTESIAN_POINT('',(696.20498741637,1.1963E+03,8.423558686111));
#1040 = CARTESIAN_POINT('',(701.43049751445,1.204895163868E+03,0.));
#1041 = CARTESIAN_POINT('',(701.53023358704,1.204982965683E+03,
    2.238077988292));
#1042 = CARTESIAN_POINT('',(701.3088073231,1.20449991341E+03,
    4.458253310818));
#1043 = CARTESIAN_POINT('',(700.77520016253,1.203461971225E+03,
    6.443245449311));
#1044 = CARTESIAN_POINT('',(699.97922531754,1.201957680256E+03,
    7.990661363101));
#1045 = CARTESIAN_POINT('',(699.00561002406,1.200137640009E+03,
    8.949403168157));
#1046 = CARTESIAN_POINT('',(697.95935091814,1.198188478092E+03,
    9.245784551877));
#1047 = CARTESIAN_POINT('',(696.94723251353,1.1963E+03,8.890635409572));
#1048 = CARTESIAN_POINT('',(702.27641653473,1.20527675224E+03,0.));
#1049 = CARTESIAN_POINT('',(702.3729855164,1.205352482796E+03,
    2.322692670124));
#1050 = CARTESIAN_POINT('',(702.13803208618,1.204838944617E+03,
    4.626905169134));
#1051 = CARTESIAN_POINT('',(701.58082740782,1.203752616852E+03,
    6.688347929788));
#1052 = CARTESIAN_POINT('',(700.75279157135,1.202184896794E+03,
    8.29809910365));
#1053 = CARTESIAN_POINT('',(699.74138494935,1.200291241997E+03,
    9.300186681402));
#1054 = CARTESIAN_POINT('',(698.65499116611,1.198264300315E+03,
    9.618547372613));
#1055 = CARTESIAN_POINT('',(697.60383939713,1.1963E+03,9.264360424055));
#1056 = CARTESIAN_POINT('',(703.42535865465,1.20575791914E+03,0.));
#1057 = CARTESIAN_POINT('',(703.51045570327,1.205807352935E+03,
    2.420180871809));
#1058 = CARTESIAN_POINT('',(703.25367026464,1.205249103346E+03,
    4.821304067157));
#1059 = CARTESIAN_POINT('',(702.66456322636,1.204100164496E+03,
    6.972070969825));
#1060 = CARTESIAN_POINT('',(701.79616155629,1.202454789845E+03,
    8.657030923614));
#1061 = CARTESIAN_POINT('',(700.73865876362,1.200473294993E+03,
    9.715337793914));
#1062 = CARTESIAN_POINT('',(699.60382546094,1.198354348042E+03,
    10.068551312469));
#1063 = CARTESIAN_POINT('',(698.50533548546,1.1963E+03,9.728200077513));
#1064 = CARTESIAN_POINT('',(704.39225484071,1.206128894105E+03,0.));
#1065 = CARTESIAN_POINT('',(704.47258839084,1.206167772842E+03,
    2.501609534046));
#1066 = CARTESIAN_POINT('',(704.20067937834,1.205580553549E+03,
    4.983583886283));
#1067 = CARTESIAN_POINT('',(703.58637841469,1.20438474532E+03,
    7.207615391516));
#1068 = CARTESIAN_POINT('',(702.68431934555,1.202677457779E+03,
    8.951724585784));
#1069 = CARTESIAN_POINT('',(701.58742881677,1.200623864579E+03,
    10.050191209184));
#1070 = CARTESIAN_POINT('',(700.41086442919,1.198428654063E+03,
    10.422198015634));
#1071 = CARTESIAN_POINT('',(699.27174468176,1.1963E+03,10.079622954831)
  );
#1072 = CARTESIAN_POINT('',(705.77531885176,1.206614623483E+03,0.));
#1073 = CARTESIAN_POINT('',(705.83959234939,1.206626553676E+03,
    2.597597778667));
#1074 = CARTESIAN_POINT('',(705.54126320901,1.20599397119E+03,
    5.174982870178));
#1075 = CARTESIAN_POINT('',(704.89047176598,1.204734900094E+03,
    7.486838560362));
#1076 = CARTESIAN_POINT('',(703.94345874377,1.202949306177E+03,
    9.304656577494));
#1077 = CARTESIAN_POINT('',(702.79588392488,1.20080722114E+03,
    10.457842536379));
#1078 = CARTESIAN_POINT('',(701.56629189839,1.198519353572E+03,
    10.86320221311));
#1079 = CARTESIAN_POINT('',(700.375245825,1.1963E+03,10.532962908844));
#1080 = CARTESIAN_POINT('',(706.86164926875,1.206956900225E+03,0.));
#1081 = CARTESIAN_POINT('',(706.91921065091,1.206962375108E+03,
    2.673774235852));
#1082 = CARTESIAN_POINT('',(706.60380931968,1.206304922663E+03,
    5.3267582792));
#1083 = CARTESIAN_POINT('',(705.92587533431,1.205003081933E+03,
    7.706626366897));
#1084 = CARTESIAN_POINT('',(704.94325629606,1.203159674874E+03,
    9.578341419455));
#1085 = CARTESIAN_POINT('',(703.75434512408,1.200949591234E+03,
    10.766434926388));
#1086 = CARTESIAN_POINT('',(702.48107339571,1.198589559848E+03,
    11.185335685962));
#1087 = CARTESIAN_POINT('',(701.24744893339,1.1963E+03,10.847620350797)
  );
#1088 = CARTESIAN_POINT('',(708.55070843487,1.207439235629E+03,0.));
#1089 = CARTESIAN_POINT('',(708.58517197895,1.20741824682E+03,
    2.76776433881));
#1090 = CARTESIAN_POINT('',(708.23631273428,1.206715916037E+03,
    5.514160979768));
#1091 = CARTESIAN_POINT('',(707.51485048396,1.205351297293E+03,
    7.979855110753));
#1092 = CARTESIAN_POINT('',(706.48023970707,1.203430068712E+03,
    9.92328084451));
#1093 = CARTESIAN_POINT('',(705.23360645939,1.201131978088E+03,
    11.164095545264));
#1094 = CARTESIAN_POINT('',(703.90026930655,1.198679774504E+03,
    11.614351033455));
#1095 = CARTESIAN_POINT('',(702.6076807327,1.1963E+03,11.286973313165));
#1096 = CARTESIAN_POINT('',(709.74758474458,1.207741209835E+03,0.));
#1097 = CARTESIAN_POINT('',(709.773144997,1.20771952322E+03,
    2.837716368981));
#1098 = CARTESIAN_POINT('',(709.40502238529,1.206998079983E+03,
    5.653487534764));
#1099 = CARTESIAN_POINT('',(708.65422641642,1.205596449112E+03,
    8.18096963625));
#1100 = CARTESIAN_POINT('',(707.5818184473,1.203623164893E+03,
    10.172067978421));
#1101 = CARTESIAN_POINT('',(706.29165767035,1.201262833171E+03,
    11.44156580021));
#1102 = CARTESIAN_POINT('',(704.91244963944,1.198744223274E+03,
    11.899137944231));
#1103 = CARTESIAN_POINT('',(703.57509150046,1.1963E+03,11.558059766029)
  );
#1104 = CARTESIAN_POINT('',(711.54888298142,1.208144805039E+03,0.));
#1105 = CARTESIAN_POINT('',(711.54935464685,1.208107903333E+03,
    2.920515059664));
#1106 = CARTESIAN_POINT('',(711.14578337279,1.207352830357E+03,
    5.818507410782));
#1107 = CARTESIAN_POINT('',(710.34946839007,1.205899670072E+03,
    8.420624143279));
#1108 = CARTESIAN_POINT('',(709.22307793339,1.203859812931E+03,
    10.472241754374));
#1109 = CARTESIAN_POINT('',(707.87320433185,1.201422722826E+03,
    11.783269357709));
#1110 = CARTESIAN_POINT('',(706.43194012755,1.19882318933E+03,
    12.261004818072));
#1111 = CARTESIAN_POINT('',(705.03362712813,1.1963E+03,11.919072842468)
  );
#1112 = CARTESIAN_POINT('',(712.51339831105,1.208335290982E+03,0.));
#1113 = CARTESIAN_POINT('',(712.51166520096,1.208313618366E+03,
    2.976062874909));
#1114 = CARTESIAN_POINT('',(712.09552907601,1.207555359831E+03,
    5.929025535925));
#1115 = CARTESIAN_POINT('',(711.27657889088,1.206081114312E+03,
    8.578526023996));
#1116 = CARTESIAN_POINT('',(710.11908975811,1.204005128428E+03,
    10.663412028579));
#1117 = CARTESIAN_POINT('',(708.73238714343,1.20152172412E+03,
    11.988718538022));
#1118 = CARTESIAN_POINT('',(707.2519505772,1.198871711205E+03,
    12.459366439289));
#1119 = CARTESIAN_POINT('',(705.8155665288,1.1963E+03,12.089329790847));
#1120 = CARTESIAN_POINT('',(713.32991703154,1.208480672234E+03,0.));
#1121 = CARTESIAN_POINT('',(713.32991703154,1.208480672234E+03,
    3.02609569024));
#1122 = CARTESIAN_POINT('',(712.90515394131,1.207725671667E+03,
    6.028513661239));
#1123 = CARTESIAN_POINT('',(712.0675064394,1.206236784442E+03,
    8.719882904969));
#1124 = CARTESIAN_POINT('',(710.88285651616,1.204131113343E+03,
    10.832522303123));
#1125 = CARTESIAN_POINT('',(709.46326277395,1.201607838359E+03,
    12.16659271876));
#1126 = CARTESIAN_POINT('',(707.94759173141,1.198913789554E+03,
    12.624638061016));
#1127 = CARTESIAN_POINT('',(706.47707451964,1.1963E+03,12.22098173982));
#1128 = SHELL_BASED_SURFACE_MODEL('',(#1129));
#1129 = OPEN_SHELL('',(#1130));
#1130 = ADVANCED_FACE('',(#1131),#1259,.T.);
#1131 = FACE_BOUND('',#1132,.T.);
#1132 = EDGE_LOOP('',(#1133,#1185,#1198,#1248));
#1133 = ORIENTED_EDGE('',*,*,#1134,.F.);
#1134 = EDGE_CURVE('',#1135,#1137,#1139,.T.);
#1135 = VERTEX_POINT('',#1136);
#1136 = CARTESIAN_POINT('',(706.47707451965,1.1963E+03,12.220981739819)
  );
#1137 = VERTEX_POINT('',#1138);
#1138 = CARTESIAN_POINT('',(907.9278627048,1.1963E+03,21.335278132656));
#1139 = B_SPLINE_CURVE_WITH_KNOTS('',3,(#1140,#1141,#1142,#1143,#1144,
    #1145,#1146,#1147,#1148,#1149,#1150,#1151,#1152,#1153,#1154,#1155,
    #1156,#1157,#1158,#1159,#1160,#1161,#1162,#1163,#1164,#1165,#1166,
    #1167,#1168,#1169,#1170,#1171,#1172,#1173,#1174,#1175,#1176,#1177,
    #1178,#1179,#1180,#1181,#1182,#1183,#1184),.UNSPECIFIED.,.F.,.F.,(4,
    1,1,1,1,1,1,1,1,1,1,1,1,1,1,1,1,1,1,1,1,1,1,1,1,1,1,1,1,1,1,1,1,1,1,
    1,1,1,1,1,1,1,4),(0.,0.730834372759,1.018662515282,4.48313564866,
    5.10421416437,8.95523487653,9.922494521867,14.282725811698,
    15.625737552487,20.617532170979,22.361143247871,28.137305505387,
    30.298256378961,37.047866891279,39.632149047662,47.589384593001,
    50.589926407813,60.041432587621,63.436143263734,72.406550006914,
    76.107034568626,84.691737085276,88.625211250724,96.900297391025,
    101.00403653758,109.03397132953,113.250811863,121.09429437794,
    125.36967594602,133.08254323568,137.36244389846,145.00004533253,
    149.22972299596,156.84853703846,160.97203564768,168.62853285776,
    172.5889786714,180.34232065103,184.0809184876,191.99191779846,
    195.45421601479,203.57718464059,204.28151761972),.UNSPECIFIED.);
#1140 = CARTESIAN_POINT('',(706.47707451965,1.1963E+03,12.220981739819)
  );
#1141 = CARTESIAN_POINT('',(706.71163270766,1.1963E+03,12.275801446302)
  );
#1142 = CARTESIAN_POINT('',(707.03918682269,1.1963E+03,12.349201205431)
  );
#1143 = CARTESIAN_POINT('',(708.48456983646,1.1963E+03,12.653737444029)
  );
#1144 = CARTESIAN_POINT('',(709.90722918989,1.1963E+03,12.889209598684)
  );
#1145 = CARTESIAN_POINT('',(712.48897320278,1.1963E+03,13.310278500546)
  );
#1146 = CARTESIAN_POINT('',(714.25864855599,1.1963E+03,13.593175702682)
  );
#1147 = CARTESIAN_POINT('',(717.24852490991,1.1963E+03,14.049018452444)
  );
#1148 = CARTESIAN_POINT('',(719.42414854393,1.1963E+03,14.363865499197)
  );
#1149 = CARTESIAN_POINT('',(722.91526758675,1.1963E+03,14.847103115271)
  );
#1150 = CARTESIAN_POINT('',(725.55462137227,1.1963E+03,15.194209465151)
  );
#1151 = CARTESIAN_POINT('',(729.64597653304,1.1963E+03,15.70348199032));
#1152 = CARTESIAN_POINT('',(732.81456379938,1.1963E+03,16.073911021282)
  );
#1153 = CARTESIAN_POINT('',(737.62534896417,1.1963E+03,16.602542692408)
  );
#1154 = CARTESIAN_POINT('',(741.39363971964,1.1963E+03,16.988069495395)
  );
#1155 = CARTESIAN_POINT('',(747.06587911688,1.1963E+03,17.528883702025)
  );
#1156 = CARTESIAN_POINT('',(751.51136050971,1.1963E+03,17.919361663394)
  );
#1157 = CARTESIAN_POINT('',(758.21481580696,1.1963E+03,18.463369072745)
  );
#1158 = CARTESIAN_POINT('',(763.42267244176,1.1963E+03,18.848358657031)
  );
#1159 = CARTESIAN_POINT('',(770.59552476292,1.1963E+03,19.333510975758)
  );
#1160 = CARTESIAN_POINT('',(775.87956010651,1.1963E+03,19.660386965276)
  );
#1161 = CARTESIAN_POINT('',(782.8726865601,1.1963E+03,20.05674858193));
#1162 = CARTESIAN_POINT('',(788.21007232955,1.1963E+03,20.333468861864)
  );
#1163 = CARTESIAN_POINT('',(795.05439079164,1.1963E+03,20.657676411979)
  );
#1164 = CARTESIAN_POINT('',(800.42480268515,1.1963E+03,20.889180546793)
  );
#1165 = CARTESIAN_POINT('',(807.14497745751,1.1963E+03,21.151313953686)
  );
#1166 = CARTESIAN_POINT('',(812.52966356258,1.1963E+03,21.339902657488)
  );
#1167 = CARTESIAN_POINT('',(819.14679942043,1.1963E+03,21.545501817289)
  );
#1168 = CARTESIAN_POINT('',(824.52791958038,1.1963E+03,21.691696534633)
  );
#1169 = CARTESIAN_POINT('',(831.06129575595,1.1963E+03,21.843441453712)
  );
#1170 = CARTESIAN_POINT('',(836.42114466452,1.1963E+03,21.946769741526)
  );
#1171 = CARTESIAN_POINT('',(842.88917871193,1.1963E+03,22.045347075496)
  );
#1172 = CARTESIAN_POINT('',(848.20983054837,1.1963E+03,22.104774769014)
  );
#1173 = CARTESIAN_POINT('',(854.63091585814,1.1963E+03,22.149780496427)
  );
#1174 = CARTESIAN_POINT('',(859.89415061781,1.1963E+03,22.164615356936)
  );
#1175 = CARTESIAN_POINT('',(866.28662538154,1.1963E+03,22.15566227308));
#1176 = CARTESIAN_POINT('',(871.47349522392,1.1963E+03,22.12588125757));
#1177 = CARTESIAN_POINT('',(877.85625541567,1.1963E+03,22.060641604147)
  );
#1178 = CARTESIAN_POINT('',(882.94774504685,1.1963E+03,21.985772518799)
  );
#1179 = CARTESIAN_POINT('',(889.34038703608,1.1963E+03,21.864062363684)
  );
#1180 = CARTESIAN_POINT('',(894.31888733641,1.1963E+03,21.749598542898)
  );
#1181 = CARTESIAN_POINT('',(900.74141855587,1.1963E+03,21.583012762539)
  );
#1182 = CARTESIAN_POINT('',(904.78928830777,1.1963E+03,21.457224209959)
  );
#1183 = CARTESIAN_POINT('',(907.69594461249,1.1963E+03,21.344412327236)
  );
#1184 = CARTESIAN_POINT('',(907.9278627048,1.1963E+03,21.335278132656));
#1185 = ORIENTED_EDGE('',*,*,#1186,.T.);
#1186 = EDGE_CURVE('',#1135,#1187,#1189,.T.);
#1187 = VERTEX_POINT('',#1188);
#1188 = CARTESIAN_POINT('',(713.32991703154,1.208480672234E+03,1.01E-12)
  );
#1189 = B_SPLINE_CURVE_WITH_KNOTS('',7,(#1190,#1191,#1192,#1193,#1194,
    #1195,#1196,#1197),.UNSPECIFIED.,.F.,.F.,(8,8),(0.,1.),
  .PIECEWISE_BEZIER_KNOTS.);
#1190 = CARTESIAN_POINT('',(706.47707451965,1.1963E+03,12.220981739819)
  );
#1191 = CARTESIAN_POINT('',(707.94759173141,1.198913789554E+03,
    12.624638061016));
#1192 = CARTESIAN_POINT('',(709.46326277395,1.201607838359E+03,
    12.16659271876));
#1193 = CARTESIAN_POINT('',(710.88285651616,1.204131113343E+03,
    10.832522303123));
#1194 = CARTESIAN_POINT('',(712.0675064394,1.206236784442E+03,
    8.719882904969));
#1195 = CARTESIAN_POINT('',(712.90515394131,1.207725671667E+03,
    6.028513661239));
#1196 = CARTESIAN_POINT('',(713.32991703154,1.208480672234E+03,
    3.02609569024));
#1197 = CARTESIAN_POINT('',(713.32991703154,1.208480672234E+03,
    1.00986E-12));
#1198 = ORIENTED_EDGE('',*,*,#1199,.T.);
#1199 = EDGE_CURVE('',#1187,#1200,#1202,.T.);
#1200 = VERTEX_POINT('',#1201);
#1201 = CARTESIAN_POINT('',(917.14202703153,1.217737320062E+03,
    5.4604E-11));
#1202 = B_SPLINE_CURVE_WITH_KNOTS('',3,(#1203,#1204,#1205,#1206,#1207,
    #1208,#1209,#1210,#1211,#1212,#1213,#1214,#1215,#1216,#1217,#1218,
    #1219,#1220,#1221,#1222,#1223,#1224,#1225,#1226,#1227,#1228,#1229,
    #1230,#1231,#1232,#1233,#1234,#1235,#1236,#1237,#1238,#1239,#1240,
    #1241,#1242,#1243,#1244,#1245,#1246,#1247),.UNSPECIFIED.,.F.,.F.,(4,
    1,1,1,1,1,1,1,1,1,1,1,1,1,1,1,1,1,1,1,1,1,1,1,1,1,1,1,1,1,1,1,1,1,1,
    1,1,1,1,1,1,1,4),(0.,0.730834372759,1.018662515282,4.48313564866,
    5.10421416437,8.95523487653,9.922494521867,14.282725811698,
    15.625737552487,20.617532170979,22.361143247871,28.137305505387,
    30.298256378961,37.047866891279,39.632149047662,47.589384593001,
    50.589926407813,60.041432587621,63.436143263734,72.406550006914,
    76.107034568626,84.691737085276,88.625211250724,96.900297391025,
    101.00403653758,109.03397132953,113.250811863,121.09429437794,
    125.36967594602,133.08254323568,137.36244389846,145.00004533253,
    149.22972299596,156.84853703846,160.97203564768,168.62853285776,
    172.5889786714,180.34232065103,184.0809184876,191.99191779846,
    195.45421601479,203.57718464059,204.28151761972),.UNSPECIFIED.);
#1203 = CARTESIAN_POINT('',(713.32991703154,1.208480672234E+03,
    1.00986E-12));
#1204 = CARTESIAN_POINT('',(713.56846901638,1.208530262441E+03,0.));
#1205 = CARTESIAN_POINT('',(713.9013761559,1.208597182403E+03,0.));
#1206 = CARTESIAN_POINT('',(715.36891490493,1.208878598158E+03,0.));
#1207 = CARTESIAN_POINT('',(716.80909894166,1.209106620276E+03,0.));
#1208 = CARTESIAN_POINT('',(719.42567583033,1.209500285698E+03,0.));
#1209 = CARTESIAN_POINT('',(721.21934011686,1.20976462893E+03,0.));
#1210 = CARTESIAN_POINT('',(724.24816589997,1.210195601896E+03,0.));
#1211 = CARTESIAN_POINT('',(726.45139352434,1.210495646948E+03,0.));
#1212 = CARTESIAN_POINT('',(729.98642730878,1.210957732148E+03,0.));
#1213 = CARTESIAN_POINT('',(732.65846405458,1.211291767977E+03,0.));
#1214 = CARTESIAN_POINT('',(736.79968300093,1.211785325633E+03,0.));
#1215 = CARTESIAN_POINT('',(740.00632255625,1.212146939635E+03,0.));
#1216 = CARTESIAN_POINT('',(744.87435294828,1.212666018167E+03,0.));
#1217 = CARTESIAN_POINT('',(748.68701370805,1.213047302239E+03,0.));
#1218 = CARTESIAN_POINT('',(754.42560606893,1.213585319994E+03,0.));
#1219 = CARTESIAN_POINT('',(758.92271668925,1.213976557961E+03,0.));
#1220 = CARTESIAN_POINT('',(765.70377450335,1.21452447225E+03,0.));
#1221 = CARTESIAN_POINT('',(770.9716659626,1.214914908741E+03,0.));
#1222 = CARTESIAN_POINT('',(778.22711448084,1.215409214571E+03,0.));
#1223 = CARTESIAN_POINT('',(783.57188183002,1.215744234106E+03,0.));
#1224 = CARTESIAN_POINT('',(790.64535697388,1.216152289567E+03,0.));
#1225 = CARTESIAN_POINT('',(796.04401764001,1.21643886515E+03,0.));
#1226 = CARTESIAN_POINT('',(802.96691321025,1.216776352348E+03,0.));
#1227 = CARTESIAN_POINT('',(808.39895887144,1.217019080885E+03,0.));
#1228 = CARTESIAN_POINT('',(815.19626669272,1.217295936716E+03,0.));
#1229 = CARTESIAN_POINT('',(820.6427539369,1.217497107749E+03,0.));
#1230 = CARTESIAN_POINT('',(827.33585436907,1.217718902088E+03,0.));
#1231 = CARTESIAN_POINT('',(832.77876441367,1.217879000083E+03,0.));
#1232 = CARTESIAN_POINT('',(839.38719447315,1.218048307489E+03,0.));
#1233 = CARTESIAN_POINT('',(844.80864847279,1.218166705018E+03,0.));
#1234 = CARTESIAN_POINT('',(851.35107494231,1.218284070171E+03,0.));
#1235 = CARTESIAN_POINT('',(856.73297503957,1.218359414631E+03,0.));
#1236 = CARTESIAN_POINT('',(863.22804278255,1.218423880946E+03,0.));
#1237 = CARTESIAN_POINT('',(868.55198313312,1.218454621872E+03,0.));
#1238 = CARTESIAN_POINT('',(875.01827308639,1.218464899034E+03,0.));
#1239 = CARTESIAN_POINT('',(880.26511523747,1.21845100925E+03,0.));
#1240 = CARTESIAN_POINT('',(886.72173154136,1.218404468564E+03,0.));
#1241 = CARTESIAN_POINT('',(891.87218483029,1.21834262553E+03,0.));
#1242 = CARTESIAN_POINT('',(898.33902180007,1.218237931223E+03,0.));
#1243 = CARTESIAN_POINT('',(903.37535105232,1.218136338047E+03,0.));
#1244 = CARTESIAN_POINT('',(909.87207772455,1.217973510307E+03,0.));
#1245 = CARTESIAN_POINT('',(913.96673362048,1.217848650285E+03,0.));
#1246 = CARTESIAN_POINT('',(916.90739366751,1.217745625985E+03,0.));
#1247 = CARTESIAN_POINT('',(917.14202703153,1.217737320062E+03,
    5.460432E-11));
#1248 = ORIENTED_EDGE('',*,*,#1249,.F.);
#1249 = EDGE_CURVE('',#1137,#1200,#1250,.T.);
#1250 = B_SPLINE_CURVE_WITH_KNOTS('',7,(#1251,#1252,#1253,#1254,#1255,
    #1256,#1257,#1258),.UNSPECIFIED.,.F.,.F.,(8,8),(0.,1.),
  .PIECEWISE_BEZIER_KNOTS.);
#1251 = CARTESIAN_POINT('',(907.9278627048,1.1963E+03,21.335278132656));
#1252 = CARTESIAN_POINT('',(909.94075145848,1.200983109497E+03,
    21.792280849053));
#1253 = CARTESIAN_POINT('',(911.98901409377,1.205748518505E+03,
    20.825226564897));
#1254 = CARTESIAN_POINT('',(913.89010545666,1.210171524495E+03,
    18.43058615741));
#1255 = CARTESIAN_POINT('',(915.46717679778,1.213840677975E+03,
    14.77889789739));
#1256 = CARTESIAN_POINT('',(916.57877276084,1.216426874356E+03,
    10.197699829849));
#1257 = CARTESIAN_POINT('',(917.14202703153,1.217737320062E+03,
    5.11782054941));
#1258 = CARTESIAN_POINT('',(917.14202703153,1.217737320062E+03,
    5.460432E-11));
#1259 = B_SPLINE_SURFACE_WITH_KNOTS('',7,3,(
    (#1260,#1261,#1262,#1263,#1264,#1265,#1266,#1267,#1268,#1269,#1270
      ,#1271,#1272,#1273,#1274,#1275,#1276,#1277,#1278,#1279,#1280,#1281
      ,#1282,#1283,#1284,#1285,#1286,#1287,#1288,#1289,#1290,#1291,#1292
      ,#1293,#1294,#1295,#1296,#1297,#1298,#1299,#1300,#1301,#1302,#1303
      ,#1304)
    ,(#1305,#1306,#1307,#1308,#1309,#1310,#1311,#1312,#1313,#1314,#1315
      ,#1316,#1317,#1318,#1319,#1320,#1321,#1322,#1323,#1324,#1325,#1326
      ,#1327,#1328,#1329,#1330,#1331,#1332,#1333,#1334,#1335,#1336,#1337
      ,#1338,#1339,#1340,#1341,#1342,#1343,#1344,#1345,#1346,#1347,#1348
      ,#1349)
    ,(#1350,#1351,#1352,#1353,#1354,#1355,#1356,#1357,#1358,#1359,#1360
      ,#1361,#1362,#1363,#1364,#1365,#1366,#1367,#1368,#1369,#1370,#1371
      ,#1372,#1373,#1374,#1375,#1376,#1377,#1378,#1379,#1380,#1381,#1382
      ,#1383,#1384,#1385,#1386,#1387,#1388,#1389,#1390,#1391,#1392,#1393
      ,#1394)
    ,(#1395,#1396,#1397,#1398,#1399,#1400,#1401,#1402,#1403,#1404,#1405
      ,#1406,#1407,#1408,#1409,#1410,#1411,#1412,#1413,#1414,#1415,#1416
      ,#1417,#1418,#1419,#1420,#1421,#1422,#1423,#1424,#1425,#1426,#1427
      ,#1428,#1429,#1430,#1431,#1432,#1433,#1434,#1435,#1436,#1437,#1438
      ,#1439)
    ,(#1440,#1441,#1442,#1443,#1444,#1445,#1446,#1447,#1448,#1449,#1450
      ,#1451,#1452,#1453,#1454,#1455,#1456,#1457,#1458,#1459,#1460,#1461
      ,#1462,#1463,#1464,#1465,#1466,#1467,#1468,#1469,#1470,#1471,#1472
      ,#1473,#1474,#1475,#1476,#1477,#1478,#1479,#1480,#1481,#1482,#1483
      ,#1484)
    ,(#1485,#1486,#1487,#1488,#1489,#1490,#1491,#1492,#1493,#1494,#1495
      ,#1496,#1497,#1498,#1499,#1500,#1501,#1502,#1503,#1504,#1505,#1506
      ,#1507,#1508,#1509,#1510,#1511,#1512,#1513,#1514,#1515,#1516,#1517
      ,#1518,#1519,#1520,#1521,#1522,#1523,#1524,#1525,#1526,#1527,#1528
      ,#1529)
    ,(#1530,#1531,#1532,#1533,#1534,#1535,#1536,#1537,#1538,#1539,#1540
      ,#1541,#1542,#1543,#1544,#1545,#1546,#1547,#1548,#1549,#1550,#1551
      ,#1552,#1553,#1554,#1555,#1556,#1557,#1558,#1559,#1560,#1561,#1562
      ,#1563,#1564,#1565,#1566,#1567,#1568,#1569,#1570,#1571,#1572,#1573
      ,#1574)
    ,(#1575,#1576,#1577,#1578,#1579,#1580,#1581,#1582,#1583,#1584,#1585
      ,#1586,#1587,#1588,#1589,#1590,#1591,#1592,#1593,#1594,#1595,#1596
      ,#1597,#1598,#1599,#1600,#1601,#1602,#1603,#1604,#1605,#1606,#1607
      ,#1608,#1609,#1610,#1611,#1612,#1613,#1614,#1615,#1616,#1617,#1618
      ,#1619
    )),.UNSPECIFIED.,.F.,.F.,.F.,(8,8),(4,1,1,1,1,1,1,1,1,1,1,1,1,1,1,1,
    1,1,1,1,1,1,1,1,1,1,1,1,1,1,1,1,1,1,1,1,1,1,1,1,1,1,4),(0.,1.),(0.,
    0.730834372759,1.018662515282,4.48313564866,5.10421416437,
    8.95523487653,9.922494521867,14.282725811698,15.625737552487,
    20.617532170979,22.361143247871,28.137305505387,30.298256378961,
    37.047866891279,39.632149047662,47.589384593001,50.589926407813,
    60.041432587621,63.436143263734,72.406550006914,76.107034568626,
    84.691737085276,88.625211250724,96.900297391025,101.00403653758,
    109.03397132953,113.250811863,121.09429437794,125.36967594602,
    133.08254323568,137.36244389846,145.00004533253,149.22972299596,
    156.84853703846,160.97203564768,168.62853285776,172.5889786714,
    180.34232065103,184.0809184876,191.99191779846,195.45421601479,
    203.57718464059,204.28151761972),.UNSPECIFIED.);
#1260 = CARTESIAN_POINT('',(706.47707451965,1.1963E+03,12.220981739819)
  );
#1261 = CARTESIAN_POINT('',(706.71163270766,1.1963E+03,12.275801446302)
  );
#1262 = CARTESIAN_POINT('',(707.03918682269,1.1963E+03,12.349201205431)
  );
#1263 = CARTESIAN_POINT('',(708.48456983646,1.1963E+03,12.653737444029)
  );
#1264 = CARTESIAN_POINT('',(709.90722918989,1.1963E+03,12.889209598684)
  );
#1265 = CARTESIAN_POINT('',(712.48897320278,1.1963E+03,13.310278500546)
  );
#1266 = CARTESIAN_POINT('',(714.25864855599,1.1963E+03,13.593175702682)
  );
#1267 = CARTESIAN_POINT('',(717.24852490991,1.1963E+03,14.049018452444)
  );
#1268 = CARTESIAN_POINT('',(719.42414854393,1.1963E+03,14.363865499197)
  );
#1269 = CARTESIAN_POINT('',(722.91526758675,1.1963E+03,14.847103115271)
  );
#1270 = CARTESIAN_POINT('',(725.55462137227,1.1963E+03,15.194209465151)
  );
#1271 = CARTESIAN_POINT('',(729.64597653304,1.1963E+03,15.70348199032));
#1272 = CARTESIAN_POINT('',(732.81456379938,1.1963E+03,16.073911021282)
  );
#1273 = CARTESIAN_POINT('',(737.62534896417,1.1963E+03,16.602542692408)
  );
#1274 = CARTESIAN_POINT('',(741.39363971964,1.1963E+03,16.988069495395)
  );
#1275 = CARTESIAN_POINT('',(747.06587911688,1.1963E+03,17.528883702025)
  );
#1276 = CARTESIAN_POINT('',(751.51136050971,1.1963E+03,17.919361663394)
  );
#1277 = CARTESIAN_POINT('',(758.21481580696,1.1963E+03,18.463369072745)
  );
#1278 = CARTESIAN_POINT('',(763.42267244176,1.1963E+03,18.848358657031)
  );
#1279 = CARTESIAN_POINT('',(770.59552476292,1.1963E+03,19.333510975758)
  );
#1280 = CARTESIAN_POINT('',(775.87956010651,1.1963E+03,19.660386965276)
  );
#1281 = CARTESIAN_POINT('',(782.8726865601,1.1963E+03,20.05674858193));
#1282 = CARTESIAN_POINT('',(788.21007232955,1.1963E+03,20.333468861864)
  );
#1283 = CARTESIAN_POINT('',(795.05439079164,1.1963E+03,20.657676411979)
  );
#1284 = CARTESIAN_POINT('',(800.42480268515,1.1963E+03,20.889180546793)
  );
#1285 = CARTESIAN_POINT('',(807.14497745751,1.1963E+03,21.151313953686)
  );
#1286 = CARTESIAN_POINT('',(812.52966356258,1.1963E+03,21.339902657488)
  );
#1287 = CARTESIAN_POINT('',(819.14679942043,1.1963E+03,21.545501817289)
  );
#1288 = CARTESIAN_POINT('',(824.52791958038,1.1963E+03,21.691696534633)
  );
#1289 = CARTESIAN_POINT('',(831.06129575595,1.1963E+03,21.843441453712)
  );
#1290 = CARTESIAN_POINT('',(836.42114466452,1.1963E+03,21.946769741526)
  );
#1291 = CARTESIAN_POINT('',(842.88917871193,1.1963E+03,22.045347075496)
  );
#1292 = CARTESIAN_POINT('',(848.20983054837,1.1963E+03,22.104774769014)
  );
#1293 = CARTESIAN_POINT('',(854.63091585814,1.1963E+03,22.149780496427)
  );
#1294 = CARTESIAN_POINT('',(859.89415061781,1.1963E+03,22.164615356936)
  );
#1295 = CARTESIAN_POINT('',(866.28662538154,1.1963E+03,22.15566227308));
#1296 = CARTESIAN_POINT('',(871.47349522392,1.1963E+03,22.12588125757));
#1297 = CARTESIAN_POINT('',(877.85625541567,1.1963E+03,22.060641604147)
  );
#1298 = CARTESIAN_POINT('',(882.94774504685,1.1963E+03,21.985772518799)
  );
#1299 = CARTESIAN_POINT('',(889.34038703608,1.1963E+03,21.864062363684)
  );
#1300 = CARTESIAN_POINT('',(894.31888733641,1.1963E+03,21.749598542898)
  );
#1301 = CARTESIAN_POINT('',(900.74141855587,1.1963E+03,21.583012762539)
  );
#1302 = CARTESIAN_POINT('',(904.78928830777,1.1963E+03,21.457224209959)
  );
#1303 = CARTESIAN_POINT('',(907.69594461249,1.1963E+03,21.344412327236)
  );
#1304 = CARTESIAN_POINT('',(907.9278627048,1.1963E+03,21.335278132656));
#1305 = CARTESIAN_POINT('',(707.94759173141,1.198913789554E+03,
    12.624638061016));
#1306 = CARTESIAN_POINT('',(708.18738045851,1.198937849816E+03,
    12.702430670335));
#1307 = CARTESIAN_POINT('',(708.52035928801,1.198964385758E+03,
    12.796149039066));
#1308 = CARTESIAN_POINT('',(709.9735674035,1.199021563956E+03,
    13.087984390198));
#1309 = CARTESIAN_POINT('',(711.4033902798,1.199071114492E+03,
    13.320621955094));
#1310 = CARTESIAN_POINT('',(713.99477041449,1.199144328357E+03,
    13.712342446167));
#1311 = CARTESIAN_POINT('',(715.77253275485,1.199199067623E+03,
    13.98563005176));
#1312 = CARTESIAN_POINT('',(718.77263330963,1.199277611137E+03,
    14.407156698177));
#1313 = CARTESIAN_POINT('',(720.95686036753,1.199337450663E+03,
    14.707829884871));
#1314 = CARTESIAN_POINT('',(724.45891294155,1.199420438782E+03,
    15.152837845268));
#1315 = CARTESIAN_POINT('',(727.10759571808,1.199485134133E+03,
    15.481161863214));
#1316 = CARTESIAN_POINT('',(731.21073427347,1.199572618317E+03,
    15.948485459979));
#1317 = CARTESIAN_POINT('',(734.38941757778,1.199641253407E+03,
    16.296800347423));
#1318 = CARTESIAN_POINT('',(739.21304062886,1.199732383431E+03,
    16.780717497864));
#1319 = CARTESIAN_POINT('',(742.99232995306,1.199803828531E+03,
    17.14197333276));
#1320 = CARTESIAN_POINT('',(748.67870834179,1.199897664158E+03,
    17.636332656491));
#1321 = CARTESIAN_POINT('',(753.13622533523,1.199970531243E+03,
    18.001832341427));
#1322 = CARTESIAN_POINT('',(759.85542670299,1.20006578066E+03,
    18.498928696062));
#1323 = CARTESIAN_POINT('',(765.07651973798,1.200138533249E+03,
    18.859724057784));
#1324 = CARTESIAN_POINT('',(772.26583151254,1.200226124315E+03,
    19.306373191884));
#1325 = CARTESIAN_POINT('',(777.56320285362,1.200290960196E+03,
    19.617356900948));
#1326 = CARTESIAN_POINT('',(784.57246768822,1.200366229781E+03,
    19.987899718985));
#1327 = CARTESIAN_POINT('',(789.92326701102,1.200424145097E+03,
    20.255892819834));
#1328 = CARTESIAN_POINT('',(796.78347077096,1.200489333501E+03,
    20.564589295124));
#1329 = CARTESIAN_POINT('',(802.16734748511,1.200540984954E+03,
    20.793825700156));
#1330 = CARTESIAN_POINT('',(808.90320126114,1.200597511734E+03,
    21.04931576697));
#1331 = CARTESIAN_POINT('',(814.30137609705,1.2006432264E+03,
    21.241767516849));
#1332 = CARTESIAN_POINT('',(820.93402403363,1.200691887253E+03,
    21.448799657584));
#1333 = CARTESIAN_POINT('',(826.32863131664,1.200731734343E+03,
    21.604913704784));
#1334 = CARTESIAN_POINT('',(832.87738947232,1.200772897062E+03,
    21.765785067757));
#1335 = CARTESIAN_POINT('',(838.25069910487,1.200806786942E+03,
    21.885156461075));
#1336 = CARTESIAN_POINT('',(844.73402063783,1.20084052934E+03,
    22.000455608241));
#1337 = CARTESIAN_POINT('',(850.0680822225,1.200868268782E+03,
    22.082197920734));
#1338 = CARTESIAN_POINT('',(856.50439644798,1.200894454202E+03,
    22.151578547993));
#1339 = CARTESIAN_POINT('',(861.78096343161,1.200915821711E+03,
    22.195098432192));
#1340 = CARTESIAN_POINT('',(868.1886432191,1.200934265824E+03,
    22.218228649792));
#1341 = CARTESIAN_POINT('',(873.38874053084,1.200949257516E+03,
    22.223506354547));
#1342 = CARTESIAN_POINT('',(879.78671159244,1.200959584794E+03,
    22.19839094109));
#1343 = CARTESIAN_POINT('',(884.89128459998,1.200967726023E+03,
    22.16502172884));
#1344 = CARTESIAN_POINT('',(891.29918586883,1.20096974564E+03,
    22.091503028218));
#1345 = CARTESIAN_POINT('',(896.29060744469,1.200972208277E+03,
    22.024195471307));
#1346 = CARTESIAN_POINT('',(902.72839801123,1.200965923118E+03,
    21.912211949048));
#1347 = CARTESIAN_POINT('',(906.78761149468,1.20096506192E+03,
    21.835197479171));
#1348 = CARTESIAN_POINT('',(909.70378547355,1.20096732011E+03,
    21.76930586917));
#1349 = CARTESIAN_POINT('',(909.94075145848,1.200983109497E+03,
    21.792280849053));
#1350 = CARTESIAN_POINT('',(709.46326277395,1.201607838359E+03,
    12.16659271876));
#1351 = CARTESIAN_POINT('',(709.70805976856,1.201656005254E+03,
    12.254577427801));
#1352 = CARTESIAN_POINT('',(710.04624104096,1.201709123507E+03,
    12.355833603018));
#1353 = CARTESIAN_POINT('',(711.5070519866,1.201823526273E+03,
    12.62218726357));
#1354 = CARTESIAN_POINT('',(712.94381611419,1.201922673714E+03,
    12.839209435591));
#1355 = CARTESIAN_POINT('',(715.54461009911,1.202069147812E+03,
    13.188800712761));
#1356 = CARTESIAN_POINT('',(717.33023715506,1.202178672714E+03,
    13.439697918697));
#1357 = CARTESIAN_POINT('',(720.34033963911,1.202335806112E+03,
    13.814127658652));
#1358 = CARTESIAN_POINT('',(722.53294784932,1.202455531534E+03,
    14.087846182172));
#1359 = CARTESIAN_POINT('',(726.04571168297,1.202621554141E+03,
    14.481843683778));
#1360 = CARTESIAN_POINT('',(728.70350117893,1.202750991213E+03,
    14.778604566674));
#1361 = CARTESIAN_POINT('',(732.81820085738,1.20292600595E+03,
    15.19119843192));
#1362 = CARTESIAN_POINT('',(736.00675792808,1.203063322501E+03,
    15.504618372731));
#1363 = CARTESIAN_POINT('',(740.84299659388,1.203245628917E+03,
    15.931040199375));
#1364 = CARTESIAN_POINT('',(744.63306221523,1.203388565488E+03,
    16.255244263062));
#1365 = CARTESIAN_POINT('',(750.33335732388,1.20357628311E+03,
    16.69036790078));
#1366 = CARTESIAN_POINT('',(754.80268764636,1.203722063651E+03,
    17.018108506168));
#1367 = CARTESIAN_POINT('',(761.53741281307,1.203912608855E+03,
    17.455513002972));
#1368 = CARTESIAN_POINT('',(766.77151997666,1.204058160402E+03,
    17.779333339015));
#1369 = CARTESIAN_POINT('',(773.97706893306,1.204233388903E+03,
    18.174698485374));
#1370 = CARTESIAN_POINT('',(779.28755400005,1.204363107035E+03,
    18.457009110869));
#1371 = CARTESIAN_POINT('',(786.31273494409,1.204513692573E+03,
    18.788952327175));
#1372 = CARTESIAN_POINT('',(791.67672554867,1.204629569575E+03,
    19.035437445824));
#1373 = CARTESIAN_POINT('',(798.55259233488,1.204759992753E+03,
    19.315842043174));
#1374 = CARTESIAN_POINT('',(803.9497115981,1.204863342028E+03,
    19.530029915309));
#1375 = CARTESIAN_POINT('',(810.70102210623,1.204976441958E+03,
    19.766095838928));
#1376 = CARTESIAN_POINT('',(816.11246340141,1.20506791766E+03,
    19.949629831769));
#1377 = CARTESIAN_POINT('',(822.76040114515,1.205165285736E+03,
    20.145314150323));
#1378 = CARTESIAN_POINT('',(828.16827327965,1.205245026284E+03,
    20.298566724265));
#1379 = CARTESIAN_POINT('',(834.73219114385,1.205327398093E+03,
    20.455783728018));
#1380 = CARTESIAN_POINT('',(840.11873922881,1.205395224222E+03,
    20.578417423724));
#1381 = CARTESIAN_POINT('',(846.61712597576,1.205462755387E+03,
    20.697657580971));
#1382 = CARTESIAN_POINT('',(851.96437503709,1.20551828064E+03,
    20.788933709323));
#1383 = CARTESIAN_POINT('',(858.41569590671,1.205570697851E+03,
    20.869908433314));
#1384 = CARTESIAN_POINT('',(863.70537284272,1.205613479237E+03,
    20.929332538087));
#1385 = CARTESIAN_POINT('',(870.1280353824,1.205650413833E+03,
    20.97176525403));
#1386 = CARTESIAN_POINT('',(875.34113789192,1.205680443588E+03,
    20.999320875933));
#1387 = CARTESIAN_POINT('',(881.75409755179,1.205701144513E+03,
    21.001548899327));
#1388 = CARTESIAN_POINT('',(886.87153166413,1.205717473339E+03,
    20.996898757061));
#1389 = CARTESIAN_POINT('',(893.29446994103,1.205721558944E+03,
    20.958790707817));
#1390 = CARTESIAN_POINT('',(898.29859052084,1.205726530587E+03,
    20.925858611666));
#1391 = CARTESIAN_POINT('',(904.75141816289,1.205714006639E+03,
    20.855696544392));
#1392 = CARTESIAN_POINT('',(908.82175310631,1.205712330612E+03,
    20.814675354103));
#1393 = CARTESIAN_POINT('',(911.74722248777,1.205716893362E+03,
    20.782923213711));
#1394 = CARTESIAN_POINT('',(911.98901409377,1.205748518505E+03,
    20.825226564897));
#1395 = CARTESIAN_POINT('',(710.88285651616,1.204131113343E+03,
    10.832522303123));
#1396 = CARTESIAN_POINT('',(711.13150055165,1.204199486206E+03,
    10.918163633478));
#1397 = CARTESIAN_POINT('',(711.47372304031,1.204275286108E+03,
    11.014422136774));
#1398 = CARTESIAN_POINT('',(712.94097558945,1.204443012777E+03,
    11.242758628337));
#1399 = CARTESIAN_POINT('',(714.38351974171,1.20458785646E+03,
    11.431629929076));
#1400 = CARTESIAN_POINT('',(716.99256635021,1.204803690129E+03,
    11.726556513933));
#1401 = CARTESIAN_POINT('',(718.78489689511,1.204964100003E+03,
    11.942527841804));
#1402 = CARTESIAN_POINT('',(721.8038400818,1.205195922621E+03,
    12.25732519689));
#1403 = CARTESIAN_POINT('',(724.00366821768,1.205371633275E+03,
    12.491553578828));
#1404 = CARTESIAN_POINT('',(727.52598208432,1.205616789706E+03,
    12.822005143235));
#1405 = CARTESIAN_POINT('',(730.19171707308,1.205807067836E+03,
    13.074667412674));
#1406 = CARTESIAN_POINT('',(734.31681664794,1.206065712463E+03,
    13.419996067992));
#1407 = CARTESIAN_POINT('',(737.5140862584,1.20626780981E+03,
    13.685985583764));
#1408 = CARTESIAN_POINT('',(742.36177931228,1.206537391956E+03,
    14.0423766082));
#1409 = CARTESIAN_POINT('',(746.16146000415,1.206747919333E+03,
    14.316993422272));
#1410 = CARTESIAN_POINT('',(751.87451060607,1.207025618288E+03,
    14.680345895568));
#1411 = CARTESIAN_POINT('',(756.35449303096,1.20724041162E+03,
    14.957791943001));
#1412 = CARTESIAN_POINT('',(763.10358076998,1.207522351947E+03,
    15.322969103566));
#1413 = CARTESIAN_POINT('',(768.34954083553,1.207736801789E+03,
    15.597278935522));
#1414 = CARTESIAN_POINT('',(775.57016574714,1.207995767062E+03,
    15.928824615731));
#1415 = CARTESIAN_POINT('',(780.8926033134,1.208186466781E+03,
    16.169926679249));
#1416 = CARTESIAN_POINT('',(787.93253914023,1.20840846761E+03,
    16.450734815416));
#1417 = CARTESIAN_POINT('',(793.30855979995,1.208578405634E+03,
    16.663176473457));
#1418 = CARTESIAN_POINT('',(800.1989283858,1.208770162922E+03,
    16.902753714459));
#1419 = CARTESIAN_POINT('',(805.60812897144,1.208921309356E+03,
    17.089357575289));
#1420 = CARTESIAN_POINT('',(812.37373498504,1.209087081772E+03,
    17.293463877307));
#1421 = CARTESIAN_POINT('',(817.79728151286,1.209220417846E+03,
    17.455544634701));
#1422 = CARTESIAN_POINT('',(824.45934783711,1.209362592481E+03,
    17.627345652667));
#1423 = CARTESIAN_POINT('',(829.87932359647,1.209478325825E+03,
    17.765201274942));
#1424 = CARTESIAN_POINT('',(836.45723994256,1.209598006059E+03,
    17.906228441066));
#1425 = CARTESIAN_POINT('',(841.85586525329,1.209695867774E+03,
    18.019588960753));
#1426 = CARTESIAN_POINT('',(848.36815598758,1.209793287043E+03,
    18.130234649672));
#1427 = CARTESIAN_POINT('',(853.72743129893,1.209872697444E+03,
    18.218509115476));
#1428 = CARTESIAN_POINT('',(860.19259758605,1.209947445782E+03,
    18.298542457791));
#1429 = CARTESIAN_POINT('',(865.49422324781,1.210007740382E+03,
    18.361335304731));
#1430 = CARTESIAN_POINT('',(871.93070731304,1.210059264797E+03,
    18.410535040607));
#1431 = CARTESIAN_POINT('',(877.15565379371,1.21010043195E+03,
    18.447833101252));
#1432 = CARTESIAN_POINT('',(883.58244082521,1.210127605859E+03,
    18.464869083089));
#1433 = CARTESIAN_POINT('',(888.7115748157,1.21014822162E+03,
    18.476402532398));
#1434 = CARTESIAN_POINT('',(895.14838887401,1.210150472548E+03,
    18.461169656125));
#1435 = CARTESIAN_POINT('',(900.16404723115,1.210154052533E+03,
    18.450077542326));
#1436 = CARTESIAN_POINT('',(906.63075072206,1.210131389134E+03,
    18.409201451629));
#1437 = CARTESIAN_POINT('',(910.71104589882,1.210124997613E+03,
    18.391638062519));
#1438 = CARTESIAN_POINT('',(913.64464945622,1.210127964259E+03,
    18.381489913328));
#1439 = CARTESIAN_POINT('',(913.89010545666,1.210171524495E+03,
    18.43058615741));
#1440 = CARTESIAN_POINT('',(712.0675064394,1.206236784442E+03,
    8.719882904969));
#1441 = CARTESIAN_POINT('',(712.31797305661,1.20631772126E+03,
    8.792306336864));
#1442 = CARTESIAN_POINT('',(712.66221230237,1.206408560795E+03,
    8.872692648465));
#1443 = CARTESIAN_POINT('',(714.13388199587,1.206621969355E+03,
    9.052137451267));
#1444 = CARTESIAN_POINT('',(715.58018171364,1.206804867264E+03,
    9.201983360951));
#1445 = CARTESIAN_POINT('',(718.19545648657,1.20708241849E+03,
    9.431370733723));
#1446 = CARTESIAN_POINT('',(719.99246606126,1.207286071322E+03,
    9.601541663756));
#1447 = CARTESIAN_POINT('',(723.01822549144,1.207584941145E+03,
    9.8458321142));
#1448 = CARTESIAN_POINT('',(725.22324909383,1.207808995017E+03,
    10.029695834783));
#1449 = CARTESIAN_POINT('',(728.75308853431,1.20812564326E+03,
    10.285726942217));
#1450 = CARTESIAN_POINT('',(731.42474455672,1.208369120432E+03,
    10.483416078426));
#1451 = CARTESIAN_POINT('',(735.55821956883,1.208703752935E+03,
    10.750605004044));
#1452 = CARTESIAN_POINT('',(738.7621772599,1.208962989064E+03,
    10.958289575002));
#1453 = CARTESIAN_POINT('',(743.6193002427,1.209312204925E+03,
    11.233775277458));
#1454 = CARTESIAN_POINT('',(747.42657154593,1.209582681094E+03,
    11.447930322142));
#1455 = CARTESIAN_POINT('',(753.15035318198,1.209942719368E+03,
    11.728637111243));
#1456 = CARTESIAN_POINT('',(757.63896325011,1.210218883477E+03,
    11.944914080947));
#1457 = CARTESIAN_POINT('',(764.40038910229,1.210584576913E+03,
    12.2269893855));
#1458 = CARTESIAN_POINT('',(769.65617761065,1.210860283036E+03,
    12.440914193597));
#1459 = CARTESIAN_POINT('',(776.8898540183,1.211195343067E+03,
    12.697765887883));
#1460 = CARTESIAN_POINT('',(782.22221962468,1.211439382357E+03,
    12.886784869651));
#1461 = CARTESIAN_POINT('',(789.27488587515,1.211725156463E+03,
    13.105583405905));
#1462 = CARTESIAN_POINT('',(794.66091213087,1.211941513495E+03,
    13.273107083566));
#1463 = CARTESIAN_POINT('',(801.5637580572,1.212186962879E+03,
    13.460982448446));
#1464 = CARTESIAN_POINT('',(806.98301550611,1.212378264457E+03,
    13.609127778198));
#1465 = CARTESIAN_POINT('',(813.76089256602,1.212589067345E+03,
    13.770399938841));
#1466 = CARTESIAN_POINT('',(819.19451986731,1.212756621778E+03,
    13.900152941016));
#1467 = CARTESIAN_POINT('',(825.86869031293,1.212935960957E+03,
    14.037196138619));
#1468 = CARTESIAN_POINT('',(831.29874523799,1.213080045082E+03,
    14.148780289455));
#1469 = CARTESIAN_POINT('',(837.88863560681,1.213229391728E+03,
    14.262743098177));
#1470 = CARTESIAN_POINT('',(843.29731368416,1.213349647015E+03,
    14.355955922072));
#1471 = CARTESIAN_POINT('',(849.82148394664,1.213469312373E+03,
    14.447132622891));
#1472 = CARTESIAN_POINT('',(855.19076104886,1.213564965907E+03,
    14.521530906373));
#1473 = CARTESIAN_POINT('',(861.66774829433,1.213654403358E+03,
    14.589748347239));
#1474 = CARTESIAN_POINT('',(866.97929822267,1.213724569158E+03,
    14.645035416574));
#1475 = CARTESIAN_POINT('',(873.4275793543,1.213783041378E+03,
    14.69012765261));
#1476 = CARTESIAN_POINT('',(878.66234534696,1.213827703915E+03,
    14.726293632223));
#1477 = CARTESIAN_POINT('',(885.10093529095,1.213853708794E+03,
    14.74726305273));
#1478 = CARTESIAN_POINT('',(890.23974470043,1.213870969475E+03,
    14.764105573841));
#1479 = CARTESIAN_POINT('',(896.688410081,1.213863743713E+03,
    14.760873350766));
#1480 = CARTESIAN_POINT('',(901.7135817563,1.213858290026E+03,
    14.760746699546));
#1481 = CARTESIAN_POINT('',(908.19213663693,1.213817845159E+03,
    14.738282065652));
#1482 = CARTESIAN_POINT('',(912.28036758787,1.213799096132E+03,
    14.73330195795));
#1483 = CARTESIAN_POINT('',(915.22008086206,1.21379282466E+03,
    14.733883280185));
#1484 = CARTESIAN_POINT('',(915.46717679778,1.213840677975E+03,
    14.77889789739));
#1485 = CARTESIAN_POINT('',(712.90515394131,1.207725671667E+03,
    6.028513661239));
#1486 = CARTESIAN_POINT('',(713.15475057305,1.207808577593E+03,
    6.079746922813));
#1487 = CARTESIAN_POINT('',(713.49831400871,1.207903861916E+03,
    6.136288770857));
#1488 = CARTESIAN_POINT('',(714.97170827937,1.208152357519E+03,
    6.258869613035));
#1489 = CARTESIAN_POINT('',(716.41907099544,1.20836271481E+03,
    6.361717859801));
#1490 = CARTESIAN_POINT('',(719.0378813656,1.208691388747E+03,
    6.517593748626));
#1491 = CARTESIAN_POINT('',(720.83687740289,1.208927689691E+03,
    6.633992008957));
#1492 = CARTESIAN_POINT('',(723.86676050937,1.209283011873E+03,
    6.799803282897));
#1493 = CARTESIAN_POINT('',(726.07428701107,1.209544814117E+03,
    6.925330070262));
#1494 = CARTESIAN_POINT('',(729.60895945818,1.209922359324E+03,
    7.098968448862));
#1495 = CARTESIAN_POINT('',(732.28384394704,1.210208440694E+03,
    7.233712179978));
#1496 = CARTESIAN_POINT('',(736.42300182921,1.210608466226E+03,
    7.414789104033));
#1497 = CARTESIAN_POINT('',(739.63095503368,1.210914246292E+03,
    7.556196458315));
#1498 = CARTESIAN_POINT('',(744.49481537821,1.211332501021E+03,
    7.74280456693));
#1499 = CARTESIAN_POINT('',(748.3069847256,1.211652331137E+03,
    7.888525570362));
#1500 = CARTESIAN_POINT('',(754.03880482858,1.212084113883E+03,
    8.078614403407));
#1501 = CARTESIAN_POINT('',(758.53334997275,1.212411053923E+03,
    8.225750023519));
#1502 = CARTESIAN_POINT('',(765.30442137089,1.212849905622E+03,
    8.416751200198));
#1503 = CARTESIAN_POINT('',(770.56734575487,1.21317627318E+03,
    8.562318712573));
#1504 = CARTESIAN_POINT('',(777.81138109136,1.213576833122E+03,
    8.736504149074));
#1505 = CARTESIAN_POINT('',(783.15098217066,1.21386361714E+03,
    8.865467777229));
#1506 = CARTESIAN_POINT('',(790.21368627758,1.214202569676E+03,
    9.014284441708));
#1507 = CARTESIAN_POINT('',(795.60702556208,1.21445475087E+03,
    9.128917867125));
#1508 = CARTESIAN_POINT('',(802.5196562617,1.214743297504E+03,
    9.257119084023));
#1509 = CARTESIAN_POINT('',(807.94627800669,1.21496415938E+03,
    9.358833610834));
#1510 = CARTESIAN_POINT('',(814.73373354571,1.215209397895E+03,
    9.469299358239));
#1511 = CARTESIAN_POINT('',(820.17474905328,1.215400575839E+03,
    9.558752333333));
#1512 = CARTESIAN_POINT('',(826.85833105307,1.215606484717E+03,
    9.653065438712));
#1513 = CARTESIAN_POINT('',(832.29577257662,1.215768324777E+03,
    9.730405846246));
#1514 = CARTESIAN_POINT('',(838.89494440098,1.215936742988E+03,
    9.809332025704));
#1515 = CARTESIAN_POINT('',(844.31098267774,1.216068797001E+03,
    9.874424881944));
#1516 = CARTESIAN_POINT('',(850.84433990122,1.216200113603E+03,
    9.9381603228));
#1517 = CARTESIAN_POINT('',(856.2209262271,1.216301415424E+03,
    9.990710152098));
#1518 = CARTESIAN_POINT('',(862.70704186373,1.216394947142E+03,
    10.039139419652));
#1519 = CARTESIAN_POINT('',(868.02582349146,1.216464389295E+03,
    10.078948439519));
#1520 = CARTESIAN_POINT('',(874.48320912229,1.216519214475E+03,
    10.111960903853));
#1521 = CARTESIAN_POINT('',(879.72510205974,1.21655677755E+03,
    10.139022530572));
#1522 = CARTESIAN_POINT('',(886.17280234901,1.216571018553E+03,
    10.155953117887));
#1523 = CARTESIAN_POINT('',(891.31859461029,1.216574329307E+03,
    10.170132438937));
#1524 = CARTESIAN_POINT('',(897.77641874591,1.216547032009E+03,
    10.170928597197));
#1525 = CARTESIAN_POINT('',(902.80841117218,1.216521949804E+03,
    10.173795136694));
#1526 = CARTESIAN_POINT('',(909.29612487533,1.216453128625E+03,
    10.161769687742));
#1527 = CARTESIAN_POINT('',(913.38959903325,1.216411427245E+03,
    10.161400589583));
#1528 = CARTESIAN_POINT('',(916.33272945704,1.216385322809E+03,
    10.164739111384));
#1529 = CARTESIAN_POINT('',(916.57877276084,1.216426874356E+03,
    10.197699829849));
#1530 = CARTESIAN_POINT('',(713.32991703154,1.208480672234E+03,
    3.02609569024));
#1531 = CARTESIAN_POINT('',(713.57556510324,1.208553232177E+03,
    3.051874406819));
#1532 = CARTESIAN_POINT('',(713.91537415425,1.208640646196E+03,
    3.080307416632));
#1533 = CARTESIAN_POINT('',(715.38741442751,1.208911913752E+03,
    3.141759923513));
#1534 = CARTESIAN_POINT('',(716.83276156732,1.209137415333E+03,
    3.193346132688));
#1535 = CARTESIAN_POINT('',(719.45202896016,1.209504896888E+03,
    3.271446162892));
#1536 = CARTESIAN_POINT('',(721.24993288548,1.209761530853E+03,
    3.32980737885));
#1537 = CARTESIAN_POINT('',(724.28086109368,1.210160990304E+03,
    3.412875101611));
#1538 = CARTESIAN_POINT('',(726.48781192014,1.210448225828E+03,
    3.475800581086));
#1539 = CARTESIAN_POINT('',(730.02423879933,1.210874352909E+03,
    3.562781856177));
#1540 = CARTESIAN_POINT('',(732.69927318007,1.211190723384E+03,
    3.630315807527));
#1541 = CARTESIAN_POINT('',(736.84103535774,1.211643826855E+03,
    3.721016355347));
#1542 = CARTESIAN_POINT('',(740.04990550105,1.211983835766E+03,
    3.791882118279));
#1543 = CARTESIAN_POINT('',(744.91742463275,1.212458814273E+03,
    3.885348258378));
#1544 = CARTESIAN_POINT('',(748.73141344974,1.212815683244E+03,
    3.958370845886));
#1545 = CARTESIAN_POINT('',(754.46819344508,1.21330689537E+03,
    4.0535773482));
#1546 = CARTESIAN_POINT('',(758.96559509074,1.21367229625E+03,
    4.127307244048));
#1547 = CARTESIAN_POINT('',(765.74323346028,1.214171991121E+03,
    4.22296991818));
#1548 = CARTESIAN_POINT('',(771.01021514531,1.214536705022E+03,
    4.295915760159));
#1549 = CARTESIAN_POINT('',(778.26153083609,1.214990449785E+03,
    4.383170564201));
#1550 = CARTESIAN_POINT('',(783.60528881374,1.215307663438E+03,
    4.44781446407));
#1551 = CARTESIAN_POINT('',(790.67495220255,1.215687479313E+03,
    4.522384882102));
#1552 = CARTESIAN_POINT('',(796.07252594128,1.215963169578E+03,
    4.579863680602));
#1553 = CARTESIAN_POINT('',(802.99186283962,1.216282498371E+03,
    4.644126374843));
#1554 = CARTESIAN_POINT('',(808.42277030612,1.216520605454E+03,
    4.69514572404));
#1555 = CARTESIAN_POINT('',(815.21672574968,1.216787964503E+03,
    4.750540683534));
#1556 = CARTESIAN_POINT('',(820.66205088898,1.216990450868E+03,
    4.795429256873));
#1557 = CARTESIAN_POINT('',(827.35196586837,1.217210614354E+03,
    4.842747895354));
#1558 = CARTESIAN_POINT('',(832.79371541586,1.217377895258E+03,
    4.881580184913));
#1559 = CARTESIAN_POINT('',(839.39909012119,1.217553069943E+03,
    4.921205360434));
#1560 = CARTESIAN_POINT('',(844.81941002281,1.21768460759E+03,
    4.953913874346));
#1561 = CARTESIAN_POINT('',(851.35887563272,1.217815260344E+03,
    4.985943680565));
#1562 = CARTESIAN_POINT('',(856.73969260771,1.217909895361E+03,
    5.012380681006));
#1563 = CARTESIAN_POINT('',(863.23185806092,1.217995206254E+03,
    5.036757400575));
#1564 = CARTESIAN_POINT('',(868.55479281349,1.218051609671E+03,
    5.0568239963));
#1565 = CARTESIAN_POINT('',(875.01820436895,1.218090472718E+03,
    5.073492314259));
#1566 = CARTESIAN_POINT('',(880.26414567663,1.21810862124E+03,
    5.08718521341));
#1567 = CARTESIAN_POINT('',(886.71787773663,1.218098783275E+03,
    5.095812592859));
#1568 = CARTESIAN_POINT('',(891.86757427514,1.218075829012E+03,
    5.103064339176));
#1569 = CARTESIAN_POINT('',(898.33147859126,1.218016145086E+03,
    5.103624504098));
#1570 = CARTESIAN_POINT('',(903.36721319394,1.217959119272E+03,
    5.105219859638));
#1571 = CARTESIAN_POINT('',(909.86100714504,1.21784960669E+03,
    5.099369220954));
#1572 = CARTESIAN_POINT('',(913.95664593538,1.217772637865E+03,
    5.099346757667));
#1573 = CARTESIAN_POINT('',(916.9001149342,1.217714385374E+03,
    5.101178104359));
#1574 = CARTESIAN_POINT('',(917.14202703153,1.217737320062E+03,
    5.11782054941));
#1575 = CARTESIAN_POINT('',(713.32991703154,1.208480672234E+03,
    1.00986E-12));
#1576 = CARTESIAN_POINT('',(713.56846901638,1.208530262441E+03,0.));
#1577 = CARTESIAN_POINT('',(713.9013761559,1.208597182403E+03,0.));
#1578 = CARTESIAN_POINT('',(715.36891490493,1.208878598158E+03,0.));
#1579 = CARTESIAN_POINT('',(716.80909894166,1.209106620276E+03,0.));
#1580 = CARTESIAN_POINT('',(719.42567583033,1.209500285698E+03,0.));
#1581 = CARTESIAN_POINT('',(721.21934011686,1.20976462893E+03,0.));
#1582 = CARTESIAN_POINT('',(724.24816589997,1.210195601896E+03,0.));
#1583 = CARTESIAN_POINT('',(726.45139352434,1.210495646948E+03,0.));
#1584 = CARTESIAN_POINT('',(729.98642730878,1.210957732148E+03,0.));
#1585 = CARTESIAN_POINT('',(732.65846405458,1.211291767977E+03,0.));
#1586 = CARTESIAN_POINT('',(736.79968300093,1.211785325633E+03,0.));
#1587 = CARTESIAN_POINT('',(740.00632255625,1.212146939635E+03,0.));
#1588 = CARTESIAN_POINT('',(744.87435294828,1.212666018167E+03,0.));
#1589 = CARTESIAN_POINT('',(748.68701370805,1.213047302239E+03,0.));
#1590 = CARTESIAN_POINT('',(754.42560606893,1.213585319994E+03,0.));
#1591 = CARTESIAN_POINT('',(758.92271668925,1.213976557961E+03,0.));
#1592 = CARTESIAN_POINT('',(765.70377450335,1.21452447225E+03,0.));
#1593 = CARTESIAN_POINT('',(770.9716659626,1.214914908741E+03,0.));
#1594 = CARTESIAN_POINT('',(778.22711448084,1.215409214571E+03,0.));
#1595 = CARTESIAN_POINT('',(783.57188183002,1.215744234106E+03,0.));
#1596 = CARTESIAN_POINT('',(790.64535697388,1.216152289567E+03,0.));
#1597 = CARTESIAN_POINT('',(796.04401764001,1.21643886515E+03,0.));
#1598 = CARTESIAN_POINT('',(802.96691321025,1.216776352348E+03,0.));
#1599 = CARTESIAN_POINT('',(808.39895887144,1.217019080885E+03,0.));
#1600 = CARTESIAN_POINT('',(815.19626669272,1.217295936716E+03,0.));
#1601 = CARTESIAN_POINT('',(820.6427539369,1.217497107749E+03,0.));
#1602 = CARTESIAN_POINT('',(827.33585436907,1.217718902088E+03,0.));
#1603 = CARTESIAN_POINT('',(832.77876441367,1.217879000083E+03,0.));
#1604 = CARTESIAN_POINT('',(839.38719447315,1.218048307489E+03,0.));
#1605 = CARTESIAN_POINT('',(844.80864847279,1.218166705018E+03,0.));
#1606 = CARTESIAN_POINT('',(851.35107494231,1.218284070171E+03,0.));
#1607 = CARTESIAN_POINT('',(856.73297503957,1.218359414631E+03,0.));
#1608 = CARTESIAN_POINT('',(863.22804278255,1.218423880946E+03,0.));
#1609 = CARTESIAN_POINT('',(868.55198313312,1.218454621872E+03,0.));
#1610 = CARTESIAN_POINT('',(875.01827308639,1.218464899034E+03,0.));
#1611 = CARTESIAN_POINT('',(880.26511523747,1.21845100925E+03,0.));
#1612 = CARTESIAN_POINT('',(886.72173154136,1.218404468564E+03,0.));
#1613 = CARTESIAN_POINT('',(891.87218483029,1.21834262553E+03,0.));
#1614 = CARTESIAN_POINT('',(898.33902180007,1.218237931223E+03,0.));
#1615 = CARTESIAN_POINT('',(903.37535105232,1.218136338047E+03,0.));
#1616 = CARTESIAN_POINT('',(909.87207772455,1.217973510307E+03,0.));
#1617 = CARTESIAN_POINT('',(913.96673362048,1.217848650285E+03,0.));
#1618 = CARTESIAN_POINT('',(916.90739366751,1.217745625985E+03,0.));
#1619 = CARTESIAN_POINT('',(917.14202703153,1.217737320062E+03,
    5.460432E-11));
#1620 = SHELL_BASED_SURFACE_MODEL('',(#1621));
#1621 = OPEN_SHELL('',(#1622));
#1622 = ADVANCED_FACE('',(#1623),#1751,.T.);
#1623 = FACE_BOUND('',#1624,.T.);
#1624 = EDGE_LOOP('',(#1625,#1677,#1690,#1740));
#1625 = ORIENTED_EDGE('',*,*,#1626,.F.);
#1626 = EDGE_CURVE('',#1627,#1629,#1631,.T.);
#1627 = VERTEX_POINT('',#1628);
#1628 = CARTESIAN_POINT('',(907.9278627048,1.1963E+03,21.335278132656));
#1629 = VERTEX_POINT('',#1630);
#1630 = CARTESIAN_POINT('',(1.119955367109E+03,1.1963E+03,3.2460475386)
  );
#1631 = B_SPLINE_CURVE_WITH_KNOTS('',3,(#1632,#1633,#1634,#1635,#1636,
    #1637,#1638,#1639,#1640,#1641,#1642,#1643,#1644,#1645,#1646,#1647,
    #1648,#1649,#1650,#1651,#1652,#1653,#1654,#1655,#1656,#1657,#1658,
    #1659,#1660,#1661,#1662,#1663,#1664,#1665,#1666,#1667,#1668,#1669,
    #1670,#1671,#1672,#1673,#1674,#1675,#1676),.UNSPECIFIED.,.F.,.F.,(4,
    1,1,1,1,1,1,1,1,1,1,1,1,1,1,1,1,1,1,1,1,1,1,1,1,1,1,1,1,1,1,1,1,1,1,
    1,1,1,1,1,1,1,4),(0.,2.521571896098,10.694828084518,14.102345210154,
    22.026122225938,25.568398345153,33.29809500122,36.924775062008,
    44.510673834985,48.176333360163,55.664339661389,59.329245726197,
    66.759963589951,70.389794034477,77.79759414034,81.363250718991,
    88.776924403047,92.253898033502,99.698694769765,103.06607028397,
    110.56261950026,113.80200340047,121.36988367568,124.46406126318,
    132.11978606191,135.05139111952,142.81445585429,145.56478408234,
    153.45434933131,156.00227669724,164.04043453342,166.36193921837,
    174.57431487783,176.6428401048,185.04222833808,186.83008089969,
    193.87369566112,195.40237892834,201.3291197948,202.62490507263,
    207.62650155168,208.71782948734,212.85646113539),.UNSPECIFIED.);
#1632 = CARTESIAN_POINT('',(907.9278627048,1.1963E+03,21.335278132656));
#1633 = CARTESIAN_POINT('',(908.76788631724,1.1963E+03,21.306110476931)
  );
#1634 = CARTESIAN_POINT('',(912.33057720927,1.1963E+03,21.178859874088)
  );
#1635 = CARTESIAN_POINT('',(917.02765305967,1.1963E+03,20.991642477191)
  );
#1636 = CARTESIAN_POINT('',(923.52288482225,1.1963E+03,20.705462135919)
  );
#1637 = CARTESIAN_POINT('',(928.47506466377,1.1963E+03,20.467542501667)
  );
#1638 = CARTESIAN_POINT('',(934.86510899361,1.1963E+03,20.136722480309)
  );
#1639 = CARTESIAN_POINT('',(939.82375973692,1.1963E+03,19.862250450026)
  );
#1640 = CARTESIAN_POINT('',(946.12698736523,1.1963E+03,19.491782057672)
  );
#1641 = CARTESIAN_POINT('',(951.07690679302,1.1963E+03,19.184735508375)
  );
#1642 = CARTESIAN_POINT('',(957.31026932716,1.1963E+03,18.77932331605));
#1643 = CARTESIAN_POINT('',(962.23846040557,1.1963E+03,18.444691202237)
  );
#1644 = CARTESIAN_POINT('',(968.41766689674,1.1963E+03,18.008946027492)
  );
#1645 = CARTESIAN_POINT('',(973.31313481034,1.1963E+03,17.651554644188)
  );
#1646 = CARTESIAN_POINT('',(979.45190213189,1.1963E+03,17.189631236798)
  );
#1647 = CARTESIAN_POINT('',(984.3051649207,1.1963E+03,16.814090621538));
#1648 = CARTESIAN_POINT('',(990.41503979886,1.1963E+03,16.329679170555)
  );
#1649 = CARTESIAN_POINT('',(995.21804174817,1.1963E+03,15.940122542142)
  );
#1650 = CARTESIAN_POINT('',(1.00130904288E+03,1.1963E+03,15.436115208245
    ));
#1651 = CARTESIAN_POINT('',(1.006055246487E+03,1.1963E+03,
    15.035831756729));
#1652 = CARTESIAN_POINT('',(1.012135815361E+03,1.1963E+03,14.51411321473
    ));
#1653 = CARTESIAN_POINT('',(1.016819130794E+03,1.1963E+03,
    14.105505297342));
#1654 = CARTESIAN_POINT('',(1.02289658406E+03,1.1963E+03,13.566893761128
    ));
#1655 = CARTESIAN_POINT('',(1.027511737903E+03,1.1963E+03,
    13.151418172512));
#1656 = CARTESIAN_POINT('',(1.03359230279E+03,1.1963E+03,12.595436409266
    ));
#1657 = CARTESIAN_POINT('',(1.038133257265E+03,1.1963E+03,
    12.173592387939));
#1658 = CARTESIAN_POINT('',(1.044222967648E+03,1.1963E+03,
    11.598537121348));
#1659 = CARTESIAN_POINT('',(1.048684111993E+03,1.1963E+03,
    11.170090732136));
#1660 = CARTESIAN_POINT('',(1.054789320747E+03,1.1963E+03,
    10.573136679384));
#1661 = CARTESIAN_POINT('',(1.059163619598E+03,1.1963E+03,
    10.137408039786));
#1662 = CARTESIAN_POINT('',(1.065290622634E+03,1.1963E+03,9.51480046744)
  );
#1663 = CARTESIAN_POINT('',(1.069570207119E+03,1.1963E+03,9.070956994158
    ));
#1664 = CARTESIAN_POINT('',(1.075726438399E+03,1.1963E+03,8.418724973096
    ));
#1665 = CARTESIAN_POINT('',(1.07990284798E+03,1.1963E+03,7.966585506624)
  );
#1666 = CARTESIAN_POINT('',(1.086091840198E+03,1.1963E+03,7.28172118398)
  );
#1667 = CARTESIAN_POINT('',(1.090151227873E+03,1.1963E+03,6.822611297496
    ));
#1668 = CARTESIAN_POINT('',(1.095856944254E+03,1.1963E+03,6.163821087016
    ));
#1669 = CARTESIAN_POINT('',(1.099286754269E+03,1.1963E+03,5.760952442409
    ));
#1670 = CARTESIAN_POINT('',(1.104085789563E+03,1.1963E+03,5.188856229578
    ));
#1671 = CARTESIAN_POINT('',(1.106981855287E+03,1.1963E+03,4.839407084368
    ));
#1672 = CARTESIAN_POINT('',(1.111026665973E+03,1.1963E+03,4.346710159459
    ));
#1673 = CARTESIAN_POINT('',(1.113471231451E+03,1.1963E+03,4.046719163426
    ));
#1674 = CARTESIAN_POINT('',(1.116856137298E+03,1.1963E+03,3.62951857468)
  );
#1675 = CARTESIAN_POINT('',(1.118586279329E+03,1.1963E+03,3.415569658914
    ));
#1676 = CARTESIAN_POINT('',(1.119955367109E+03,1.1963E+03,3.2460475386)
  );
#1677 = ORIENTED_EDGE('',*,*,#1678,.T.);
#1678 = EDGE_CURVE('',#1627,#1679,#1681,.T.);
#1679 = VERTEX_POINT('',#1680);
#1680 = CARTESIAN_POINT('',(917.14202703153,1.217737320062E+03,
    5.4604E-11));
#1681 = B_SPLINE_CURVE_WITH_KNOTS('',7,(#1682,#1683,#1684,#1685,#1686,
    #1687,#1688,#1689),.UNSPECIFIED.,.F.,.F.,(8,8),(0.,1.),
  .PIECEWISE_BEZIER_KNOTS.);
#1682 = CARTESIAN_POINT('',(907.9278627048,1.1963E+03,21.335278132656));
#1683 = CARTESIAN_POINT('',(909.94075145848,1.200983109497E+03,
    21.792280849053));
#1684 = CARTESIAN_POINT('',(911.98901409377,1.205748518505E+03,
    20.825226564897));
#1685 = CARTESIAN_POINT('',(913.89010545666,1.210171524495E+03,
    18.43058615741));
#1686 = CARTESIAN_POINT('',(915.46717679778,1.213840677975E+03,
    14.77889789739));
#1687 = CARTESIAN_POINT('',(916.57877276084,1.216426874356E+03,
    10.197699829849));
#1688 = CARTESIAN_POINT('',(917.14202703153,1.217737320062E+03,
    5.11782054941));
#1689 = CARTESIAN_POINT('',(917.14202703153,1.217737320062E+03,
    5.460432E-11));
#1690 = ORIENTED_EDGE('',*,*,#1691,.T.);
#1691 = EDGE_CURVE('',#1679,#1692,#1694,.T.);
#1692 = VERTEX_POINT('',#1693);
#1693 = CARTESIAN_POINT('',(1.120954137032E+03,1.199662492191E+03,0.));
#1694 = B_SPLINE_CURVE_WITH_KNOTS('',3,(#1695,#1696,#1697,#1698,#1699,
    #1700,#1701,#1702,#1703,#1704,#1705,#1706,#1707,#1708,#1709,#1710,
    #1711,#1712,#1713,#1714,#1715,#1716,#1717,#1718,#1719,#1720,#1721,
    #1722,#1723,#1724,#1725,#1726,#1727,#1728,#1729,#1730,#1731,#1732,
    #1733,#1734,#1735,#1736,#1737,#1738,#1739),.UNSPECIFIED.,.F.,.F.,(4,
    1,1,1,1,1,1,1,1,1,1,1,1,1,1,1,1,1,1,1,1,1,1,1,1,1,1,1,1,1,1,1,1,1,1,
    1,1,1,1,1,1,1,4),(0.,2.521571896098,10.694828084518,14.102345210154,
    22.026122225938,25.568398345153,33.29809500122,36.924775062008,
    44.510673834985,48.176333360163,55.664339661389,59.329245726197,
    66.759963589951,70.389794034477,77.79759414034,81.363250718991,
    88.776924403047,92.253898033502,99.698694769765,103.06607028397,
    110.56261950026,113.80200340047,121.36988367568,124.46406126318,
    132.11978606191,135.05139111952,142.81445585429,145.56478408234,
    153.45434933131,156.00227669724,164.04043453342,166.36193921837,
    174.57431487783,176.6428401048,185.04222833808,186.83008089969,
    193.87369566112,195.40237892834,201.3291197948,202.62490507263,
    207.62650155168,208.71782948734,212.85646113539),.UNSPECIFIED.);
#1695 = CARTESIAN_POINT('',(917.14202703153,1.217737320062E+03,
    5.460432E-11));
#1696 = CARTESIAN_POINT('',(917.94994429093,1.217713855587E+03,0.));
#1697 = CARTESIAN_POINT('',(921.37637388374,1.217607719227E+03,0.));
#1698 = CARTESIAN_POINT('',(925.89328567155,1.217431353253E+03,0.));
#1699 = CARTESIAN_POINT('',(932.13930300084,1.217157995928E+03,0.));
#1700 = CARTESIAN_POINT('',(936.90163178675,1.216935391641E+03,0.));
#1701 = CARTESIAN_POINT('',(943.04667014555,1.21662430791E+03,0.));
#1702 = CARTESIAN_POINT('',(947.81508657392,1.216362897056E+03,0.));
#1703 = CARTESIAN_POINT('',(953.87639357907,1.216007775216E+03,0.));
#1704 = CARTESIAN_POINT('',(958.63624906362,1.215712215584E+03,0.));
#1705 = CARTESIAN_POINT('',(964.63013397275,1.215319968692E+03,0.));
#1706 = CARTESIAN_POINT('',(969.36886601999,1.214994523516E+03,0.));
#1707 = CARTESIAN_POINT('',(975.31036066308,1.214568829613E+03,0.));
#1708 = CARTESIAN_POINT('',(980.01736786221,1.214218284219E+03,0.));
#1709 = CARTESIAN_POINT('',(985.91964172474,1.213763505219E+03,0.));
#1710 = CARTESIAN_POINT('',(990.58579616258,1.213392504605E+03,0.));
#1711 = CARTESIAN_POINT('',(996.45994638506,1.212912448875E+03,0.));
#1712 = CARTESIAN_POINT('',(1.001077514429E+03,1.212525360637E+03,0.));
#1713 = CARTESIAN_POINT('',(1.006933195478E+03,1.212023305751E+03,0.));
#1714 = CARTESIAN_POINT('',(1.011495918031E+03,1.211623759173E+03,0.));
#1715 = CARTESIAN_POINT('',(1.017341276566E+03,1.211102010498E+03,0.));
#1716 = CARTESIAN_POINT('',(1.021843328221E+03,1.210692758582E+03,0.));
#1717 = CARTESIAN_POINT('',(1.027685425499E+03,1.210152510395E+03,0.));
#1718 = CARTESIAN_POINT('',(1.032121763839E+03,1.209735344023E+03,0.));
#1719 = CARTESIAN_POINT('',(1.037966609896E+03,1.209176503762E+03,0.));
#1720 = CARTESIAN_POINT('',(1.04233144331E+03,1.208752149973E+03,0.));
#1721 = CARTESIAN_POINT('',(1.048184830573E+03,1.208173140491E+03,0.));
#1722 = CARTESIAN_POINT('',(1.052472758731E+03,1.207741441312E+03,0.));
#1723 = CARTESIAN_POINT('',(1.058340760077E+03,1.207139401282E+03,0.));
#1724 = CARTESIAN_POINT('',(1.062544992002E+03,1.20669960396E+03,0.));
#1725 = CARTESIAN_POINT('',(1.068433588159E+03,1.206070498871E+03,0.));
#1726 = CARTESIAN_POINT('',(1.072546500315E+03,1.205621466585E+03,0.));
#1727 = CARTESIAN_POINT('',(1.078462709578E+03,1.204960623632E+03,0.));
#1728 = CARTESIAN_POINT('',(1.082476093244E+03,1.20450174764E+03,0.));
#1729 = CARTESIAN_POINT('',(1.088423163147E+03,1.203805370983E+03,0.));
#1730 = CARTESIAN_POINT('',(1.092323624487E+03,1.203337492766E+03,0.));
#1731 = CARTESIAN_POINT('',(1.097805590643E+03,1.202664624797E+03,0.));
#1732 = CARTESIAN_POINT('',(1.101100685134E+03,1.202252208178E+03,0.));
#1733 = CARTESIAN_POINT('',(1.105710943413E+03,1.201665356807E+03,0.));
#1734 = CARTESIAN_POINT('',(1.108492929576E+03,1.201306184628E+03,0.));
#1735 = CARTESIAN_POINT('',(1.112378233338E+03,1.2007990156E+03,0.));
#1736 = CARTESIAN_POINT('',(1.114726295557E+03,1.200489731848E+03,0.));
#1737 = CARTESIAN_POINT('',(1.117977463126E+03,1.20005899402E+03,0.));
#1738 = CARTESIAN_POINT('',(1.119639201689E+03,1.199837856181E+03,0.));
#1739 = CARTESIAN_POINT('',(1.120954137032E+03,1.199662492191E+03,0.));
#1740 = ORIENTED_EDGE('',*,*,#1741,.F.);
#1741 = EDGE_CURVE('',#1629,#1692,#1742,.T.);
#1742 = B_SPLINE_CURVE_WITH_KNOTS('',7,(#1743,#1744,#1745,#1746,#1747,
    #1748,#1749,#1750),.UNSPECIFIED.,.F.,.F.,(8,8),(0.,1.),
  .PIECEWISE_BEZIER_KNOTS.);
#1743 = CARTESIAN_POINT('',(1.119955367109E+03,1.1963E+03,3.2460475386)
  );
#1744 = CARTESIAN_POINT('',(1.120174575809E+03,1.197037995333E+03,
    3.305787003547));
#1745 = CARTESIAN_POINT('',(1.120396889361E+03,1.197786443565E+03,
    3.152094907694));
#1746 = CARTESIAN_POINT('',(1.120602737335E+03,1.198479458232E+03,
    2.785226423136));
#1747 = CARTESIAN_POINT('',(1.120773233656E+03,1.199053456844E+03,
    2.231105647534));
#1748 = CARTESIAN_POINT('',(1.120893307072E+03,1.199457700016E+03,
    1.538714836792));
#1749 = CARTESIAN_POINT('',(1.120954137032E+03,1.199662492191E+03,
    0.772177680339));
#1750 = CARTESIAN_POINT('',(1.120954137032E+03,1.199662492191E+03,0.));
#1751 = B_SPLINE_SURFACE_WITH_KNOTS('',7,3,(
    (#1752,#1753,#1754,#1755,#1756,#1757,#1758,#1759,#1760,#1761,#1762
      ,#1763,#1764,#1765,#1766,#1767,#1768,#1769,#1770,#1771,#1772,#1773
      ,#1774,#1775,#1776,#1777,#1778,#1779,#1780,#1781,#1782,#1783,#1784
      ,#1785,#1786,#1787,#1788,#1789,#1790,#1791,#1792,#1793,#1794,#1795
      ,#1796)
    ,(#1797,#1798,#1799,#1800,#1801,#1802,#1803,#1804,#1805,#1806,#1807
      ,#1808,#1809,#1810,#1811,#1812,#1813,#1814,#1815,#1816,#1817,#1818
      ,#1819,#1820,#1821,#1822,#1823,#1824,#1825,#1826,#1827,#1828,#1829
      ,#1830,#1831,#1832,#1833,#1834,#1835,#1836,#1837,#1838,#1839,#1840
      ,#1841)
    ,(#1842,#1843,#1844,#1845,#1846,#1847,#1848,#1849,#1850,#1851,#1852
      ,#1853,#1854,#1855,#1856,#1857,#1858,#1859,#1860,#1861,#1862,#1863
      ,#1864,#1865,#1866,#1867,#1868,#1869,#1870,#1871,#1872,#1873,#1874
      ,#1875,#1876,#1877,#1878,#1879,#1880,#1881,#1882,#1883,#1884,#1885
      ,#1886)
    ,(#1887,#1888,#1889,#1890,#1891,#1892,#1893,#1894,#1895,#1896,#1897
      ,#1898,#1899,#1900,#1901,#1902,#1903,#1904,#1905,#1906,#1907,#1908
      ,#1909,#1910,#1911,#1912,#1913,#1914,#1915,#1916,#1917,#1918,#1919
      ,#1920,#1921,#1922,#1923,#1924,#1925,#1926,#1927,#1928,#1929,#1930
      ,#1931)
    ,(#1932,#1933,#1934,#1935,#1936,#1937,#1938,#1939,#1940,#1941,#1942
      ,#1943,#1944,#1945,#1946,#1947,#1948,#1949,#1950,#1951,#1952,#1953
      ,#1954,#1955,#1956,#1957,#1958,#1959,#1960,#1961,#1962,#1963,#1964
      ,#1965,#1966,#1967,#1968,#1969,#1970,#1971,#1972,#1973,#1974,#1975
      ,#1976)
    ,(#1977,#1978,#1979,#1980,#1981,#1982,#1983,#1984,#1985,#1986,#1987
      ,#1988,#1989,#1990,#1991,#1992,#1993,#1994,#1995,#1996,#1997,#1998
      ,#1999,#2000,#2001,#2002,#2003,#2004,#2005,#2006,#2007,#2008,#2009
      ,#2010,#2011,#2012,#2013,#2014,#2015,#2016,#2017,#2018,#2019,#2020
      ,#2021)
    ,(#2022,#2023,#2024,#2025,#2026,#2027,#2028,#2029,#2030,#2031,#2032
      ,#2033,#2034,#2035,#2036,#2037,#2038,#2039,#2040,#2041,#2042,#2043
      ,#2044,#2045,#2046,#2047,#2048,#2049,#2050,#2051,#2052,#2053,#2054
      ,#2055,#2056,#2057,#2058,#2059,#2060,#2061,#2062,#2063,#2064,#2065
      ,#2066)
    ,(#2067,#2068,#2069,#2070,#2071,#2072,#2073,#2074,#2075,#2076,#2077
      ,#2078,#2079,#2080,#2081,#2082,#2083,#2084,#2085,#2086,#2087,#2088
      ,#2089,#2090,#2091,#2092,#2093,#2094,#2095,#2096,#2097,#2098,#2099
      ,#2100,#2101,#2102,#2103,#2104,#2105,#2106,#2107,#2108,#2109,#2110
      ,#2111
    )),.UNSPECIFIED.,.F.,.F.,.F.,(8,8),(4,1,1,1,1,1,1,1,1,1,1,1,1,1,1,1,
    1,1,1,1,1,1,1,1,1,1,1,1,1,1,1,1,1,1,1,1,1,1,1,1,1,1,4),(0.,1.),(0.,
    2.521571896098,10.694828084518,14.102345210154,22.026122225938,
    25.568398345153,33.29809500122,36.924775062008,44.510673834985,
    48.176333360163,55.664339661389,59.329245726197,66.759963589951,
    70.389794034477,77.79759414034,81.363250718991,88.776924403047,
    92.253898033502,99.698694769765,103.06607028397,110.56261950026,
    113.80200340047,121.36988367568,124.46406126318,132.11978606191,
    135.05139111952,142.81445585429,145.56478408234,153.45434933131,
    156.00227669724,164.04043453342,166.36193921837,174.57431487783,
    176.6428401048,185.04222833808,186.83008089969,193.87369566112,
    195.40237892834,201.3291197948,202.62490507263,207.62650155168,
    208.71782948734,212.85646113539),.UNSPECIFIED.);
#1752 = CARTESIAN_POINT('',(907.9278627048,1.1963E+03,21.335278132656));
#1753 = CARTESIAN_POINT('',(908.76788631724,1.1963E+03,21.306110476931)
  );
#1754 = CARTESIAN_POINT('',(912.33057720927,1.1963E+03,21.178859874088)
  );
#1755 = CARTESIAN_POINT('',(917.02765305967,1.1963E+03,20.991642477191)
  );
#1756 = CARTESIAN_POINT('',(923.52288482225,1.1963E+03,20.705462135919)
  );
#1757 = CARTESIAN_POINT('',(928.47506466377,1.1963E+03,20.467542501667)
  );
#1758 = CARTESIAN_POINT('',(934.86510899361,1.1963E+03,20.136722480309)
  );
#1759 = CARTESIAN_POINT('',(939.82375973692,1.1963E+03,19.862250450026)
  );
#1760 = CARTESIAN_POINT('',(946.12698736523,1.1963E+03,19.491782057672)
  );
#1761 = CARTESIAN_POINT('',(951.07690679302,1.1963E+03,19.184735508375)
  );
#1762 = CARTESIAN_POINT('',(957.31026932716,1.1963E+03,18.77932331605));
#1763 = CARTESIAN_POINT('',(962.23846040557,1.1963E+03,18.444691202237)
  );
#1764 = CARTESIAN_POINT('',(968.41766689674,1.1963E+03,18.008946027492)
  );
#1765 = CARTESIAN_POINT('',(973.31313481034,1.1963E+03,17.651554644188)
  );
#1766 = CARTESIAN_POINT('',(979.45190213189,1.1963E+03,17.189631236798)
  );
#1767 = CARTESIAN_POINT('',(984.3051649207,1.1963E+03,16.814090621538));
#1768 = CARTESIAN_POINT('',(990.41503979886,1.1963E+03,16.329679170555)
  );
#1769 = CARTESIAN_POINT('',(995.21804174817,1.1963E+03,15.940122542142)
  );
#1770 = CARTESIAN_POINT('',(1.00130904288E+03,1.1963E+03,15.436115208245
    ));
#1771 = CARTESIAN_POINT('',(1.006055246487E+03,1.1963E+03,
    15.035831756729));
#1772 = CARTESIAN_POINT('',(1.012135815361E+03,1.1963E+03,14.51411321473
    ));
#1773 = CARTESIAN_POINT('',(1.016819130794E+03,1.1963E+03,
    14.105505297342));
#1774 = CARTESIAN_POINT('',(1.02289658406E+03,1.1963E+03,13.566893761128
    ));
#1775 = CARTESIAN_POINT('',(1.027511737903E+03,1.1963E+03,
    13.151418172512));
#1776 = CARTESIAN_POINT('',(1.03359230279E+03,1.1963E+03,12.595436409266
    ));
#1777 = CARTESIAN_POINT('',(1.038133257265E+03,1.1963E+03,
    12.173592387939));
#1778 = CARTESIAN_POINT('',(1.044222967648E+03,1.1963E+03,
    11.598537121348));
#1779 = CARTESIAN_POINT('',(1.048684111993E+03,1.1963E+03,
    11.170090732136));
#1780 = CARTESIAN_POINT('',(1.054789320747E+03,1.1963E+03,
    10.573136679384));
#1781 = CARTESIAN_POINT('',(1.059163619598E+03,1.1963E+03,
    10.137408039786));
#1782 = CARTESIAN_POINT('',(1.065290622634E+03,1.1963E+03,9.51480046744)
  );
#1783 = CARTESIAN_POINT('',(1.069570207119E+03,1.1963E+03,9.070956994158
    ));
#1784 = CARTESIAN_POINT('',(1.075726438399E+03,1.1963E+03,8.418724973096
    ));
#1785 = CARTESIAN_POINT('',(1.07990284798E+03,1.1963E+03,7.966585506624)
  );
#1786 = CARTESIAN_POINT('',(1.086091840198E+03,1.1963E+03,7.28172118398)
  );
#1787 = CARTESIAN_POINT('',(1.090151227873E+03,1.1963E+03,6.822611297496
    ));
#1788 = CARTESIAN_POINT('',(1.095856944254E+03,1.1963E+03,6.163821087016
    ));
#1789 = CARTESIAN_POINT('',(1.099286754269E+03,1.1963E+03,5.760952442409
    ));
#1790 = CARTESIAN_POINT('',(1.104085789563E+03,1.1963E+03,5.188856229578
    ));
#1791 = CARTESIAN_POINT('',(1.106981855287E+03,1.1963E+03,4.839407084368
    ));
#1792 = CARTESIAN_POINT('',(1.111026665973E+03,1.1963E+03,4.346710159459
    ));
#1793 = CARTESIAN_POINT('',(1.113471231451E+03,1.1963E+03,4.046719163426
    ));
#1794 = CARTESIAN_POINT('',(1.116856137298E+03,1.1963E+03,3.62951857468)
  );
#1795 = CARTESIAN_POINT('',(1.118586279329E+03,1.1963E+03,3.415569658914
    ));
#1796 = CARTESIAN_POINT('',(1.119955367109E+03,1.1963E+03,3.2460475386)
  );
#1797 = CARTESIAN_POINT('',(909.94075145848,1.200983109497E+03,
    21.792280849053));
#1798 = CARTESIAN_POINT('',(910.76209635174,1.200948780249E+03,
    21.699520022866));
#1799 = CARTESIAN_POINT('',(914.29122924658,1.200902640733E+03,
    21.522688099149));
#1800 = CARTESIAN_POINT('',(918.94847527644,1.200846468414E+03,
    21.294456066243));
#1801 = CARTESIAN_POINT('',(925.39401287981,1.200776440188E+03,
    20.981398652445));
#1802 = CARTESIAN_POINT('',(930.30497904465,1.200713662396E+03,
    20.709707558949));
#1803 = CARTESIAN_POINT('',(936.64593042417,1.200638244684E+03,
    20.358387562219));
#1804 = CARTESIAN_POINT('',(941.56331273946,1.200569923097E+03,
    20.055365843554));
#1805 = CARTESIAN_POINT('',(947.81788818144,1.200488214226E+03,
    19.670061528828));
#1806 = CARTESIAN_POINT('',(952.72656352003,1.200415014242E+03,
    19.339118793865));
#1807 = CARTESIAN_POINT('',(958.91162286757,1.200328001792E+03,
    18.923862650592));
#1808 = CARTESIAN_POINT('',(963.7986562728,1.200250532445E+03,
    18.569275146044));
#1809 = CARTESIAN_POINT('',(969.92981183121,1.200158741851E+03,
    18.128019303554));
#1810 = CARTESIAN_POINT('',(974.7842646883,1.200077686758E+03,
    17.753923853728));
#1811 = CARTESIAN_POINT('',(980.87515513268,1.19998174115E+03,
    17.290229526114));
#1812 = CARTESIAN_POINT('',(985.68759605975,1.199897763882E+03,
    16.900577591753));
#1813 = CARTESIAN_POINT('',(991.74970388979,1.199798207313E+03,
    16.417607798203));
#1814 = CARTESIAN_POINT('',(996.51212318381,1.199711931814E+03,
    16.015942138283));
#1815 = CARTESIAN_POINT('',(1.002555415064E+03,1.199609232508E+03,
    15.516175873663));
#1816 = CARTESIAN_POINT('',(1.007261314995E+03,1.199521177246E+03,
    15.10531579394));
#1817 = CARTESIAN_POINT('',(1.013294190294E+03,1.199415664541E+03,
    14.590368493804));
#1818 = CARTESIAN_POINT('',(1.017937518804E+03,1.199326222802E+03,
    14.17237315762));
#1819 = CARTESIAN_POINT('',(1.023967257689E+03,1.199218067311E+03,
    13.642946148157));
#1820 = CARTESIAN_POINT('',(1.028542774363E+03,1.199127494935E+03,
    13.219064236635));
#1821 = CARTESIAN_POINT('',(1.034575573034E+03,1.199016683433E+03,
    12.674748461144));
#1822 = CARTESIAN_POINT('',(1.03907727526E+03,1.198925084283E+03,
    12.245407893012));
#1823 = CARTESIAN_POINT('',(1.0451191331E+03,1.198811391464E+03,
    11.684743400369));
#1824 = CARTESIAN_POINT('',(1.049541440178E+03,1.198718742973E+03,
    11.249743659765));
#1825 = CARTESIAN_POINT('',(1.055598670062E+03,1.198601760075E+03,
    10.670308778983));
#1826 = CARTESIAN_POINT('',(1.059934581541E+03,1.198507954707E+03,
    10.229067109476));
#1827 = CARTESIAN_POINT('',(1.066013434354E+03,1.198387105372E+03,
    9.627643497615));
#1828 = CARTESIAN_POINT('',(1.070255116408E+03,1.198291980723E+03,
    9.179446256378));
#1829 = CARTESIAN_POINT('',(1.076362966732E+03,1.198166597407E+03,
    8.552630259902));
#1830 = CARTESIAN_POINT('',(1.080501994799E+03,1.198070066514E+03,
    8.097322167361));
#1831 = CARTESIAN_POINT('',(1.08664233459E+03,1.197939606955E+03,
    7.442535626672));
#1832 = CARTESIAN_POINT('',(1.090664926404E+03,1.197841790031E+03,
    6.981252888406));
#1833 = CARTESIAN_POINT('',(1.096324586371E+03,1.197714688856E+03,
    6.348815586715));
#1834 = CARTESIAN_POINT('',(1.099721059214E+03,1.197624795016E+03,
    5.935739627199));
#1835 = CARTESIAN_POINT('',(1.104479034265E+03,1.197509981927E+03,
    5.37761146635));
#1836 = CARTESIAN_POINT('',(1.107344710812E+03,1.197427694436E+03,
    5.010323649176));
#1837 = CARTESIAN_POINT('',(1.111352642697E+03,1.197324264538E+03,
    4.520252020832));
#1838 = CARTESIAN_POINT('',(1.113769329898E+03,1.197249103966E+03,
    4.195356902952));
#1839 = CARTESIAN_POINT('',(1.11712103818E+03,1.197156592811E+03,
    3.76999641989));
#1840 = CARTESIAN_POINT('',(1.118827316189E+03,1.197094024511E+03,
    3.518851656524));
#1841 = CARTESIAN_POINT('',(1.120174575809E+03,1.197037995333E+03,
    3.305787003547));
#1842 = CARTESIAN_POINT('',(911.98901409377,1.205748518505E+03,
    20.825226564897));
#1843 = CARTESIAN_POINT('',(912.79094688082,1.205678227133E+03,
    20.696386782788));
#1844 = CARTESIAN_POINT('',(916.28578839142,1.205584315222E+03,
    20.497487752737));
#1845 = CARTESIAN_POINT('',(920.9024712137,1.205470337707E+03,
    20.255755298362));
#1846 = CARTESIAN_POINT('',(927.29758127083,1.205328648378E+03,
    19.943335026577));
#1847 = CARTESIAN_POINT('',(932.16660037195,1.205201459916E+03,
    19.665386688377));
#1848 = CARTESIAN_POINT('',(938.45772541411,1.205048991614E+03,
    19.321080930815));
#1849 = CARTESIAN_POINT('',(943.33310591435,1.204910715562E+03,
    19.017023738307));
#1850 = CARTESIAN_POINT('',(949.53829578296,1.204745664943E+03,
    18.644397715749));
#1851 = CARTESIAN_POINT('',(954.4049936453,1.204597632097E+03,
    18.31707300966));
#1852 = CARTESIAN_POINT('',(960.54101641921,1.20442197432E+03,
    17.919487129979));
#1853 = CARTESIAN_POINT('',(965.3861587642,1.204265402747E+03,
    17.572458449236));
#1854 = CARTESIAN_POINT('',(971.46853000283,1.204080188682E+03,
    17.153206153541));
#1855 = CARTESIAN_POINT('',(976.28123441635,1.203916445618E+03,
    16.789920851732));
#1856 = CARTESIAN_POINT('',(982.32351459653,1.203722921525E+03,
    16.351969818434));
#1857 = CARTESIAN_POINT('',(987.09440027482,1.203553334113E+03,
    15.975720779514));
#1858 = CARTESIAN_POINT('',(993.10800766971,1.203352588096E+03,
    15.521706857935));
#1859 = CARTESIAN_POINT('',(997.8291109214,1.20317840422E+03,
    15.135446381048));
#1860 = CARTESIAN_POINT('',(1.003823960162E+03,1.202971372731E+03,
    14.667435400245));
#1861 = CARTESIAN_POINT('',(1.00848882303E+03,1.202793629329E+03,
    14.273512906856));
#1862 = CARTESIAN_POINT('',(1.014473271367E+03,1.202580971042E+03,
    13.792851063122));
#1863 = CARTESIAN_POINT('',(1.019075879568E+03,1.202400454687E+03,
    13.392982522683));
#1864 = CARTESIAN_POINT('',(1.025057170685E+03,1.202182510826E+03,
    12.90025425451));
#1865 = CARTESIAN_POINT('',(1.029592316802E+03,1.201999733198E+03,
    12.495480234621));
#1866 = CARTESIAN_POINT('',(1.03557661587E+03,1.201776477315E+03,
    11.990344661426));
#1867 = CARTESIAN_POINT('',(1.040038332461E+03,1.201591646139E+03,
    11.581021761029));
#1868 = CARTESIAN_POINT('',(1.046031604371E+03,1.201362627622E+03,
    11.062262256873));
#1869 = CARTESIAN_POINT('',(1.050414340794E+03,1.201175697763E+03,
    10.648223379416));
#1870 = CARTESIAN_POINT('',(1.056422858422E+03,1.200940099089E+03,
    10.113821885144));
#1871 = CARTESIAN_POINT('',(1.060719649141E+03,1.200750855475E+03,
    9.694581400269));
#1872 = CARTESIAN_POINT('',(1.066749618344E+03,1.200507523927E+03,
    9.141855963431));
#1873 = CARTESIAN_POINT('',(1.070952664582E+03,1.200315641752E+03,
    8.71681916878));
#1874 = CARTESIAN_POINT('',(1.077011400562E+03,1.200063242243E+03,
    8.14293341143));
#1875 = CARTESIAN_POINT('',(1.081112313727E+03,1.19986854758E+03,
    7.711970907359));
#1876 = CARTESIAN_POINT('',(1.087203267703E+03,1.199605995585E+03,
    7.114776363165));
#1877 = CARTESIAN_POINT('',(1.091188330271E+03,1.199408728858E+03,
    6.678834987657));
#1878 = CARTESIAN_POINT('',(1.096801200435E+03,1.19915289363E+03,
    6.100264809294));
#1879 = CARTESIAN_POINT('',(1.100163602719E+03,1.198971473074E+03,
    5.704495749411));
#1880 = CARTESIAN_POINT('',(1.104879784142E+03,1.198740214017E+03,
    5.187849855083));
#1881 = CARTESIAN_POINT('',(1.107714338124E+03,1.198574006158E+03,
    4.830237580485));
#1882 = CARTESIAN_POINT('',(1.111684657821E+03,1.198365513485E+03,
    4.370305463245));
#1883 = CARTESIAN_POINT('',(1.114072733357E+03,1.198213559462E+03,
    4.048020438058));
#1884 = CARTESIAN_POINT('',(1.117390510687E+03,1.198026904275E+03,
    3.64201427522));
#1885 = CARTESIAN_POINT('',(1.119072191287E+03,1.197900134799E+03,
    3.381187878795));
#1886 = CARTESIAN_POINT('',(1.120396889361E+03,1.197786443565E+03,
    3.152094907694));
#1887 = CARTESIAN_POINT('',(913.89010545666,1.210171524495E+03,
    18.43058615741));
#1888 = CARTESIAN_POINT('',(914.67559672147,1.210071793031E+03,
    18.29326764062));
#1889 = CARTESIAN_POINT('',(918.13911743179,1.209936630759E+03,
    18.099901725476));
#1890 = CARTESIAN_POINT('',(922.71820763047,1.209771370081E+03,
    17.872269070874));
#1891 = CARTESIAN_POINT('',(929.06586072531,1.209564541681E+03,
    17.588086162343));
#1892 = CARTESIAN_POINT('',(933.89590334667,1.209379464584E+03,
    17.331480800681));
#1893 = CARTESIAN_POINT('',(940.14017263545,1.209156467724E+03,
    17.021789503529));
#1894 = CARTESIAN_POINT('',(944.97652190461,1.208954759241E+03,
    16.74429705842));
#1895 = CARTESIAN_POINT('',(951.13529678381,1.208712888906E+03,
    16.411949549271));
#1896 = CARTESIAN_POINT('',(955.96298775388,1.208496545232E+03,
    16.115843093297));
#1897 = CARTESIAN_POINT('',(962.05294453812,1.20823876416E+03,
    15.76352769845));
#1898 = CARTESIAN_POINT('',(966.85916640685,1.208009612396E+03,
    15.451658062752));
#1899 = CARTESIAN_POINT('',(972.89572390965,1.207737496891E+03,
    15.082009535094));
#1900 = CARTESIAN_POINT('',(977.66965046358,1.20749758789E+03,
    14.757134602545));
#1901 = CARTESIAN_POINT('',(983.66629096352,1.207213007344E+03,
    14.372527084804));
#1902 = CARTESIAN_POINT('',(988.39859197701,1.20696433182E+03,
    14.037281162565));
#1903 = CARTESIAN_POINT('',(994.3666695207,1.20666891839E+03,
    13.639823334199));
#1904 = CARTESIAN_POINT('',(999.04942731403,1.206413348171E+03,
    13.296568261588));
#1905 = CARTESIAN_POINT('',(1.0049988045E+03,1.20610850653E+03,
    12.887912785842));
#1906 = CARTESIAN_POINT('',(1.009625600888E+03,1.205847597022E+03,
    12.538528100029));
#1907 = CARTESIAN_POINT('',(1.015564592848E+03,1.205534315186E+03,
    12.119751933939));
#1908 = CARTESIAN_POINT('',(1.020129451323E+03,1.205269246248E+03,
    11.765610410485));
#1909 = CARTESIAN_POINT('',(1.026065265255E+03,1.20494803605E+03,
    11.337181104844));
#1910 = CARTESIAN_POINT('',(1.0305630114E+03,1.204679575202E+03,
    10.979115197831));
#1911 = CARTESIAN_POINT('',(1.03650178145E+03,1.204350396972E+03,
    10.540760048172));
#1912 = CARTESIAN_POINT('',(1.040926482988E+03,1.204078855802E+03,
    10.179055036752));
#1913 = CARTESIAN_POINT('',(1.046874139552E+03,1.203741033621E+03,
    9.729800742324));
#1914 = CARTESIAN_POINT('',(1.051220275906E+03,1.203466344427E+03,
    9.364322949257));
#1915 = CARTESIAN_POINT('',(1.05718305186E+03,1.20311865201E+03,
    8.902555062737));
#1916 = CARTESIAN_POINT('',(1.061443692404E+03,1.202840492183E+03,
    8.532915983734));
#1917 = CARTESIAN_POINT('',(1.067427748581E+03,1.202481200456E+03,
    8.056488943161));
#1918 = CARTESIAN_POINT('',(1.071595129586E+03,1.202199082787E+03,
    7.682212816338));
#1919 = CARTESIAN_POINT('',(1.077607721805E+03,1.201826189118E+03,
    7.188857519355));
#1920 = CARTESIAN_POINT('',(1.081673490654E+03,1.201539852719E+03,
    6.809840824996));
#1921 = CARTESIAN_POINT('',(1.087718029399E+03,1.201151730319E+03,
    6.297838498538));
#1922 = CARTESIAN_POINT('',(1.091668533305E+03,1.200861535823E+03,
    5.914838707029));
#1923 = CARTESIAN_POINT('',(1.097237584251E+03,1.200483488576E+03,
    5.417735873236));
#1924 = CARTESIAN_POINT('',(1.100568886559E+03,1.200217063336E+03,
    5.066873934227));
#1925 = CARTESIAN_POINT('',(1.105246244936E+03,1.199875880345E+03,
    4.619310527663));
#1926 = CARTESIAN_POINT('',(1.108052646938E+03,1.19963227415E+03,
    4.298974016881));
#1927 = CARTESIAN_POINT('',(1.111988325031E+03,1.199325240735E+03,
    3.896781631987));
#1928 = CARTESIAN_POINT('',(1.114350759487E+03,1.199103015295E+03,
    3.604706920735));
#1929 = CARTESIAN_POINT('',(1.117637576448E+03,1.198828738108E+03,
    3.245655299362));
#1930 = CARTESIAN_POINT('',(1.119297630224E+03,1.198644289488E+03,
    3.002747491119));
#1931 = CARTESIAN_POINT('',(1.120602737335E+03,1.198479458232E+03,
    2.785226423136));
#1932 = CARTESIAN_POINT('',(915.46717679778,1.213840677975E+03,
    14.77889789739));
#1933 = CARTESIAN_POINT('',(916.24278718509,1.21372593452E+03,
    14.657414181407));
#1934 = CARTESIAN_POINT('',(919.6815477399,1.213563949988E+03,
    14.49389491666));
#1935 = CARTESIAN_POINT('',(924.22960595971,1.213361834248E+03,
    14.304675597319));
#1936 = CARTESIAN_POINT('',(930.53636273703,1.21310429488E+03,
    14.073043587531));
#1937 = CARTESIAN_POINT('',(935.33398952339,1.212875757247E+03,
    13.862094737894));
#1938 = CARTESIAN_POINT('',(941.53796370353,1.212596659931E+03,
    13.61133143664));
#1939 = CARTESIAN_POINT('',(946.34184238634,1.212345947117E+03,
    13.384717274419));
#1940 = CARTESIAN_POINT('',(952.46076292089,1.212041685168E+03,
    13.116961814167));
#1941 = CARTESIAN_POINT('',(957.25600764344,1.211771458767E+03,
    12.876387143797));
#1942 = CARTESIAN_POINT('',(963.30645908276,1.211445982502E+03,
    12.593655769272));
#1943 = CARTESIAN_POINT('',(968.08032111998,1.211158678647E+03,
    12.341258714109));
#1944 = CARTESIAN_POINT('',(974.07762553171,1.210814089805E+03,
    12.045527489976));
#1945 = CARTESIAN_POINT('',(978.8193348708,1.210512442968E+03,
    11.783376462174));
#1946 = CARTESIAN_POINT('',(984.77689633524,1.210151234071E+03,
    11.476425995478));
#1947 = CARTESIAN_POINT('',(989.47717332867,1.209837898536E+03,
    11.206496725409));
#1948 = CARTESIAN_POINT('',(995.40628166592,1.209462245793E+03,
    10.889908525745));
#1949 = CARTESIAN_POINT('',(1.000057254646E+03,1.209139717331E+03,
    10.613972392897));
#1950 = CARTESIAN_POINT('',(1.005967720421E+03,1.208751493642E+03,
    10.288985957698));
#1951 = CARTESIAN_POINT('',(1.010563010974E+03,1.208421846129E+03,
    10.008452614948));
#1952 = CARTESIAN_POINT('',(1.016463107202E+03,1.208022368845E+03,
    9.675875661991));
#1953 = CARTESIAN_POINT('',(1.020996776596E+03,1.207687175424E+03,
    9.391774691011));
#1954 = CARTESIAN_POINT('',(1.026893673988E+03,1.207277126991E+03,
    9.05195788339));
#1955 = CARTESIAN_POINT('',(1.031360580806E+03,1.206937411024E+03,
    8.76491362474));
#1956 = CARTESIAN_POINT('',(1.037260382481E+03,1.206516738549E+03,
    8.417652434106));
#1957 = CARTESIAN_POINT('',(1.041654629612E+03,1.206172915486E+03,
    8.127878847152));
#1958 = CARTESIAN_POINT('',(1.047563231475E+03,1.205740717742E+03,
    7.772443297941));
#1959 = CARTESIAN_POINT('',(1.051879328404E+03,1.205392697314E+03,
    7.479840124751));
#1960 = CARTESIAN_POINT('',(1.05780292333E+03,1.204947339256E+03,
    7.115019381471));
#1961 = CARTESIAN_POINT('',(1.062033974342E+03,1.204594691317E+03,
    6.819295243829));
#1962 = CARTESIAN_POINT('',(1.067978678138E+03,1.204133867512E+03,
    6.443480135009));
#1963 = CARTESIAN_POINT('',(1.072116954555E+03,1.203775942451E+03,
    6.144278211502));
#1964 = CARTESIAN_POINT('',(1.078089963659E+03,1.203296982723E+03,
    5.755766910376));
#1965 = CARTESIAN_POINT('',(1.082127148836E+03,1.202933432687E+03,
    5.453009561216));
#1966 = CARTESIAN_POINT('',(1.088131832995E+03,1.202434167986E+03,
    5.050512987983));
#1967 = CARTESIAN_POINT('',(1.092054338883E+03,1.202065473822E+03,
    4.744768315961));
#1968 = CARTESIAN_POINT('',(1.097586131255E+03,1.201579642656E+03,
    4.353446362227));
#1969 = CARTESIAN_POINT('',(1.100892894233E+03,1.201242640833E+03,
    4.071805079581));
#1970 = CARTESIAN_POINT('',(1.105537990209E+03,1.20080596201E+03,
    3.717637696267));
#1971 = CARTESIAN_POINT('',(1.108322800875E+03,1.200499385581E+03,
    3.458890484792));
#1972 = CARTESIAN_POINT('',(1.11223039801E+03,1.200108239525E+03,
    3.138751367731));
#1973 = CARTESIAN_POINT('',(1.11457375203E+03,1.199830170769E+03,
    2.901200505902));
#1974 = CARTESIAN_POINT('',(1.117836169267E+03,1.199482699684E+03,
    2.613416961483));
#1975 = CARTESIAN_POINT('',(1.119481156864E+03,1.199255000021E+03,
    2.412741276911));
#1976 = CARTESIAN_POINT('',(1.120773233656E+03,1.199053456844E+03,
    2.231105647534));
#1977 = CARTESIAN_POINT('',(916.57877276084,1.216426874356E+03,
    10.197699829849));
#1978 = CARTESIAN_POINT('',(917.35393528139,1.216317873494E+03,
    10.110033636774));
#1979 = CARTESIAN_POINT('',(920.7773686914,1.216149821286E+03,
    9.994343744522));
#1980 = CARTESIAN_POINT('',(925.30382794309,1.215931605067E+03,
    9.861520482541));
#1981 = CARTESIAN_POINT('',(931.57912141361,1.215644109312E+03,
    9.700422093595));
#1982 = CARTESIAN_POINT('',(936.3537653757,1.215392865727E+03,
    9.553112478084));
#1983 = CARTESIAN_POINT('',(942.52687745793,1.215078422539E+03,
    9.379259894828));
#1984 = CARTESIAN_POINT('',(947.30771856515,1.214799459978E+03,
    9.221506737594));
#1985 = CARTESIAN_POINT('',(953.39621776577,1.214453560998E+03,
    9.036326048339));
#1986 = CARTESIAN_POINT('',(958.16844925153,1.214150206452E+03,
    8.869265885672));
#1987 = CARTESIAN_POINT('',(964.18882835666,1.213777789578E+03,
    8.674101253569));
#1988 = CARTESIAN_POINT('',(968.9397635731,1.213453088215E+03,
    8.49915950104));
#1989 = CARTESIAN_POINT('',(974.90724790449,1.213056780619E+03,
    8.295328302531));
#1990 = CARTESIAN_POINT('',(979.62617303947,1.212714150529E+03,
    8.113883901576));
#1991 = CARTESIAN_POINT('',(985.55408847915,1.212297067863E+03,
    7.902573208026));
#1992 = CARTESIAN_POINT('',(990.23177446326,1.211939826901E+03,
    7.715943312226));
#1993 = CARTESIAN_POINT('',(996.1313466048,1.211504689429E+03,
    7.498207463363));
#1994 = CARTESIAN_POINT('',(1.000759967782E+03,1.211135957308E+03,
    7.307572992378));
#1995 = CARTESIAN_POINT('',(1.006640955158E+03,1.210685106152E+03,
    7.084238319825));
#1996 = CARTESIAN_POINT('',(1.011214172887E+03,1.210307475217E+03,
    6.890539042238));
#1997 = CARTESIAN_POINT('',(1.017084806393E+03,1.209842557068E+03,
    6.662144024513));
#1998 = CARTESIAN_POINT('',(1.021596719716E+03,1.209457993748E+03,
    6.466066328106));
#1999 = CARTESIAN_POINT('',(1.02746413358E+03,1.208979861664E+03,
    6.232844740606));
#2000 = CARTESIAN_POINT('',(1.031909634081E+03,1.208589645161E+03,
    6.034804852419));
#2001 = CARTESIAN_POINT('',(1.037779900393E+03,1.208098233023E+03,
    5.79662034291));
#2002 = CARTESIAN_POINT('',(1.042153126127E+03,1.207702882651E+03,
    5.59676090252));
#2003 = CARTESIAN_POINT('',(1.048032106299E+03,1.207197063927E+03,
    5.353126820626));
#2004 = CARTESIAN_POINT('',(1.052327596813E+03,1.206796466848E+03,
    5.151380989412));
#2005 = CARTESIAN_POINT('',(1.058221443722E+03,1.206274197732E+03,
    4.901490111472));
#2006 = CARTESIAN_POINT('',(1.062432338214E+03,1.205867816265E+03,
    4.697663637291));
#2007 = CARTESIAN_POINT('',(1.06834712264E+03,1.205326214964E+03,
    4.440443182324));
#2008 = CARTESIAN_POINT('',(1.072465727479E+03,1.204913237094E+03,
    4.234298184233));
#2009 = CARTESIAN_POINT('',(1.078408586479E+03,1.204348965891E+03,
    3.968613601061));
#2010 = CARTESIAN_POINT('',(1.082426620995E+03,1.203928956802E+03,
    3.760098319202));
#2011 = CARTESIAN_POINT('',(1.088400883577E+03,1.203339304381E+03,
    3.485090221293));
#2012 = CARTESIAN_POINT('',(1.092304824458E+03,1.202912865133E+03,
    3.274583390858));
#2013 = CARTESIAN_POINT('',(1.097808791268E+03,1.202340004631E+03,
    3.007025039282));
#2014 = CARTESIAN_POINT('',(1.101100447926E+03,1.201953180809E+03,
    2.812587135098));
#2015 = CARTESIAN_POINT('',(1.105722714513E+03,1.201441760736E+03,
    2.569798497135));
#2016 = CARTESIAN_POINT('',(1.108495366853E+03,1.201092968657E+03,
    2.390623307065));
#2017 = CARTESIAN_POINT('',(1.112384316039E+03,1.200638464542E+03,
    2.170520179937));
#2018 = CARTESIAN_POINT('',(1.114718022635E+03,1.200325307054E+03,
    2.005475889631));
#2019 = CARTESIAN_POINT('',(1.117965473158E+03,1.199925396654E+03,
    1.806943144265));
#2020 = CARTESIAN_POINT('',(1.119604827587E+03,1.199675200532E+03,
    1.666482305464));
#2021 = CARTESIAN_POINT('',(1.120893307072E+03,1.199457700016E+03,
    1.538714836792));
#2022 = CARTESIAN_POINT('',(917.14202703153,1.217737320062E+03,
    5.11782054941));
#2023 = CARTESIAN_POINT('',(917.92785755432,1.217658523149E+03,
    5.073620398951));
#2024 = CARTESIAN_POINT('',(921.34707968856,1.21750886462E+03,
    5.015408398904));
#2025 = CARTESIAN_POINT('',(925.86305584114,1.217299009279E+03,
    4.948629713992));
#2026 = CARTESIAN_POINT('',(932.11800187388,1.217006018494E+03,
    4.867713465598));
#2027 = CARTESIAN_POINT('',(936.88077888071,1.216756530314E+03,
    4.793691603921));
#2028 = CARTESIAN_POINT('',(943.03414473405,1.216431202609E+03,
    4.706398258371));
#2029 = CARTESIAN_POINT('',(947.80306413468,1.216148451657E+03,
    4.627154625833));
#2030 = CARTESIAN_POINT('',(953.87225787039,1.215785377003E+03,
    4.534197227284));
#2031 = CARTESIAN_POINT('',(958.63259198838,1.215473355669E+03,
    4.450300092029));
#2032 = CARTESIAN_POINT('',(964.63401462834,1.215078459541E+03,
    4.352350722056));
#2033 = CARTESIAN_POINT('',(969.37313889301,1.214740822027E+03,
    4.26451279187));
#2034 = CARTESIAN_POINT('',(975.32191901307,1.214317257033E+03,
    4.162230138694));
#2035 = CARTESIAN_POINT('',(980.02917581296,1.213958105046E+03,
    4.071140884295));
#2036 = CARTESIAN_POINT('',(985.9385610969,1.213509609969E+03,
    3.965118483599));
#2037 = CARTESIAN_POINT('',(990.6047719407,1.213132924936E+03,
    3.871436481777));
#2038 = CARTESIAN_POINT('',(996.48592375554,1.21266276409E+03,
    3.762201503425));
#2039 = CARTESIAN_POINT('',(1.001103308999E+03,1.212272289666E+03,
    3.66651721401));
#2040 = CARTESIAN_POINT('',(1.006965933844E+03,1.2117832724E+03,
    3.554482823812));
#2041 = CARTESIAN_POINT('',(1.011528194618E+03,1.211382119399E+03,
    3.457266131098));
#2042 = CARTESIAN_POINT('',(1.017380481271E+03,1.210876221742E+03,
    3.342701568314));
#2043 = CARTESIAN_POINT('',(1.021881754393E+03,1.21046674988E+03,
    3.244295666189));
#2044 = CARTESIAN_POINT('',(1.027730800597E+03,1.2099449955E+03,
    3.127317818517));
#2045 = CARTESIAN_POINT('',(1.03216601065E+03,1.209528739818E+03,
    3.027930820502));
#2046 = CARTESIAN_POINT('',(1.038017857468E+03,1.208991049374E+03,
    2.908471511826));
#2047 = CARTESIAN_POINT('',(1.042381177674E+03,1.208568633048E+03,
    2.80817473771));
#2048 = CARTESIAN_POINT('',(1.048241652025E+03,1.2080136547E+03,
    2.685990642842));
#2049 = CARTESIAN_POINT('',(1.052527651994E+03,1.207584942327E+03,
    2.584750673313));
#2050 = CARTESIAN_POINT('',(1.058402866754E+03,1.207010223509E+03,
    2.459438180422));
#2051 = CARTESIAN_POINT('',(1.062604720595E+03,1.20657456987E+03,
    2.35715788941));
#2052 = CARTESIAN_POINT('',(1.068500701519E+03,1.20597665243E+03,
    2.228180608005));
#2053 = CARTESIAN_POINT('',(1.07261075065E+03,1.205533083108E+03,
    2.124741055038));
#2054 = CARTESIAN_POINT('',(1.078534575415E+03,1.204907961785E+03,
    1.991531709531));
#2055 = CARTESIAN_POINT('',(1.082544575138E+03,1.204455955E+03,
    1.88690701468));
#2056 = CARTESIAN_POINT('',(1.088499532014E+03,1.203800376216E+03,
    1.749035911804));
#2057 = CARTESIAN_POINT('',(1.092396023757E+03,1.203340653239E+03,
    1.643415442665));
#2058 = CARTESIAN_POINT('',(1.097883280873E+03,1.202705224759E+03,
    1.509269212955));
#2059 = CARTESIAN_POINT('',(1.10117094708E+03,1.202293040294E+03,
    1.411683206942));
#2060 = CARTESIAN_POINT('',(1.105781500146E+03,1.201731340327E+03,
    1.289921834039));
#2061 = CARTESIAN_POINT('',(1.10855311003E+03,1.201364793953E+03,
    1.199967185082));
#2062 = CARTESIAN_POINT('',(1.112434527137E+03,1.200871393137E+03,
    1.089548567597));
#2063 = CARTESIAN_POINT('',(1.114769702178E+03,1.200547608272E+03,
    1.006659368523));
#2064 = CARTESIAN_POINT('',(1.118013301856E+03,1.200119719914E+03,
    0.907025941918));
#2065 = CARTESIAN_POINT('',(1.119658138985E+03,1.199871488688E+03,
    0.836428468596));
#2066 = CARTESIAN_POINT('',(1.120954137032E+03,1.199662492191E+03,
    0.772177680339));
#2067 = CARTESIAN_POINT('',(917.14202703153,1.217737320062E+03,
    5.460432E-11));
#2068 = CARTESIAN_POINT('',(917.94994429093,1.217713855587E+03,0.));
#2069 = CARTESIAN_POINT('',(921.37637388374,1.217607719227E+03,0.));
#2070 = CARTESIAN_POINT('',(925.89328567155,1.217431353253E+03,0.));
#2071 = CARTESIAN_POINT('',(932.13930300084,1.217157995928E+03,0.));
#2072 = CARTESIAN_POINT('',(936.90163178675,1.216935391641E+03,0.));
#2073 = CARTESIAN_POINT('',(943.04667014555,1.21662430791E+03,0.));
#2074 = CARTESIAN_POINT('',(947.81508657392,1.216362897056E+03,0.));
#2075 = CARTESIAN_POINT('',(953.87639357907,1.216007775216E+03,0.));
#2076 = CARTESIAN_POINT('',(958.63624906362,1.215712215584E+03,0.));
#2077 = CARTESIAN_POINT('',(964.63013397275,1.215319968692E+03,0.));
#2078 = CARTESIAN_POINT('',(969.36886601999,1.214994523516E+03,0.));
#2079 = CARTESIAN_POINT('',(975.31036066308,1.214568829613E+03,0.));
#2080 = CARTESIAN_POINT('',(980.01736786221,1.214218284219E+03,0.));
#2081 = CARTESIAN_POINT('',(985.91964172474,1.213763505219E+03,0.));
#2082 = CARTESIAN_POINT('',(990.58579616258,1.213392504605E+03,0.));
#2083 = CARTESIAN_POINT('',(996.45994638506,1.212912448875E+03,0.));
#2084 = CARTESIAN_POINT('',(1.001077514429E+03,1.212525360637E+03,0.));
#2085 = CARTESIAN_POINT('',(1.006933195478E+03,1.212023305751E+03,0.));
#2086 = CARTESIAN_POINT('',(1.011495918031E+03,1.211623759173E+03,0.));
#2087 = CARTESIAN_POINT('',(1.017341276566E+03,1.211102010498E+03,0.));
#2088 = CARTESIAN_POINT('',(1.021843328221E+03,1.210692758582E+03,0.));
#2089 = CARTESIAN_POINT('',(1.027685425499E+03,1.210152510395E+03,0.));
#2090 = CARTESIAN_POINT('',(1.032121763839E+03,1.209735344023E+03,0.));
#2091 = CARTESIAN_POINT('',(1.037966609896E+03,1.209176503762E+03,0.));
#2092 = CARTESIAN_POINT('',(1.04233144331E+03,1.208752149973E+03,0.));
#2093 = CARTESIAN_POINT('',(1.048184830573E+03,1.208173140491E+03,0.));
#2094 = CARTESIAN_POINT('',(1.052472758731E+03,1.207741441312E+03,0.));
#2095 = CARTESIAN_POINT('',(1.058340760077E+03,1.207139401282E+03,0.));
#2096 = CARTESIAN_POINT('',(1.062544992002E+03,1.20669960396E+03,0.));
#2097 = CARTESIAN_POINT('',(1.068433588159E+03,1.206070498871E+03,0.));
#2098 = CARTESIAN_POINT('',(1.072546500315E+03,1.205621466585E+03,0.));
#2099 = CARTESIAN_POINT('',(1.078462709578E+03,1.204960623632E+03,0.));
#2100 = CARTESIAN_POINT('',(1.082476093244E+03,1.20450174764E+03,0.));
#2101 = CARTESIAN_POINT('',(1.088423163147E+03,1.203805370983E+03,0.));
#2102 = CARTESIAN_POINT('',(1.092323624487E+03,1.203337492766E+03,0.));
#2103 = CARTESIAN_POINT('',(1.097805590643E+03,1.202664624797E+03,0.));
#2104 = CARTESIAN_POINT('',(1.101100685134E+03,1.202252208178E+03,0.));
#2105 = CARTESIAN_POINT('',(1.105710943413E+03,1.201665356807E+03,0.));
#2106 = CARTESIAN_POINT('',(1.108492929576E+03,1.201306184628E+03,0.));
#2107 = CARTESIAN_POINT('',(1.112378233338E+03,1.2007990156E+03,0.));
#2108 = CARTESIAN_POINT('',(1.114726295557E+03,1.200489731848E+03,0.));
#2109 = CARTESIAN_POINT('',(1.117977463126E+03,1.20005899402E+03,0.));
#2110 = CARTESIAN_POINT('',(1.119639201689E+03,1.199837856181E+03,0.));
#2111 = CARTESIAN_POINT('',(1.120954137032E+03,1.199662492191E+03,0.));
#2112 = SHELL_BASED_SURFACE_MODEL('',(#2113));
#2113 = OPEN_SHELL('',(#2114));
#2114 = ADVANCED_FACE('',(#2115),#2201,.T.);
#2115 = FACE_BOUND('',#2116,.T.);
#2116 = EDGE_LOOP('',(#2117,#2148,#2161,#2190));
#2117 = ORIENTED_EDGE('',*,*,#2118,.F.);
#2118 = EDGE_CURVE('',#2119,#2121,#2123,.T.);
#2119 = VERTEX_POINT('',#2120);
#2120 = CARTESIAN_POINT('',(1.119955367109E+03,1.1963E+03,3.2460475386)
  );
#2121 = VERTEX_POINT('',#2122);
#2122 = CARTESIAN_POINT('',(1.143599927032E+03,1.1963E+03,0.31939622216)
  );
#2123 = B_SPLINE_CURVE_WITH_KNOTS('',3,(#2124,#2125,#2126,#2127,#2128,
    #2129,#2130,#2131,#2132,#2133,#2134,#2135,#2136,#2137,#2138,#2139,
    #2140,#2141,#2142,#2143,#2144,#2145,#2146,#2147),.UNSPECIFIED.,.F.,
  .F.,(4,1,1,1,1,1,1,1,1,1,1,1,1,1,1,1,1,1,1,1,1,4),(0.,
    9.118144485279E-02,1.005198804449,4.589407196675,5.348549240341,
    8.393224874754,9.021342330577,11.610697254597,12.128022184809,
    14.333365368409,14.756946175591,16.637495498576,16.981727828545,
    18.588208442475,18.865290375602,20.239636611514,20.459844987921,
    21.638053301796,21.810092588284,22.82233886937,22.953568895414,
    23.824997419815),.UNSPECIFIED.);
#2124 = CARTESIAN_POINT('',(1.119955367109E+03,1.1963E+03,3.2460475386)
  );
#2125 = CARTESIAN_POINT('',(1.119985531317E+03,1.1963E+03,3.242318659257
    ));
#2126 = CARTESIAN_POINT('',(1.120318066199E+03,1.1963E+03,3.201209574258
    ));
#2127 = CARTESIAN_POINT('',(1.121836301367E+03,1.1963E+03,3.013440184087
    ));
#2128 = CARTESIAN_POINT('',(1.123575469203E+03,1.1963E+03,2.798040348438
    ));
#2129 = CARTESIAN_POINT('',(1.126019487899E+03,1.1963E+03,2.495480349663
    ));
#2130 = CARTESIAN_POINT('',(1.127485614053E+03,1.1963E+03,2.314030673759
    ));
#2131 = CARTESIAN_POINT('',(1.129557186431E+03,1.1963E+03,2.057604667702
    ));
#2132 = CARTESIAN_POINT('',(1.13079268775E+03,1.1963E+03,1.90465610245)
  );
#2133 = CARTESIAN_POINT('',(1.132549952427E+03,1.1963E+03,1.687150939447
    ));
#2134 = CARTESIAN_POINT('',(1.133590761212E+03,1.1963E+03,1.558337581181
    ));
#2135 = CARTESIAN_POINT('',(1.135082535594E+03,1.1963E+03,1.373696098644
    ));
#2136 = CARTESIAN_POINT('',(1.135958637279E+03,1.1963E+03,1.265254477301
    ));
#2137 = CARTESIAN_POINT('',(1.137226055097E+03,1.1963E+03,1.108396717775
    ));
#2138 = CARTESIAN_POINT('',(1.137963031505E+03,1.1963E+03,1.017193654004
    ));
#2139 = CARTESIAN_POINT('',(1.139040777741E+03,1.1963E+03,0.883803208721
    ));
#2140 = CARTESIAN_POINT('',(1.139659931427E+03,1.1963E+03,0.807164250397
    ));
#2141 = CARTESIAN_POINT('',(1.140577184712E+03,1.1963E+03,0.693619370402
    ));
#2142 = CARTESIAN_POINT('',(1.141096704598E+03,1.1963E+03,0.629307837219
    ));
#2143 = CARTESIAN_POINT('',(1.141878239146E+03,1.1963E+03,0.532577343635
    ));
#2144 = CARTESIAN_POINT('',(1.14231342416E+03,1.1963E+03,0.478718153205)
  );
#2145 = CARTESIAN_POINT('',(1.142979970023E+03,1.1963E+03,0.396194762367
    ));
#2146 = CARTESIAN_POINT('',(1.143311655348E+03,1.1963E+03,0.355115200957
    ));
#2147 = CARTESIAN_POINT('',(1.143599927032E+03,1.1963E+03,0.31939622216)
  );
#2148 = ORIENTED_EDGE('',*,*,#2149,.T.);
#2149 = EDGE_CURVE('',#2119,#2150,#2152,.T.);
#2150 = VERTEX_POINT('',#2151);
#2151 = CARTESIAN_POINT('',(1.120954137032E+03,1.199662492191E+03,0.));
#2152 = B_SPLINE_CURVE_WITH_KNOTS('',7,(#2153,#2154,#2155,#2156,#2157,
    #2158,#2159,#2160),.UNSPECIFIED.,.F.,.F.,(8,8),(0.,1.),
  .PIECEWISE_BEZIER_KNOTS.);
#2153 = CARTESIAN_POINT('',(1.119955367109E+03,1.1963E+03,3.2460475386)
  );
#2154 = CARTESIAN_POINT('',(1.120174575809E+03,1.197037995333E+03,
    3.305787003547));
#2155 = CARTESIAN_POINT('',(1.120396889361E+03,1.197786443565E+03,
    3.152094907694));
#2156 = CARTESIAN_POINT('',(1.120602737335E+03,1.198479458232E+03,
    2.785226423136));
#2157 = CARTESIAN_POINT('',(1.120773233656E+03,1.199053456844E+03,
    2.231105647534));
#2158 = CARTESIAN_POINT('',(1.120893307072E+03,1.199457700016E+03,
    1.538714836792));
#2159 = CARTESIAN_POINT('',(1.120954137032E+03,1.199662492191E+03,
    0.772177680339));
#2160 = CARTESIAN_POINT('',(1.120954137032E+03,1.199662492191E+03,0.));
#2161 = ORIENTED_EDGE('',*,*,#2162,.T.);
#2162 = EDGE_CURVE('',#2150,#2163,#2165,.T.);
#2163 = VERTEX_POINT('',#2164);
#2164 = CARTESIAN_POINT('',(1.143690329025E+03,1.196619396222E+03,0.));
#2165 = B_SPLINE_CURVE_WITH_KNOTS('',3,(#2166,#2167,#2168,#2169,#2170,
    #2171,#2172,#2173,#2174,#2175,#2176,#2177,#2178,#2179,#2180,#2181,
    #2182,#2183,#2184,#2185,#2186,#2187,#2188,#2189),.UNSPECIFIED.,.F.,
  .F.,(4,1,1,1,1,1,1,1,1,1,1,1,1,1,1,1,1,1,1,1,1,4),(0.,
    9.118144485279E-02,1.005198804449,4.589407196675,5.348549240341,
    8.393224874754,9.021342330577,11.610697254597,12.128022184809,
    14.333365368409,14.756946175591,16.637495498576,16.981727828545,
    18.588208442475,18.865290375602,20.239636611514,20.459844987921,
    21.638053301796,21.810092588284,22.82233886937,22.953568895414,
    23.824997419815),.UNSPECIFIED.);
#2166 = CARTESIAN_POINT('',(1.120954137032E+03,1.199662492191E+03,0.));
#2167 = CARTESIAN_POINT('',(1.120983145307E+03,1.19965863516E+03,0.));
#2168 = CARTESIAN_POINT('',(1.12130293688E+03,1.199616112471E+03,0.));
#2169 = CARTESIAN_POINT('',(1.122762985619E+03,1.199421859552E+03,0.));
#2170 = CARTESIAN_POINT('',(1.124435465893E+03,1.199198810297E+03,0.));
#2171 = CARTESIAN_POINT('',(1.126785756397E+03,1.198885385376E+03,0.));
#2172 = CARTESIAN_POINT('',(1.12819566279E+03,1.198697459441E+03,0.));
#2173 = CARTESIAN_POINT('',(1.130187801896E+03,1.198431908414E+03,0.));
#2174 = CARTESIAN_POINT('',(1.131375926887E+03,1.198273506014E+03,0.));
#2175 = CARTESIAN_POINT('',(1.133065806087E+03,1.198048227867E+03,0.));
#2176 = CARTESIAN_POINT('',(1.134066703688E+03,1.197914813406E+03,0.));
#2177 = CARTESIAN_POINT('',(1.135501277653E+03,1.197723604783E+03,0.));
#2178 = CARTESIAN_POINT('',(1.136343787504E+03,1.19761131567E+03,0.));
#2179 = CARTESIAN_POINT('',(1.137562599771E+03,1.197448820879E+03,0.));
#2180 = CARTESIAN_POINT('',(1.138271307777E+03,1.197354302015E+03,0.));
#2181 = CARTESIAN_POINT('',(1.139307743812E+03,1.197216271475E+03,0.));
#2182 = CARTESIAN_POINT('',(1.139903182809E+03,1.197137092194E+03,0.));
#2183 = CARTESIAN_POINT('',(1.140785216578E+03,1.197019166656E+03,0.));
#2184 = CARTESIAN_POINT('',(1.141284736188E+03,1.196952002019E+03,0.));
#2185 = CARTESIAN_POINT('',(1.14203644254E+03,1.196852815718E+03,0.));
#2186 = CARTESIAN_POINT('',(1.142455169238E+03,1.196798660643E+03,0.));
#2187 = CARTESIAN_POINT('',(1.14309573046E+03,1.196710177656E+03,0.));
#2188 = CARTESIAN_POINT('',(1.143414089881E+03,1.196663327726E+03,0.));
#2189 = CARTESIAN_POINT('',(1.143690329025E+03,1.196619396222E+03,6.E-17
    ));
#2190 = ORIENTED_EDGE('',*,*,#2191,.F.);
#2191 = EDGE_CURVE('',#2121,#2163,#2192,.T.);
#2192 = B_SPLINE_CURVE_WITH_KNOTS('',7,(#2193,#2194,#2195,#2196,#2197,
    #2198,#2199,#2200),.UNSPECIFIED.,.F.,.F.,(8,8),(0.,1.),
  .PIECEWISE_BEZIER_KNOTS.);
#2193 = CARTESIAN_POINT('',(1.143599927032E+03,1.1963E+03,0.31939622216)
  );
#2194 = CARTESIAN_POINT('',(1.143620063203E+03,1.196371142425E+03,
    0.322245895866));
#2195 = CARTESIAN_POINT('',(1.143640268866E+03,1.19644253037E+03,
    0.305109721043));
#2196 = CARTESIAN_POINT('',(1.143658836681E+03,1.196508131687E+03,
    0.268242338496));
#2197 = CARTESIAN_POINT('',(1.143674139234E+03,1.196562196618E+03,
    0.214177407227));
#2198 = CARTESIAN_POINT('',(1.14368488741E+03,1.196600170637E+03,
    0.14746945439));
#2199 = CARTESIAN_POINT('',(1.143690329025E+03,1.196619396222E+03,
    7.399209861584E-02));
#2200 = CARTESIAN_POINT('',(1.143690329025E+03,1.196619396222E+03,6.E-17
    ));
#2201 = B_SPLINE_SURFACE_WITH_KNOTS('',7,3,(
    (#2202,#2203,#2204,#2205,#2206,#2207,#2208,#2209,#2210,#2211,#2212
      ,#2213,#2214,#2215,#2216,#2217,#2218,#2219,#2220,#2221,#2222,#2223
      ,#2224,#2225)
    ,(#2226,#2227,#2228,#2229,#2230,#2231,#2232,#2233,#2234,#2235,#2236
      ,#2237,#2238,#2239,#2240,#2241,#2242,#2243,#2244,#2245,#2246,#2247
      ,#2248,#2249)
    ,(#2250,#2251,#2252,#2253,#2254,#2255,#2256,#2257,#2258,#2259,#2260
      ,#2261,#2262,#2263,#2264,#2265,#2266,#2267,#2268,#2269,#2270,#2271
      ,#2272,#2273)
    ,(#2274,#2275,#2276,#2277,#2278,#2279,#2280,#2281,#2282,#2283,#2284
      ,#2285,#2286,#2287,#2288,#2289,#2290,#2291,#2292,#2293,#2294,#2295
      ,#2296,#2297)
    ,(#2298,#2299,#2300,#2301,#2302,#2303,#2304,#2305,#2306,#2307,#2308
      ,#2309,#2310,#2311,#2312,#2313,#2314,#2315,#2316,#2317,#2318,#2319
      ,#2320,#2321)
    ,(#2322,#2323,#2324,#2325,#2326,#2327,#2328,#2329,#2330,#2331,#2332
      ,#2333,#2334,#2335,#2336,#2337,#2338,#2339,#2340,#2341,#2342,#2343
      ,#2344,#2345)
    ,(#2346,#2347,#2348,#2349,#2350,#2351,#2352,#2353,#2354,#2355,#2356
      ,#2357,#2358,#2359,#2360,#2361,#2362,#2363,#2364,#2365,#2366,#2367
      ,#2368,#2369)
    ,(#2370,#2371,#2372,#2373,#2374,#2375,#2376,#2377,#2378,#2379,#2380
      ,#2381,#2382,#2383,#2384,#2385,#2386,#2387,#2388,#2389,#2390,#2391
      ,#2392,#2393
    )),.UNSPECIFIED.,.F.,.F.,.F.,(8,8),(4,1,1,1,1,1,1,1,1,1,1,1,1,1,1,1,
    1,1,1,1,1,4),(0.,1.),(0.,9.118144485279E-02,1.005198804449,
    4.589407196675,5.348549240341,8.393224874754,9.021342330577,
    11.610697254597,12.128022184809,14.333365368409,14.756946175591,
    16.637495498576,16.981727828545,18.588208442475,18.865290375602,
    20.239636611514,20.459844987921,21.638053301796,21.810092588284,
    22.82233886937,22.953568895414,23.824997419815),.UNSPECIFIED.);
#2202 = CARTESIAN_POINT('',(1.119955367109E+03,1.1963E+03,3.2460475386)
  );
#2203 = CARTESIAN_POINT('',(1.119985531317E+03,1.1963E+03,3.242318659257
    ));
#2204 = CARTESIAN_POINT('',(1.120318066199E+03,1.1963E+03,3.201209574258
    ));
#2205 = CARTESIAN_POINT('',(1.121836301367E+03,1.1963E+03,3.013440184087
    ));
#2206 = CARTESIAN_POINT('',(1.123575469203E+03,1.1963E+03,2.798040348438
    ));
#2207 = CARTESIAN_POINT('',(1.126019487899E+03,1.1963E+03,2.495480349663
    ));
#2208 = CARTESIAN_POINT('',(1.127485614053E+03,1.1963E+03,2.314030673759
    ));
#2209 = CARTESIAN_POINT('',(1.129557186431E+03,1.1963E+03,2.057604667702
    ));
#2210 = CARTESIAN_POINT('',(1.13079268775E+03,1.1963E+03,1.90465610245)
  );
#2211 = CARTESIAN_POINT('',(1.132549952427E+03,1.1963E+03,1.687150939447
    ));
#2212 = CARTESIAN_POINT('',(1.133590761212E+03,1.1963E+03,1.558337581181
    ));
#2213 = CARTESIAN_POINT('',(1.135082535594E+03,1.1963E+03,1.373696098644
    ));
#2214 = CARTESIAN_POINT('',(1.135958637279E+03,1.1963E+03,1.265254477301
    ));
#2215 = CARTESIAN_POINT('',(1.137226055097E+03,1.1963E+03,1.108396717775
    ));
#2216 = CARTESIAN_POINT('',(1.137963031505E+03,1.1963E+03,1.017193654004
    ));
#2217 = CARTESIAN_POINT('',(1.139040777741E+03,1.1963E+03,0.883803208721
    ));
#2218 = CARTESIAN_POINT('',(1.139659931427E+03,1.1963E+03,0.807164250397
    ));
#2219 = CARTESIAN_POINT('',(1.140577184712E+03,1.1963E+03,0.693619370402
    ));
#2220 = CARTESIAN_POINT('',(1.141096704598E+03,1.1963E+03,0.629307837219
    ));
#2221 = CARTESIAN_POINT('',(1.141878239146E+03,1.1963E+03,0.532577343635
    ));
#2222 = CARTESIAN_POINT('',(1.14231342416E+03,1.1963E+03,0.478718153205)
  );
#2223 = CARTESIAN_POINT('',(1.142979970023E+03,1.1963E+03,0.396194762367
    ));
#2224 = CARTESIAN_POINT('',(1.143311655348E+03,1.1963E+03,0.355115200957
    ));
#2225 = CARTESIAN_POINT('',(1.143599927032E+03,1.1963E+03,0.31939622216)
  );
#2226 = CARTESIAN_POINT('',(1.120174575809E+03,1.197037995333E+03,
    3.305787003547));
#2227 = CARTESIAN_POINT('',(1.120201561594E+03,1.197027351942E+03,
    3.281939393581));
#2228 = CARTESIAN_POINT('',(1.120529262712E+03,1.197011184884E+03,
    3.226051607339));
#2229 = CARTESIAN_POINT('',(1.122036172242E+03,1.19697334208E+03,
    3.044454988092));
#2230 = CARTESIAN_POINT('',(1.123762799994E+03,1.196931385513E+03,
    2.839175129865));
#2231 = CARTESIAN_POINT('',(1.126190415657E+03,1.196876518137E+03,
    2.559186560386));
#2232 = CARTESIAN_POINT('',(1.127645497126E+03,1.196839579187E+03,
    2.383006839082));
#2233 = CARTESIAN_POINT('',(1.129702708603E+03,1.196791550938E+03,
    2.142561691933));
#2234 = CARTESIAN_POINT('',(1.130928428585E+03,1.196758829637E+03,
    1.990811494045));
#2235 = CARTESIAN_POINT('',(1.132673053475E+03,1.196716554657E+03,
    1.783727069514));
#2236 = CARTESIAN_POINT('',(1.133705147371E+03,1.19668740306E+03,
    1.6526641919));
#2237 = CARTESIAN_POINT('',(1.135185736975E+03,1.196649995155E+03,
    1.47374863634));
#2238 = CARTESIAN_POINT('',(1.136054026536E+03,1.196623861466E+03,
    1.360147247517));
#2239 = CARTESIAN_POINT('',(1.137311487414E+03,1.196590555537E+03,
    1.205046311681));
#2240 = CARTESIAN_POINT('',(1.138041412188E+03,1.196566960454E+03,
    1.106220829348));
#2241 = CARTESIAN_POINT('',(1.139110243676E+03,1.196537149418E+03,
    0.971234734291));
#2242 = CARTESIAN_POINT('',(1.139722996259E+03,1.196515745705E+03,
    0.884892770913));
#2243 = CARTESIAN_POINT('',(1.140632204893E+03,1.196488806812E+03,
    0.766917160388));
#2244 = CARTESIAN_POINT('',(1.141145854307E+03,1.196469119476E+03,
    0.691141561417));
#2245 = CARTESIAN_POINT('',(1.141920114394E+03,1.196444857617E+03,
    0.587578282102));
#2246 = CARTESIAN_POINT('',(1.142349934929E+03,1.19642702879E+03,
    0.520761834062));
#2247 = CARTESIAN_POINT('',(1.14300975541E+03,1.196404295976E+03,
    0.429376071386));
#2248 = CARTESIAN_POINT('',(1.143336523744E+03,1.196387510742E+03,
    0.373513591077));
#2249 = CARTESIAN_POINT('',(1.143620063203E+03,1.196371142425E+03,
    0.322245895866));
#2250 = CARTESIAN_POINT('',(1.120396889361E+03,1.197786443565E+03,
    3.152094907694));
#2251 = CARTESIAN_POINT('',(1.12042056475E+03,1.197764712982E+03,
    3.116539250248));
#2252 = CARTESIAN_POINT('',(1.120743300132E+03,1.197731935068E+03,
    3.054283445905));
#2253 = CARTESIAN_POINT('',(1.122238752053E+03,1.19765580566E+03,
    2.887270280725));
#2254 = CARTESIAN_POINT('',(1.123952707747E+03,1.197571448728E+03,
    2.70052108306));
#2255 = CARTESIAN_POINT('',(1.126363788406E+03,1.197461270176E+03,
    2.45151462602));
#2256 = CARTESIAN_POINT('',(1.127807693218E+03,1.197386948478E+03,
    2.289015542459));
#2257 = CARTESIAN_POINT('',(1.129850411823E+03,1.197290448182E+03,
    2.07296193736));
#2258 = CARTESIAN_POINT('',(1.131066218495E+03,1.197224561779E+03,
    1.930820789979));
#2259 = CARTESIAN_POINT('',(1.132798071625E+03,1.19713956802E+03,
    1.742567787062));
#2260 = CARTESIAN_POINT('',(1.133821318661E+03,1.197080821029E+03,
    1.617666073242));
#2261 = CARTESIAN_POINT('',(1.135290591514E+03,1.197005561419E+03,
    1.4528871278));
#2262 = CARTESIAN_POINT('',(1.136150936979E+03,1.196952850242E+03,
    1.34253665464));
#2263 = CARTESIAN_POINT('',(1.137398308944E+03,1.196885794585E+03,
    1.197603225635));
#2264 = CARTESIAN_POINT('',(1.138121050112E+03,1.196838160621E+03,
    1.099566007883));
#2265 = CARTESIAN_POINT('',(1.13918083488E+03,1.19677809475E+03,
    0.971394946195));
#2266 = CARTESIAN_POINT('',(1.139787054388E+03,1.196734843524E+03,
    0.883760660905));
#2267 = CARTESIAN_POINT('',(1.140688086401E+03,1.196680521939E+03,
    0.769765002993));
#2268 = CARTESIAN_POINT('',(1.141195733369E+03,1.196640703469E+03,
    0.690936021376));
#2269 = CARTESIAN_POINT('',(1.141962587022E+03,1.196591735951E+03,
    0.588950639472));
#2270 = CARTESIAN_POINT('',(1.142386911107E+03,1.196555634499E+03,
    0.517587616964));
#2271 = CARTESIAN_POINT('',(1.143039874234E+03,1.196509725071E+03,
    0.425750165593));
#2272 = CARTESIAN_POINT('',(1.143361593605E+03,1.196475710803E+03,
    0.363515449527));
#2273 = CARTESIAN_POINT('',(1.143640268866E+03,1.19644253037E+03,
    0.305109721043));
#2274 = CARTESIAN_POINT('',(1.120602737335E+03,1.198479458232E+03,
    2.785226423136));
#2275 = CARTESIAN_POINT('',(1.120623747012E+03,1.198448799021E+03,
    2.746373378252));
#2276 = CARTESIAN_POINT('',(1.120942161343E+03,1.198401568813E+03,
    2.686160215851));
#2277 = CARTESIAN_POINT('',(1.122426800338E+03,1.198289311364E+03,
    2.54214116478));
#2278 = CARTESIAN_POINT('',(1.124128728659E+03,1.198164712628E+03,
    2.382333287721));
#2279 = CARTESIAN_POINT('',(1.126523918997E+03,1.198001381464E+03,
    2.172719603162));
#2280 = CARTESIAN_POINT('',(1.127957291836E+03,1.197891835579E+03,
    2.032311817386));
#2281 = CARTESIAN_POINT('',(1.129986162251E+03,1.197749021798E+03,
    1.84906041438));
#2282 = CARTESIAN_POINT('',(1.131192700298E+03,1.197652128856E+03,
    1.724938977548));
#2283 = CARTESIAN_POINT('',(1.132912426352E+03,1.197526574881E+03,
    1.563928056288));
#2284 = CARTESIAN_POINT('',(1.133927471212E+03,1.197440391057E+03,
    1.453598166305));
#2285 = CARTESIAN_POINT('',(1.135386071998E+03,1.197329438306E+03,
    1.311366491025));
#2286 = CARTESIAN_POINT('',(1.136239118051E+03,1.197252308202E+03,
    1.21267759357));
#2287 = CARTESIAN_POINT('',(1.137477045787E+03,1.197153661379E+03,
    1.086322331439));
#2288 = CARTESIAN_POINT('',(1.138193248033E+03,1.197084147096E+03,
    0.99748403831));
#2289 = CARTESIAN_POINT('',(1.139244630765E+03,1.196995984952E+03,
    0.884538670032));
#2290 = CARTESIAN_POINT('',(1.139844961881E+03,1.196933044777E+03,
    0.804022722874));
#2291 = CARTESIAN_POINT('',(1.140738461956E+03,1.196853499062E+03,
    0.702417677617));
#2292 = CARTESIAN_POINT('',(1.141240751163E+03,1.19679570802E+03,
    0.628945973396));
#2293 = CARTESIAN_POINT('',(1.142000843066E+03,1.196724193407E+03,
    0.536949148946));
#2294 = CARTESIAN_POINT('',(1.142420315385E+03,1.196671977891E+03,
    0.469450212013));
#2295 = CARTESIAN_POINT('',(1.143067065841E+03,1.196605050412E+03,
    0.385571731989));
#2296 = CARTESIAN_POINT('',(1.143384380932E+03,1.196555965673E+03,
    0.32537544021));
#2297 = CARTESIAN_POINT('',(1.143658836681E+03,1.196508131687E+03,
    0.268242338496));
#2298 = CARTESIAN_POINT('',(1.120773233656E+03,1.199053456844E+03,
    2.231105647534));
#2299 = CARTESIAN_POINT('',(1.120792972681E+03,1.199018542033E+03,
    2.196348899661));
#2300 = CARTESIAN_POINT('',(1.121108461021E+03,1.19896153256E+03,
    2.14557206365));
#2301 = CARTESIAN_POINT('',(1.122583682151E+03,1.198817820099E+03,
    2.031940811137));
#2302 = CARTESIAN_POINT('',(1.124274978159E+03,1.198657652589E+03,
    1.906467939133));
#2303 = CARTESIAN_POINT('',(1.126655673238E+03,1.198445841841E+03,
    1.743640711504));
#2304 = CARTESIAN_POINT('',(1.128079909164E+03,1.198305744799E+03,
    1.632717907962));
#2305 = CARTESIAN_POINT('',(1.13009632645E+03,1.198121290562E+03,
    1.489662391498));
#2306 = CARTESIAN_POINT('',(1.131294990932E+03,1.197998064111E+03,
    1.390954349664));
#2307 = CARTESIAN_POINT('',(1.133003984971E+03,1.197836622949E+03,
    1.264579194509));
#2308 = CARTESIAN_POINT('',(1.134012222715E+03,1.19772767532E+03,
    1.176214812812));
#2309 = CARTESIAN_POINT('',(1.135461546495E+03,1.197585702457E+03,
    1.063924092142));
#2310 = CARTESIAN_POINT('',(1.136308688195E+03,1.197488826456E+03,
    0.984290454841));
#2311 = CARTESIAN_POINT('',(1.137538566763E+03,1.197363261497E+03,
    0.883907044033));
#2312 = CARTESIAN_POINT('',(1.138249625147E+03,1.197276539925E+03,
    0.811661359977));
#2313 = CARTESIAN_POINT('',(1.139294000904E+03,1.197164954537E+03,
    0.721335369558));
#2314 = CARTESIAN_POINT('',(1.139889838689E+03,1.19708699844E+03,
    0.655331444979));
#2315 = CARTESIAN_POINT('',(1.140777201886E+03,1.196986901625E+03,
    0.573510696827));
#2316 = CARTESIAN_POINT('',(1.141275528393E+03,1.19691581104E+03,
    0.512789954452));
#2317 = CARTESIAN_POINT('',(1.142030253607E+03,1.19682642236E+03,
    0.438175371904));
#2318 = CARTESIAN_POINT('',(1.142446269219E+03,1.19676276581E+03,
    0.381934204994));
#2319 = CARTESIAN_POINT('',(1.143088202065E+03,1.19667949331E+03,
    0.313408380767));
#2320 = CARTESIAN_POINT('',(1.143402507937E+03,1.196620011128E+03,
    0.262644197722));
#2321 = CARTESIAN_POINT('',(1.143674139234E+03,1.196562196618E+03,
    0.214177407227));
#2322 = CARTESIAN_POINT('',(1.120893307072E+03,1.199457700016E+03,
    1.538714836792));
#2323 = CARTESIAN_POINT('',(1.120913769729E+03,1.199425210672E+03,
    1.513516429999));
#2324 = CARTESIAN_POINT('',(1.121228326362E+03,1.199365103001E+03,
    1.477637964447));
#2325 = CARTESIAN_POINT('',(1.12269612391E+03,1.199196616594E+03,
    1.39985655456));
#2326 = CARTESIAN_POINT('',(1.124378781889E+03,1.199007561376E+03,
    1.314180731679));
#2327 = CARTESIAN_POINT('',(1.126746975992E+03,1.198753952111E+03,
    1.203602005048));
#2328 = CARTESIAN_POINT('',(1.128164069289E+03,1.198589984978E+03,
    1.127626227809));
#2329 = CARTESIAN_POINT('',(1.130170027731E+03,1.198370571351E+03,
    1.030228641955));
#2330 = CARTESIAN_POINT('',(1.131362812931E+03,1.198227692458E+03,
    0.962396039187));
#2331 = CARTESIAN_POINT('',(1.133063069239E+03,1.198037045174E+03,
    0.876118694205));
#2332 = CARTESIAN_POINT('',(1.134066494151E+03,1.197912014809E+03,
    0.815181864863));
#2333 = CARTESIAN_POINT('',(1.135508535208E+03,1.197745702899E+03,
    0.738294142871));
#2334 = CARTESIAN_POINT('',(1.136351766841E+03,1.197635762068E+03,
    0.683177809792));
#2335 = CARTESIAN_POINT('',(1.137575590524E+03,1.197489960038E+03,
    0.614228294375));
#2336 = CARTESIAN_POINT('',(1.138283499331E+03,1.197392712243E+03,
    0.56403726346));
#2337 = CARTESIAN_POINT('',(1.139322862396E+03,1.197264384678E+03,
    0.50179269497));
#2338 = CARTESIAN_POINT('',(1.139916201134E+03,1.197178093727E+03,
    0.455762837039));
#2339 = CARTESIAN_POINT('',(1.140799421737E+03,1.197064126878E+03,
    0.399188430059));
#2340 = CARTESIAN_POINT('',(1.141295779826E+03,1.196986417815E+03,
    0.356680693597));
#2341 = CARTESIAN_POINT('',(1.142047132635E+03,1.196885836136E+03,
    0.304910397021));
#2342 = CARTESIAN_POINT('',(1.142461685825E+03,1.196817419617E+03,
    0.265389044203));
#2343 = CARTESIAN_POINT('',(1.143100795345E+03,1.196724483162E+03,
    0.21767791984));
#2344 = CARTESIAN_POINT('',(1.143414086282E+03,1.196661284604E+03,
    0.181807889599));
#2345 = CARTESIAN_POINT('',(1.14368488741E+03,1.196600170637E+03,
    0.14746945439));
#2346 = CARTESIAN_POINT('',(1.120954137032E+03,1.199662492191E+03,
    0.772177680339));
#2347 = CARTESIAN_POINT('',(1.120977668403E+03,1.199640284947E+03,
    0.75946704692));
#2348 = CARTESIAN_POINT('',(1.121293638412E+03,1.199584935711E+03,
    0.741416384121));
#2349 = CARTESIAN_POINT('',(1.122756357461E+03,1.199399531992E+03,
    0.702414249155));
#2350 = CARTESIAN_POINT('',(1.124432722493E+03,1.199189445699E+03,
    0.659464907692));
#2351 = CARTESIAN_POINT('',(1.126790760702E+03,1.19890189455E+03,
    0.604064114353));
#2352 = CARTESIAN_POINT('',(1.128203056452E+03,1.198721913959E+03,
    0.565964795711));
#2353 = CARTESIAN_POINT('',(1.130200901132E+03,1.198475397576E+03,
    0.517154572761));
#2354 = CARTESIAN_POINT('',(1.131390152133E+03,1.198320722873E+03,
    0.483126841355));
#2355 = CARTESIAN_POINT('',(1.133084015793E+03,1.198108726101E+03,
    0.439876738841));
#2356 = CARTESIAN_POINT('',(1.134084972955E+03,1.197975469632E+03,
    0.409296894147));
#2357 = CARTESIAN_POINT('',(1.135522076371E+03,1.197792675309E+03,
    0.370741603129));
#2358 = CARTESIAN_POINT('',(1.136363743019E+03,1.197677526281E+03,
    0.343072006567));
#2359 = CARTESIAN_POINT('',(1.137583856899E+03,1.197519343814E+03,
    0.308485818836));
#2360 = CARTESIAN_POINT('',(1.138290961211E+03,1.197419426428E+03,
    0.283278873355));
#2361 = CARTESIAN_POINT('',(1.139327656667E+03,1.197282213319E+03,
    0.252045159087));
#2362 = CARTESIAN_POINT('',(1.13992084144E+03,1.197195444147E+03,
    0.228918800099));
#2363 = CARTESIAN_POINT('',(1.140802264532E+03,1.197075463897E+03,
    0.200520166587));
#2364 = CARTESIAN_POINT('',(1.141298999287E+03,1.196998992991E+03,
    0.179154868333));
#2365 = CARTESIAN_POINT('',(1.142049324773E+03,1.196895074945E+03,
    0.153158290022));
#2366 = CARTESIAN_POINT('',(1.142464760622E+03,1.196829755092E+03,
    0.13328618359));
#2367 = CARTESIAN_POINT('',(1.143103391899E+03,1.196735011314E+03,
    0.109319191386));
#2368 = CARTESIAN_POINT('',(1.143418012983E+03,1.196675953014E+03,
    9.127274624284E-02));
#2369 = CARTESIAN_POINT('',(1.143690329025E+03,1.196619396222E+03,
    7.399209861584E-02));
#2370 = CARTESIAN_POINT('',(1.120954137032E+03,1.199662492191E+03,0.));
#2371 = CARTESIAN_POINT('',(1.120983145307E+03,1.19965863516E+03,0.));
#2372 = CARTESIAN_POINT('',(1.12130293688E+03,1.199616112471E+03,0.));
#2373 = CARTESIAN_POINT('',(1.122762985619E+03,1.199421859552E+03,0.));
#2374 = CARTESIAN_POINT('',(1.124435465893E+03,1.199198810297E+03,0.));
#2375 = CARTESIAN_POINT('',(1.126785756397E+03,1.198885385376E+03,0.));
#2376 = CARTESIAN_POINT('',(1.12819566279E+03,1.198697459441E+03,0.));
#2377 = CARTESIAN_POINT('',(1.130187801896E+03,1.198431908414E+03,0.));
#2378 = CARTESIAN_POINT('',(1.131375926887E+03,1.198273506014E+03,0.));
#2379 = CARTESIAN_POINT('',(1.133065806087E+03,1.198048227867E+03,0.));
#2380 = CARTESIAN_POINT('',(1.134066703688E+03,1.197914813406E+03,0.));
#2381 = CARTESIAN_POINT('',(1.135501277653E+03,1.197723604783E+03,0.));
#2382 = CARTESIAN_POINT('',(1.136343787504E+03,1.19761131567E+03,0.));
#2383 = CARTESIAN_POINT('',(1.137562599771E+03,1.197448820879E+03,0.));
#2384 = CARTESIAN_POINT('',(1.138271307777E+03,1.197354302015E+03,0.));
#2385 = CARTESIAN_POINT('',(1.139307743812E+03,1.197216271475E+03,0.));
#2386 = CARTESIAN_POINT('',(1.139903182809E+03,1.197137092194E+03,0.));
#2387 = CARTESIAN_POINT('',(1.140785216578E+03,1.197019166656E+03,0.));
#2388 = CARTESIAN_POINT('',(1.141284736188E+03,1.196952002019E+03,0.));
#2389 = CARTESIAN_POINT('',(1.14203644254E+03,1.196852815718E+03,0.));
#2390 = CARTESIAN_POINT('',(1.142455169238E+03,1.196798660643E+03,0.));
#2391 = CARTESIAN_POINT('',(1.14309573046E+03,1.196710177656E+03,0.));
#2392 = CARTESIAN_POINT('',(1.143414089881E+03,1.196663327726E+03,0.));
#2393 = CARTESIAN_POINT('',(1.143690329025E+03,1.196619396222E+03,6.E-17
    ));
#2394 = SHELL_BASED_SURFACE_MODEL('',(#2395));
#2395 = OPEN_SHELL('',(#2396));
#2396 = ADVANCED_FACE('',(#2397),#2506,.T.);
#2397 = FACE_BOUND('',#2398,.T.);
#2398 = EDGE_LOOP('',(#2399,#2448,#2461));
#2399 = ORIENTED_EDGE('',*,*,#2400,.T.);
#2400 = EDGE_CURVE('',#2401,#2403,#2405,.T.);
#2401 = VERTEX_POINT('',#2402);
#2402 = CARTESIAN_POINT('',(690.68412703154,1.1963E+03,0.));
#2403 = VERTEX_POINT('',#2404);
#2404 = CARTESIAN_POINT('',(713.32991703154,1.208480672234E+03,0.));
#2405 = B_SPLINE_CURVE_WITH_KNOTS('',3,(#2406,#2407,#2408,#2409,#2410,
    #2411,#2412,#2413,#2414,#2415,#2416,#2417,#2418,#2419,#2420,#2421,
    #2422,#2423,#2424,#2425,#2426,#2427,#2428,#2429,#2430,#2431,#2432,
    #2433,#2434,#2435,#2436,#2437,#2438,#2439,#2440,#2441,#2442,#2443,
    #2444,#2445,#2446,#2447),.UNSPECIFIED.,.F.,.F.,(4,1,1,1,1,1,1,1,1,1,
    1,1,1,1,1,1,1,1,1,1,1,1,1,1,1,1,1,1,1,1,1,1,1,1,1,1,1,1,1,4),(0.,
    0.365388386548,0.384931946818,0.770283580976,0.803526131676,
    1.219713752751,1.259740201258,1.720377278965,1.758676446889,
    2.279966737067,2.30656323681,2.906629706007,2.910511458237,
    3.579357082783,3.610265714045,4.323401439152,4.401961521935,
    5.15574753218,5.295417311851,6.091319529183,6.305337661245,
    7.147208067979,7.447648947302,8.344381590013,8.740865072451,
    9.706280201042,10.203958049091,11.259660687155,11.856225698018,
    13.040426161034,13.721906274175,15.088049285575,15.823667386728,
    17.458134915241,18.193836806249,20.220477086561,20.873844162624,
    23.462629832747,23.922277457313,26.41081171702),.UNSPECIFIED.);
#2406 = CARTESIAN_POINT('',(690.68412703154,1.1963E+03,0.));
#2407 = CARTESIAN_POINT('',(690.74512402171,1.196405437319E+03,0.));
#2408 = CARTESIAN_POINT('',(690.81128991086,1.19651539327E+03,0.));
#2409 = CARTESIAN_POINT('',(690.94739605481,1.196733119812E+03,0.));
#2410 = CARTESIAN_POINT('',(691.02701439541,1.196855587561E+03,0.));
#2411 = CARTESIAN_POINT('',(691.18250455516,1.197086370997E+03,0.));
#2412 = CARTESIAN_POINT('',(691.27605588716,1.197220073155E+03,0.));
#2413 = CARTESIAN_POINT('',(691.45570272193,1.197467334963E+03,0.));
#2414 = CARTESIAN_POINT('',(691.56412651605,1.19761063187E+03,0.));
#2415 = CARTESIAN_POINT('',(691.77419708703,1.197878092803E+03,0.));
#2416 = CARTESIAN_POINT('',(691.8979783296,1.198029335102E+03,0.));
#2417 = CARTESIAN_POINT('',(692.14549626169,1.198321182968E+03,0.));
#2418 = CARTESIAN_POINT('',(692.28464753742,1.198478769559E+03,0.));
#2419 = CARTESIAN_POINT('',(692.5710375508,1.198791822813E+03,0.));
#2420 = CARTESIAN_POINT('',(692.73274877676,1.198961782055E+03,0.));
#2421 = CARTESIAN_POINT('',(693.06354361335,1.199297060345E+03,0.));
#2422 = CARTESIAN_POINT('',(693.25987331397,1.199488565428E+03,0.));
#2423 = CARTESIAN_POINT('',(693.63549102741,1.199841180068E+03,0.));
#2424 = CARTESIAN_POINT('',(693.87615045384,1.200058222501E+03,0.));
#2425 = CARTESIAN_POINT('',(694.30161325273,1.20042718644E+03,0.));
#2426 = CARTESIAN_POINT('',(694.59612735227,1.200672456045E+03,0.));
#2427 = CARTESIAN_POINT('',(695.07815747898,1.201058105473E+03,0.));
#2428 = CARTESIAN_POINT('',(695.43683272862,1.20133348E+03,0.));
#2429 = CARTESIAN_POINT('',(695.98434248733,1.201736325116E+03,0.));
#2430 = CARTESIAN_POINT('',(696.41880786743,1.202042166721E+03,0.));
#2431 = CARTESIAN_POINT('',(697.04358811945,1.202462397887E+03,0.));
#2432 = CARTESIAN_POINT('',(697.56542858483,1.202797131955E+03,0.));
#2433 = CARTESIAN_POINT('',(698.28204419007,1.203234808005E+03,0.));
#2434 = CARTESIAN_POINT('',(698.902093108,1.203594447938E+03,0.));
#2435 = CARTESIAN_POINT('',(699.7311412567,1.204049275806E+03,0.));
#2436 = CARTESIAN_POINT('',(700.46071199775,1.20442566506E+03,0.));
#2437 = CARTESIAN_POINT('',(701.43049751445,1.204895163868E+03,0.));
#2438 = CARTESIAN_POINT('',(702.27641653473,1.20527675224E+03,0.));
#2439 = CARTESIAN_POINT('',(703.42535865465,1.20575791914E+03,0.));
#2440 = CARTESIAN_POINT('',(704.39225484071,1.206128894105E+03,0.));
#2441 = CARTESIAN_POINT('',(705.77531885176,1.206614623483E+03,0.));
#2442 = CARTESIAN_POINT('',(706.86164926875,1.206956900225E+03,0.));
#2443 = CARTESIAN_POINT('',(708.55070843487,1.207439235629E+03,0.));
#2444 = CARTESIAN_POINT('',(709.74758474458,1.207741209835E+03,0.));
#2445 = CARTESIAN_POINT('',(711.54888298142,1.208144805039E+03,0.));
#2446 = CARTESIAN_POINT('',(712.51339831105,1.208335290982E+03,0.));
#2447 = CARTESIAN_POINT('',(713.32991703154,1.208480672234E+03,0.));
#2448 = ORIENTED_EDGE('',*,*,#2449,.T.);
#2449 = EDGE_CURVE('',#2403,#2450,#2452,.T.);
#2450 = VERTEX_POINT('',#2451);
#2451 = CARTESIAN_POINT('',(706.47707451964,1.1963E+03,-12.22098173982)
  );
#2452 = B_SPLINE_CURVE_WITH_KNOTS('',7,(#2453,#2454,#2455,#2456,#2457,
    #2458,#2459,#2460),.UNSPECIFIED.,.F.,.F.,(8,8),(0.,1.),
  .PIECEWISE_BEZIER_KNOTS.);
#2453 = CARTESIAN_POINT('',(713.32991703154,1.208480672234E+03,0.));
#2454 = CARTESIAN_POINT('',(713.32991703154,1.208480672234E+03,
    -3.026095690239));
#2455 = CARTESIAN_POINT('',(712.90515394131,1.207725671667E+03,
    -6.028513661239));
#2456 = CARTESIAN_POINT('',(712.0675064394,1.206236784442E+03,
    -8.71988290497));
#2457 = CARTESIAN_POINT('',(710.88285651616,1.204131113343E+03,
    -10.83252230312));
#2458 = CARTESIAN_POINT('',(709.46326277395,1.201607838359E+03,
    -12.16659271876));
#2459 = CARTESIAN_POINT('',(707.94759173141,1.198913789554E+03,
    -12.62463806101));
#2460 = CARTESIAN_POINT('',(706.47707451964,1.1963E+03,-12.22098173982)
  );
#2461 = ORIENTED_EDGE('',*,*,#2462,.F.);
#2462 = EDGE_CURVE('',#2401,#2450,#2463,.T.);
#2463 = B_SPLINE_CURVE_WITH_KNOTS('',3,(#2464,#2465,#2466,#2467,#2468,
    #2469,#2470,#2471,#2472,#2473,#2474,#2475,#2476,#2477,#2478,#2479,
    #2480,#2481,#2482,#2483,#2484,#2485,#2486,#2487,#2488,#2489,#2490,
    #2491,#2492,#2493,#2494,#2495,#2496,#2497,#2498,#2499,#2500,#2501,
    #2502,#2503,#2504,#2505),.UNSPECIFIED.,.F.,.F.,(4,1,1,1,1,1,1,1,1,1,
    1,1,1,1,1,1,1,1,1,1,1,1,1,1,1,1,1,1,1,1,1,1,1,1,1,1,1,1,1,4),(0.,
    0.365388386548,0.384931946818,0.770283580976,0.803526131676,
    1.219713752751,1.259740201258,1.720377278965,1.758676446889,
    2.279966737067,2.30656323681,2.906629706007,2.910511458237,
    3.579357082783,3.610265714045,4.323401439152,4.401961521935,
    5.15574753218,5.295417311851,6.091319529183,6.305337661245,
    7.147208067979,7.447648947302,8.344381590013,8.740865072451,
    9.706280201042,10.203958049091,11.259660687155,11.856225698018,
    13.040426161034,13.721906274175,15.088049285575,15.823667386728,
    17.458134915241,18.193836806249,20.220477086561,20.873844162624,
    23.462629832747,23.922277457313,26.41081171702),.UNSPECIFIED.);
#2464 = CARTESIAN_POINT('',(690.68412703154,1.1963E+03,0.));
#2465 = CARTESIAN_POINT('',(690.6842148109,1.1963E+03,
    -9.912459612712E-02));
#2466 = CARTESIAN_POINT('',(690.68660459079,1.1963E+03,-0.203539476203)
  );
#2467 = CARTESIAN_POINT('',(690.69610656181,1.1963E+03,-0.412274760294)
  );
#2468 = CARTESIAN_POINT('',(690.7043312037,1.1963E+03,-0.530872989618));
#2469 = CARTESIAN_POINT('',(690.72521268941,1.1963E+03,-0.756367637752)
  );
#2470 = CARTESIAN_POINT('',(690.74071796125,1.1963E+03,-0.888274204669)
  );
#2471 = CARTESIAN_POINT('',(690.77627932866,1.1963E+03,-1.134439809258)
  );
#2472 = CARTESIAN_POINT('',(690.80140739658,1.1963E+03,-1.278530280422)
  );
#2473 = CARTESIAN_POINT('',(690.85663126355,1.1963E+03,-1.549739645113)
  );
#2474 = CARTESIAN_POINT('',(690.89327913474,1.1963E+03,-1.704550120637)
  );
#2475 = CARTESIAN_POINT('',(690.97381623538,1.1963E+03,-2.005385277865)
  );
#2476 = CARTESIAN_POINT('',(691.0235407394,1.1963E+03,-2.169146649546));
#2477 = CARTESIAN_POINT('',(691.13384264581,1.1963E+03,-2.496352468115)
  );
#2478 = CARTESIAN_POINT('',(691.20093233784,1.1963E+03,-2.675172069508)
  );
#2479 = CARTESIAN_POINT('',(691.34709823904,1.1963E+03,-3.0295253466));
#2480 = CARTESIAN_POINT('',(691.43926707081,1.1963E+03,-3.232902641701)
  );
#2481 = CARTESIAN_POINT('',(691.62564742344,1.1963E+03,-3.608488445829)
  );
#2482 = CARTESIAN_POINT('',(691.75150541235,1.1963E+03,-3.840387143443)
  );
#2483 = CARTESIAN_POINT('',(691.98450578081,1.1963E+03,-4.235076222522)
  );
#2484 = CARTESIAN_POINT('',(692.15300501575,1.1963E+03,-4.497705394584)
  );
#2485 = CARTESIAN_POINT('',(692.43957886345,1.1963E+03,-4.910375829151)
  );
#2486 = CARTESIAN_POINT('',(692.66079114119,1.1963E+03,-5.204647195818)
  );
#2487 = CARTESIAN_POINT('',(693.00990561922,1.1963E+03,-5.633815037401)
  );
#2488 = CARTESIAN_POINT('',(693.29578827719,1.1963E+03,-5.958445439002)
  );
#2489 = CARTESIAN_POINT('',(693.71845760899,1.1963E+03,-6.402185030356)
  );
#2490 = CARTESIAN_POINT('',(694.08086634788,1.1963E+03,-6.753488593328)
  );
#2491 = CARTESIAN_POINT('',(694.59005079746,1.1963E+03,-7.209391841247)
  );
#2492 = CARTESIAN_POINT('',(695.04048379736,1.1963E+03,-7.5804080279));
#2493 = CARTESIAN_POINT('',(695.65463962319,1.1963E+03,-8.044292362848)
  );
#2494 = CARTESIAN_POINT('',(696.20498741637,1.1963E+03,-8.423558686111)
  );
#2495 = CARTESIAN_POINT('',(696.94723251353,1.1963E+03,-8.890635409572)
  );
#2496 = CARTESIAN_POINT('',(697.60383939713,1.1963E+03,-9.264360424055)
  );
#2497 = CARTESIAN_POINT('',(698.50533548546,1.1963E+03,-9.728200077513)
  );
#2498 = CARTESIAN_POINT('',(699.27174468176,1.1963E+03,-10.07962295483)
  );
#2499 = CARTESIAN_POINT('',(700.375245825,1.1963E+03,-10.53296290884));
#2500 = CARTESIAN_POINT('',(701.24744893339,1.1963E+03,-10.84762035079)
  );
#2501 = CARTESIAN_POINT('',(702.6076807327,1.1963E+03,-11.28697331316));
#2502 = CARTESIAN_POINT('',(703.57509150046,1.1963E+03,-11.55805976602)
  );
#2503 = CARTESIAN_POINT('',(705.03362712813,1.1963E+03,-11.91907284246)
  );
#2504 = CARTESIAN_POINT('',(705.8155665288,1.1963E+03,-12.08932979084));
#2505 = CARTESIAN_POINT('',(706.47707451964,1.1963E+03,-12.22098173982)
  );
#2506 = B_SPLINE_SURFACE_WITH_KNOTS('',3,7,(
    (#2507,#2508,#2509,#2510,#2511,#2512,#2513,#2514)
    ,(#2515,#2516,#2517,#2518,#2519,#2520,#2521,#2522)
    ,(#2523,#2524,#2525,#2526,#2527,#2528,#2529,#2530)
    ,(#2531,#2532,#2533,#2534,#2535,#2536,#2537,#2538)
    ,(#2539,#2540,#2541,#2542,#2543,#2544,#2545,#2546)
    ,(#2547,#2548,#2549,#2550,#2551,#2552,#2553,#2554)
    ,(#2555,#2556,#2557,#2558,#2559,#2560,#2561,#2562)
    ,(#2563,#2564,#2565,#2566,#2567,#2568,#2569,#2570)
    ,(#2571,#2572,#2573,#2574,#2575,#2576,#2577,#2578)
    ,(#2579,#2580,#2581,#2582,#2583,#2584,#2585,#2586)
    ,(#2587,#2588,#2589,#2590,#2591,#2592,#2593,#2594)
    ,(#2595,#2596,#2597,#2598,#2599,#2600,#2601,#2602)
    ,(#2603,#2604,#2605,#2606,#2607,#2608,#2609,#2610)
    ,(#2611,#2612,#2613,#2614,#2615,#2616,#2617,#2618)
    ,(#2619,#2620,#2621,#2622,#2623,#2624,#2625,#2626)
    ,(#2627,#2628,#2629,#2630,#2631,#2632,#2633,#2634)
    ,(#2635,#2636,#2637,#2638,#2639,#2640,#2641,#2642)
    ,(#2643,#2644,#2645,#2646,#2647,#2648,#2649,#2650)
    ,(#2651,#2652,#2653,#2654,#2655,#2656,#2657,#2658)
    ,(#2659,#2660,#2661,#2662,#2663,#2664,#2665,#2666)
    ,(#2667,#2668,#2669,#2670,#2671,#2672,#2673,#2674)
    ,(#2675,#2676,#2677,#2678,#2679,#2680,#2681,#2682)
    ,(#2683,#2684,#2685,#2686,#2687,#2688,#2689,#2690)
    ,(#2691,#2692,#2693,#2694,#2695,#2696,#2697,#2698)
    ,(#2699,#2700,#2701,#2702,#2703,#2704,#2705,#2706)
    ,(#2707,#2708,#2709,#2710,#2711,#2712,#2713,#2714)
    ,(#2715,#2716,#2717,#2718,#2719,#2720,#2721,#2722)
    ,(#2723,#2724,#2725,#2726,#2727,#2728,#2729,#2730)
    ,(#2731,#2732,#2733,#2734,#2735,#2736,#2737,#2738)
    ,(#2739,#2740,#2741,#2742,#2743,#2744,#2745,#2746)
    ,(#2747,#2748,#2749,#2750,#2751,#2752,#2753,#2754)
    ,(#2755,#2756,#2757,#2758,#2759,#2760,#2761,#2762)
    ,(#2763,#2764,#2765,#2766,#2767,#2768,#2769,#2770)
    ,(#2771,#2772,#2773,#2774,#2775,#2776,#2777,#2778)
    ,(#2779,#2780,#2781,#2782,#2783,#2784,#2785,#2786)
    ,(#2787,#2788,#2789,#2790,#2791,#2792,#2793,#2794)
    ,(#2795,#2796,#2797,#2798,#2799,#2800,#2801,#2802)
    ,(#2803,#2804,#2805,#2806,#2807,#2808,#2809,#2810)
    ,(#2811,#2812,#2813,#2814,#2815,#2816,#2817,#2818)
    ,(#2819,#2820,#2821,#2822,#2823,#2824,#2825,#2826)
    ,(#2827,#2828,#2829,#2830,#2831,#2832,#2833,#2834)
    ,(#2835,#2836,#2837,#2838,#2839,#2840,#2841,#2842
  )),.UNSPECIFIED.,.F.,.F.,.F.,(4,1,1,1,1,1,1,1,1,1,1,1,1,1,1,1,1,1,1,1,
    1,1,1,1,1,1,1,1,1,1,1,1,1,1,1,1,1,1,1,4),(8,8),(0.,0.365388386548,
    0.384931946818,0.770283580976,0.803526131676,1.219713752751,
    1.259740201258,1.720377278965,1.758676446889,2.279966737067,
    2.30656323681,2.906629706007,2.910511458237,3.579357082783,
    3.610265714045,4.323401439152,4.401961521935,5.15574753218,
    5.295417311851,6.091319529183,6.305337661245,7.147208067979,
    7.447648947302,8.344381590013,8.740865072451,9.706280201042,
    10.203958049091,11.259660687155,11.856225698018,13.040426161034,
    13.721906274175,15.088049285575,15.823667386728,17.458134915241,
    18.193836806249,20.220477086561,20.873844162624,23.462629832747,
    23.922277457313,26.41081171702),(0.,1.),.UNSPECIFIED.);
#2507 = CARTESIAN_POINT('',(690.68412703154,1.1963E+03,0.));
#2508 = CARTESIAN_POINT('',(690.68412703154,1.1963E+03,0.));
#2509 = CARTESIAN_POINT('',(690.68412703154,1.1963E+03,0.));
#2510 = CARTESIAN_POINT('',(690.68412703154,1.1963E+03,0.));
#2511 = CARTESIAN_POINT('',(690.68412703154,1.1963E+03,0.));
#2512 = CARTESIAN_POINT('',(690.68412703154,1.1963E+03,0.));
#2513 = CARTESIAN_POINT('',(690.68412703154,1.1963E+03,0.));
#2514 = CARTESIAN_POINT('',(690.68412703154,1.1963E+03,0.));
#2515 = CARTESIAN_POINT('',(690.74512402171,1.196405437319E+03,0.));
#2516 = CARTESIAN_POINT('',(690.76030020592,1.196432816211E+03,
    -4.538605063787E-02));
#2517 = CARTESIAN_POINT('',(690.76511631476,1.196441780456E+03,
    -9.019459592842E-02));
#2518 = CARTESIAN_POINT('',(690.7598620721,1.196432845026E+03,
    -0.127416586895));
#2519 = CARTESIAN_POINT('',(690.74614435574,1.196408866087E+03,
    -0.150523215775));
#2520 = CARTESIAN_POINT('',(690.72669630234,1.196374701687E+03,
    -0.154640357276));
#2521 = CARTESIAN_POINT('',(690.70490490015,1.196336372072E+03,
    -0.137391033573));
#2522 = CARTESIAN_POINT('',(690.6842148109,1.1963E+03,
    -9.912459612712E-02));
#2523 = CARTESIAN_POINT('',(690.81128991086,1.19651539327E+03,0.));
#2524 = CARTESIAN_POINT('',(690.84123272236,1.196569505536E+03,
    -9.152785612558E-02));
#2525 = CARTESIAN_POINT('',(690.85045538312,1.196586788507E+03,
    -0.181900701557));
#2526 = CARTESIAN_POINT('',(690.83953734087,1.196568272128E+03,
    -0.25710043834));
#2527 = CARTESIAN_POINT('',(690.81169235124,1.19651966873E+03,
    -0.304069450949));
#2528 = CARTESIAN_POINT('',(690.77238668751,1.196450694412E+03,
    -0.313059488802));
#2529 = CARTESIAN_POINT('',(690.72839432621,1.196373389663E+03,
    -0.279316596245));
#2530 = CARTESIAN_POINT('',(690.68660459079,1.1963E+03,-0.203539476203)
  );
#2531 = CARTESIAN_POINT('',(690.94739605481,1.196733119812E+03,0.));
#2532 = CARTESIAN_POINT('',(690.98313005594,1.196798569653E+03,
    -0.152572576472));
#2533 = CARTESIAN_POINT('',(690.98778383095,1.19680877555E+03,
    -0.303412636903));
#2534 = CARTESIAN_POINT('',(690.96222655144,1.196765282424E+03,
    -0.431493034363));
#2535 = CARTESIAN_POINT('',(690.91127885087,1.19667665877E+03,
    -0.517227345561));
#2536 = CARTESIAN_POINT('',(690.84314013915,1.196557478734E+03,
    -0.545993194623));
#2537 = CARTESIAN_POINT('',(690.76797138106,1.196425803053E+03,
    -0.510659648073));
#2538 = CARTESIAN_POINT('',(690.69610656181,1.1963E+03,-0.412274760294)
  );
#2539 = CARTESIAN_POINT('',(691.02701439541,1.196855587561E+03,0.));
#2540 = CARTESIAN_POINT('',(691.07642679676,1.196945983376E+03,
    -0.20074057471));
#2541 = CARTESIAN_POINT('',(691.08439889663,1.196962720599E+03,
    -0.399171128031));
#2542 = CARTESIAN_POINT('',(691.05208959047,1.196907859124E+03,
    -0.567255464057));
#2543 = CARTESIAN_POINT('',(690.98592638956,1.196792823612E+03,
    -0.678878351734));
#2544 = CARTESIAN_POINT('',(690.89684184045,1.196637046258E+03,
    -0.714543289897));
#2545 = CARTESIAN_POINT('',(690.79838389618,1.196464608044E+03,
    -0.664742367243));
#2546 = CARTESIAN_POINT('',(690.7043312037,1.1963E+03,-0.530872989618));
#2547 = CARTESIAN_POINT('',(691.18250455516,1.197086370997E+03,0.));
#2548 = CARTESIAN_POINT('',(691.23656464597,1.197186239116E+03,
    -0.26417948992));
#2549 = CARTESIAN_POINT('',(691.23882435993,1.197194033996E+03,
    -0.525471453104));
#2550 = CARTESIAN_POINT('',(691.19073231636,1.197112330503E+03,
    -0.748830644669));
#2551 = CARTESIAN_POINT('',(691.10032290434,1.196955409464E+03,
    -0.901613025799));
#2552 = CARTESIAN_POINT('',(690.98126180708,1.196747561122E+03,
    -0.959447970036));
#2553 = CARTESIAN_POINT('',(690.85048396588,1.196518886704E+03,
    -0.910450588251));
#2554 = CARTESIAN_POINT('',(690.72521268941,1.1963E+03,-0.756367637752)
  );
#2555 = CARTESIAN_POINT('',(691.27605588716,1.197220073155E+03,0.));
#2556 = CARTESIAN_POINT('',(691.34284404085,1.197343282333E+03,
    -0.314248679242));
#2557 = CARTESIAN_POINT('',(691.34747174231,1.197356003623E+03,
    -0.625032326401));
#2558 = CARTESIAN_POINT('',(691.29167733474,1.197261326865E+03,
    -0.890296647618));
#2559 = CARTESIAN_POINT('',(691.18510208503,1.197076389053E+03,
    -1.070868796311));
#2560 = CARTESIAN_POINT('',(691.04414481303,1.196830338477E+03,
    -1.137504020733));
#2561 = CARTESIAN_POINT('',(690.8891274483,1.19655929661E+03,
    -1.075940453929));
#2562 = CARTESIAN_POINT('',(690.74071796125,1.1963E+03,-0.888274204669)
  );
#2563 = CARTESIAN_POINT('',(691.45570272193,1.197467334963E+03,0.));
#2564 = CARTESIAN_POINT('',(691.52578473747,1.197597662392E+03,
    -0.380640588232));
#2565 = CARTESIAN_POINT('',(691.5233462254,1.197599087285E+03,
    -0.757238639033));
#2566 = CARTESIAN_POINT('',(691.45041525281,1.197475214456E+03,
    -1.080730809568));
#2567 = CARTESIAN_POINT('',(691.31823996438,1.197246037064E+03,
    -1.305415445493));
#2568 = CARTESIAN_POINT('',(691.14595231661,1.196945561447E+03,
    -1.397173669768));
#2569 = CARTESIAN_POINT('',(690.95726122733,1.196615929324E+03,
    -1.339366637612));
#2570 = CARTESIAN_POINT('',(690.77627932866,1.1963E+03,-1.134439809258)
  );
#2571 = CARTESIAN_POINT('',(691.56412651605,1.19761063187E+03,0.));
#2572 = CARTESIAN_POINT('',(691.64618664217,1.197762929679E+03,
    -0.432450335304));
#2573 = CARTESIAN_POINT('',(691.64536616532,1.197767910304E+03,
    -0.860280627829));
#2574 = CARTESIAN_POINT('',(691.56398287644,1.197629693533E+03,
    -1.227418485765));
#2575 = CARTESIAN_POINT('',(691.41489179802,1.197371128689E+03,
    -1.481633447004));
#2576 = CARTESIAN_POINT('',(691.21995802322,1.197031080159E+03,
    -1.583932509214));
#2577 = CARTESIAN_POINT('',(691.00627745812,1.196657709909E+03,
    -1.515299849789));
#2578 = CARTESIAN_POINT('',(690.80140739658,1.1963E+03,-1.278530280422)
  );
#2579 = CARTESIAN_POINT('',(691.77419708703,1.197878092803E+03,0.));
#2580 = CARTESIAN_POINT('',(691.85801375548,1.198034623274E+03,
    -0.502419924308));
#2581 = CARTESIAN_POINT('',(691.84858974558,1.198025421913E+03,
    -0.99964230049));
#2582 = CARTESIAN_POINT('',(691.74853257215,1.197855123482E+03,
    -1.428585687759));
#2583 = CARTESIAN_POINT('',(691.57230413549,1.197549433467E+03,
    -1.730490816244));
#2584 = CARTESIAN_POINT('',(691.34450266541,1.197152074308E+03,
    -1.861490558322));
#2585 = CARTESIAN_POINT('',(691.09561105622,1.196717228212E+03,
    -1.80019211356));
#2586 = CARTESIAN_POINT('',(690.85663126355,1.1963E+03,-1.549739645113)
  );
#2587 = CARTESIAN_POINT('',(691.8979783296,1.198029335102E+03,0.));
#2588 = CARTESIAN_POINT('',(691.99322487361,1.198206700897E+03,
    -0.555761100574));
#2589 = CARTESIAN_POINT('',(691.9848706639,1.198199920212E+03,
    -1.105747147674));
#2590 = CARTESIAN_POINT('',(691.87581293915,1.198014142781E+03,
    -1.579867651539));
#2591 = CARTESIAN_POINT('',(691.68212047748,1.19767793026E+03,
    -1.912834534531));
#2592 = CARTESIAN_POINT('',(691.43112464534,1.197239863132E+03,
    -2.055906543738));
#2593 = CARTESIAN_POINT('',(691.15669532531,1.196760143852E+03,
    -1.985313900901));
#2594 = CARTESIAN_POINT('',(690.89327913474,1.1963E+03,-1.704550120637)
  );
#2595 = CARTESIAN_POINT('',(692.14549626169,1.198321182968E+03,0.));
#2596 = CARTESIAN_POINT('',(692.24076590124,1.198499297577E+03,
    -0.629962945655));
#2597 = CARTESIAN_POINT('',(692.22207471171,1.198474851059E+03,
    -1.253573332489));
#2598 = CARTESIAN_POINT('',(692.09260965563,1.19825350812E+03,
    -1.793731621763));
#2599 = CARTESIAN_POINT('',(691.87004638895,1.197866686581E+03,
    -2.178620928078));
#2600 = CARTESIAN_POINT('',(691.58444941474,1.197367824975E+03,
    -2.35462587323));
#2601 = CARTESIAN_POINT('',(691.27307560386,1.196823146003E+03,
    -2.295599701133));
#2602 = CARTESIAN_POINT('',(690.97381623538,1.1963E+03,-2.005385277865)
  );
#2603 = CARTESIAN_POINT('',(692.28464753742,1.198478769559E+03,0.));
#2604 = CARTESIAN_POINT('',(692.39101942391,1.198676813165E+03,
    -0.684582821372));
#2605 = CARTESIAN_POINT('',(692.37307040595,1.198653880995E+03,
    -1.362235578576));
#2606 = CARTESIAN_POINT('',(692.23427716993,1.198416152731E+03,
    -1.948849683896));
#2607 = CARTESIAN_POINT('',(691.99392224963,1.197997902356E+03,
    -2.36607944417));
#2608 = CARTESIAN_POINT('',(691.68480328474,1.197457426454E+03,
    -2.555435355901));
#2609 = CARTESIAN_POINT('',(691.3475641344,1.196866967971E+03,
    -2.48839368518));
#2610 = CARTESIAN_POINT('',(691.0235407394,1.1963E+03,-2.169146649546));
#2611 = CARTESIAN_POINT('',(692.5710375508,1.198791822813E+03,0.));
#2612 = CARTESIAN_POINT('',(692.67613149348,1.198987585893E+03,
    -0.762551903787));
#2613 = CARTESIAN_POINT('',(692.64654445634,1.198943958548E+03,
    -1.517596238059));
#2614 = CARTESIAN_POINT('',(692.48604284963,1.198667635434E+03,
    -2.174015366123));
#2615 = CARTESIAN_POINT('',(692.21551608495,1.198195746701E+03,
    -2.646934787054));
#2616 = CARTESIAN_POINT('',(691.87049493864,1.19759144698E+03,
    -2.872990872065));
#2617 = CARTESIAN_POINT('',(691.49501025808,1.196932999462E+03,
    -2.821282909418));
#2618 = CARTESIAN_POINT('',(691.13384264581,1.1963E+03,-2.496352468115)
  );
#2619 = CARTESIAN_POINT('',(692.73274877676,1.198961782055E+03,0.));
#2620 = CARTESIAN_POINT('',(692.84820285749,1.199175706609E+03,
    -0.819322955177));
#2621 = CARTESIAN_POINT('',(692.81861588303,1.199131826091E+03,
    -1.630560835492));
#2622 = CARTESIAN_POINT('',(692.6480439875,1.19883735013E+03,
    -2.335586955275));
#2623 = CARTESIAN_POINT('',(692.3589834603,1.19833226504E+03,
    -2.842998005838));
#2624 = CARTESIAN_POINT('',(691.98969821443,1.197684583502E+03,
    -3.084556233102));
#2625 = CARTESIAN_POINT('',(691.58760608551,1.196978588952E+03,
    -3.026983947504));
#2626 = CARTESIAN_POINT('',(691.20093233784,1.1963E+03,-2.675172069508)
  );
#2627 = CARTESIAN_POINT('',(693.06354361335,1.199297060345E+03,0.));
#2628 = CARTESIAN_POINT('',(693.17649963193,1.199505529367E+03,
    -0.901170245953));
#2629 = CARTESIAN_POINT('',(693.13405451993,1.19943777867E+03,
    -1.793677911696));
#2630 = CARTESIAN_POINT('',(692.94055413537,1.199101532854E+03,
    -2.572387262584));
#2631 = CARTESIAN_POINT('',(692.62010164545,1.1985396344E+03,
    -3.139366182165));
#2632 = CARTESIAN_POINT('',(692.2136940998,1.197824954038E+03,
    -3.421502791068));
#2633 = CARTESIAN_POINT('',(691.77213632233,1.197047795449E+03,
    -3.383142421905));
#2634 = CARTESIAN_POINT('',(691.34709823904,1.1963E+03,-3.0295253466));
#2635 = CARTESIAN_POINT('',(693.25987331397,1.199488565428E+03,0.));
#2636 = CARTESIAN_POINT('',(693.38182670847,1.199712117948E+03,
    -0.961449539301));
#2637 = CARTESIAN_POINT('',(693.33801889702,1.1996410361E+03,
    -1.913658993045));
#2638 = CARTESIAN_POINT('',(693.13308546151,1.199283559459E+03,
    -2.744483577612));
#2639 = CARTESIAN_POINT('',(692.79273644694,1.198685386672E+03,
    -3.349462368782));
#2640 = CARTESIAN_POINT('',(692.36070203959,1.197924246515E+03,
    -3.650609361897));
#2641 = CARTESIAN_POINT('',(691.89117405164,1.197096462916E+03,
    -3.609892911741));
#2642 = CARTESIAN_POINT('',(691.43926707081,1.1963E+03,-3.232902641701)
  );
#2643 = CARTESIAN_POINT('',(693.63549102741,1.199841180068E+03,0.));
#2644 = CARTESIAN_POINT('',(693.75428801326,1.200056800435E+03,
    -1.046330048225));
#2645 = CARTESIAN_POINT('',(693.6969637178,1.199959371786E+03,
    -2.082842505545));
#2646 = CARTESIAN_POINT('',(693.46844344676,1.199557648669E+03,
    -2.990383539364));
#2647 = CARTESIAN_POINT('',(693.09604412298,1.198900185897E+03,
    -3.6579634177));
#2648 = CARTESIAN_POINT('',(692.62622906937,1.198069570294E+03,
    -4.002722010602));
#2649 = CARTESIAN_POINT('',(692.11657708637,1.197168146034E+03,
    -3.984250695029));
#2650 = CARTESIAN_POINT('',(691.62564742344,1.1963E+03,-3.608488445829)
  );
#2651 = CARTESIAN_POINT('',(693.87615045384,1.200058222501E+03,0.));
#2652 = CARTESIAN_POINT('',(694.00242473438,1.200285278172E+03,
    -1.110683827647));
#2653 = CARTESIAN_POINT('',(693.94221765822,1.20018087018E+03,
    -2.210972559041));
#2654 = CARTESIAN_POINT('',(693.70074425499,1.199754268045E+03,
    -3.174703312611));
#2655 = CARTESIAN_POINT('',(693.30692832532,1.199056882746E+03,
    -3.884357548611));
#2656 = CARTESIAN_POINT('',(692.80996632878,1.198176159156E+03,
    -4.252201011798));
#2657 = CARTESIAN_POINT('',(692.27082405406,1.197220461694E+03,
    -4.235448101305));
#2658 = CARTESIAN_POINT('',(691.75150541235,1.1963E+03,-3.840387143443)
  );
#2659 = CARTESIAN_POINT('',(694.30161325273,1.20042718644E+03,0.));
#2660 = CARTESIAN_POINT('',(694.42427040038,1.200643974344E+03,
    -1.198293375849));
#2661 = CARTESIAN_POINT('',(694.35008611598,1.200510883936E+03,
    -2.385614150099));
#2662 = CARTESIAN_POINT('',(694.08456515299,1.200037699712E+03,
    -3.4287903922));
#2663 = CARTESIAN_POINT('',(693.65823818988,1.199278688813E+03,
    -4.203774754644));
#2664 = CARTESIAN_POINT('',(693.12303482285,1.198326154164E+03,
    -4.617958856897));
#2665 = CARTESIAN_POINT('',(692.54330782884,1.197294480426E+03,
    -4.626180120266));
#2666 = CARTESIAN_POINT('',(691.98450578081,1.1963E+03,-4.235076222522)
  );
#2667 = CARTESIAN_POINT('',(694.59612735227,1.200672456045E+03,0.));
#2668 = CARTESIAN_POINT('',(694.72465987645,1.200896646801E+03,
    -1.267037223049));
#2669 = CARTESIAN_POINT('',(694.64599089321,1.200752544597E+03,
    -2.522524339152));
#2670 = CARTESIAN_POINT('',(694.36591487987,1.200250448901E+03,
    -3.626280368782));
#2671 = CARTESIAN_POINT('',(693.91656939272,1.199447483023E+03,
    -4.447729156667));
#2672 = CARTESIAN_POINT('',(693.35261716461,1.198440807933E+03,
    -4.889388196983));
#2673 = CARTESIAN_POINT('',(692.74179796072,1.197350828539E+03,
    -4.903717933211));
#2674 = CARTESIAN_POINT('',(692.15300501575,1.1963E+03,-4.497705394584)
  );
#2675 = CARTESIAN_POINT('',(695.07815747898,1.201058105473E+03,0.));
#2676 = CARTESIAN_POINT('',(695.20264517764,1.201269644819E+03,
    -1.357215536321));
#2677 = CARTESIAN_POINT('',(695.10957129348,1.201094476559E+03,
    -2.702303460349));
#2678 = CARTESIAN_POINT('',(694.80502002774,1.200543415132E+03,
    -3.88807374358));
#2679 = CARTESIAN_POINT('',(694.32273581449,1.199676440013E+03,
    -4.77742142298));
#2680 = CARTESIAN_POINT('',(693.72011452323,1.198595570222E+03,
    -5.267989867431));
#2681 = CARTESIAN_POINT('',(693.06828290741,1.197427230912E+03,
    -5.30986254259));
#2682 = CARTESIAN_POINT('',(692.43957886345,1.1963E+03,-4.910375829151)
  );
#2683 = CARTESIAN_POINT('',(695.43683272862,1.20133348E+03,0.));
#2684 = CARTESIAN_POINT('',(695.5655603599,1.201548121495E+03,
    -1.430479697036));
#2685 = CARTESIAN_POINT('',(695.466366333,1.201357640735E+03,
    -2.848254276431));
#2686 = CARTESIAN_POINT('',(695.14562457301,1.200773367134E+03,
    -4.099124660707));
#2687 = CARTESIAN_POINT('',(694.63868639182,1.199858136332E+03,
    -5.039457079063));
#2688 = CARTESIAN_POINT('',(694.00568079557,1.198718825397E+03,
    -5.562020775093));
#2689 = CARTESIAN_POINT('',(693.32112152597,1.197487879729E+03,
    -5.614522236626));
#2690 = CARTESIAN_POINT('',(692.66079114119,1.1963E+03,-5.204647195818)
  );
#2691 = CARTESIAN_POINT('',(695.98434248733,1.201736325116E+03,0.));
#2692 = CARTESIAN_POINT('',(696.1086054357,1.201935858676E+03,
    -1.523014782739));
#2693 = CARTESIAN_POINT('',(695.99458665052,1.201711855332E+03,
    -3.03274694249));
#2694 = CARTESIAN_POINT('',(695.64894978074,1.201076159473E+03,
    -4.367988352797));
#2695 = CARTESIAN_POINT('',(695.10865301607,1.200094462904E+03,
    -5.378576435099));
#2696 = CARTESIAN_POINT('',(694.43655849929,1.198878500741E+03,
    -5.952406307695));
#2697 = CARTESIAN_POINT('',(693.71056696038,1.197566738629E+03,
    -6.03480748059));
#2698 = CARTESIAN_POINT('',(693.00990561922,1.1963E+03,-5.633815037401)
  );
#2699 = CARTESIAN_POINT('',(696.41880786743,1.202042166721E+03,0.));
#2700 = CARTESIAN_POINT('',(696.54572221268,1.202240449989E+03,
    -1.600615948445));
#2701 = CARTESIAN_POINT('',(696.42399474901,1.201996781707E+03,
    -3.187371768554));
#2702 = CARTESIAN_POINT('',(696.06057884923,1.201323521234E+03,
    -4.592050284896));
#2703 = CARTESIAN_POINT('',(695.49403958087,1.200289216542E+03,
    -5.657960111145));
#2704 = CARTESIAN_POINT('',(694.78997222336,1.199010460795E+03,
    -6.26812224031));
#2705 = CARTESIAN_POINT('',(694.02966449493,1.197631739885E+03,
    -6.365489204569));
#2706 = CARTESIAN_POINT('',(693.29578827719,1.1963E+03,-5.958445439002)
  );
#2707 = CARTESIAN_POINT('',(697.04358811945,1.202462397887E+03,0.));
#2708 = CARTESIAN_POINT('',(697.16550697613,1.202643089498E+03,
    -1.695232712686));
#2709 = CARTESIAN_POINT('',(697.02842394853,1.20236341491E+03,
    -3.37602779169));
#2710 = CARTESIAN_POINT('',(696.63958213332,1.201636248458E+03,
    -4.867159012603));
#2711 = CARTESIAN_POINT('',(696.03915347583,1.200532994277E+03,
    -6.005406181335));
#2712 = CARTESIAN_POINT('',(695.29546639215,1.199175103581E+03,
    -6.668916165605));
#2713 = CARTESIAN_POINT('',(694.49319558875,1.197713082507E+03,
    -6.798264519765));
#2714 = CARTESIAN_POINT('',(693.71845760899,1.1963E+03,-6.402185030356)
  );
#2715 = CARTESIAN_POINT('',(697.56542858483,1.202797131955E+03,0.));
#2716 = CARTESIAN_POINT('',(697.68844898063,1.202972445781E+03,
    -1.776644330016));
#2717 = CARTESIAN_POINT('',(697.54210741677,1.202668978759E+03,
    -3.538273521003));
#2718 = CARTESIAN_POINT('',(697.13393671379,1.201900120198E+03,
    -5.102652299574));
#2719 = CARTESIAN_POINT('',(696.50571569485,1.2007401304E+03,
    -6.300031663878));
#2720 = CARTESIAN_POINT('',(695.72850591267,1.199315318626E+03,
    -7.003684356342));
#2721 = CARTESIAN_POINT('',(694.89036906198,1.197782211257E+03,
    -7.151808953491));
#2722 = CARTESIAN_POINT('',(694.08086634788,1.1963E+03,-6.753488593328)
  );
#2723 = CARTESIAN_POINT('',(698.28204419007,1.203234808005E+03,0.));
#2724 = CARTESIAN_POINT('',(698.39930906367,1.203390038047E+03,
    -1.872998759482));
#2725 = CARTESIAN_POINT('',(698.23685190224,1.203048072594E+03,
    -3.730404874586));
#2726 = CARTESIAN_POINT('',(697.8024952502,1.202222815928E+03,
    -5.382974022952));
#2727 = CARTESIAN_POINT('',(697.1396248085,1.200991384514E+03,
    -6.654428394963));
#2728 = CARTESIAN_POINT('',(696.3220352665,1.199484945664E+03,
    -7.413166607756));
#2729 = CARTESIAN_POINT('',(695.44117530721,1.197866046005E+03,
    -7.595010260029));
#2730 = CARTESIAN_POINT('',(694.59005079746,1.1963E+03,-7.209391841247)
  );
#2731 = CARTESIAN_POINT('',(698.902093108,1.203594447938E+03,0.));
#2732 = CARTESIAN_POINT('',(699.01900463621,1.203740742213E+03,
    -1.957226465909));
#2733 = CARTESIAN_POINT('',(698.84583405402,1.203371426346E+03,
    -3.898282782093));
#2734 = CARTESIAN_POINT('',(698.39069362971,1.20250091959E+03,
    -5.626915577215));
#2735 = CARTESIAN_POINT('',(697.69857594205,1.201209194578E+03,
    -6.960318233896));
#2736 = CARTESIAN_POINT('',(696.84600881704,1.19963227667E+03,
    -7.762015243979));
#2737 = CARTESIAN_POINT('',(695.92782792596,1.197938732737E+03,
    -7.965451228338));
#2738 = CARTESIAN_POINT('',(695.04048379736,1.1963E+03,-7.5804080279));
#2739 = CARTESIAN_POINT('',(699.7311412567,1.204049275806E+03,0.));
#2740 = CARTESIAN_POINT('',(699.84123138169,1.204173036038E+03,
    -2.054721050664));
#2741 = CARTESIAN_POINT('',(699.6508793209,1.20376277148E+03,
    -4.092694446256));
#2742 = CARTESIAN_POINT('',(699.16848706648,1.202833416358E+03,
    -5.910657766463));
#2743 = CARTESIAN_POINT('',(698.44065407503,1.201467799472E+03,
    -7.31927558614));
#2744 = CARTESIAN_POINT('',(697.54664130919,1.199806804228E+03,
    -8.177198271842));
#2745 = CARTESIAN_POINT('',(696.58467142848,1.198025017744E+03,
    -8.415493466615));
#2746 = CARTESIAN_POINT('',(695.65463962319,1.1963E+03,-8.044292362848)
  );
#2747 = CARTESIAN_POINT('',(700.46071199775,1.20442566506E+03,0.));
#2748 = CARTESIAN_POINT('',(700.56907634451,1.204538096765E+03,
    -2.140127348036));
#2749 = CARTESIAN_POINT('',(700.36663843012,1.204098089032E+03,
    -4.262929535652));
#2750 = CARTESIAN_POINT('',(699.86208997061,1.203121091062E+03,
    -6.158135093559));
#2751 = CARTESIAN_POINT('',(699.10363730036,1.201692787816E+03,
    -7.62987978885));
#2752 = CARTESIAN_POINT('',(698.17327451868,1.199958920754E+03,
    -8.531939862786));
#2753 = CARTESIAN_POINT('',(697.17261127334,1.198100097236E+03,
    -8.79300598059));
#2754 = CARTESIAN_POINT('',(696.20498741637,1.1963E+03,-8.423558686111)
  );
#2755 = CARTESIAN_POINT('',(701.43049751445,1.204895163868E+03,0.));
#2756 = CARTESIAN_POINT('',(701.53023358704,1.204982965683E+03,
    -2.238077988293));
#2757 = CARTESIAN_POINT('',(701.3088073231,1.20449991341E+03,
    -4.458253310819));
#2758 = CARTESIAN_POINT('',(700.77520016253,1.203461971225E+03,
    -6.443245449312));
#2759 = CARTESIAN_POINT('',(699.97922531754,1.201957680256E+03,
    -7.990661363102));
#2760 = CARTESIAN_POINT('',(699.00561002406,1.200137640009E+03,
    -8.949403168158));
#2761 = CARTESIAN_POINT('',(697.95935091814,1.198188478092E+03,
    -9.245784551878));
#2762 = CARTESIAN_POINT('',(696.94723251353,1.1963E+03,-8.890635409572)
  );
#2763 = CARTESIAN_POINT('',(702.27641653473,1.20527675224E+03,0.));
#2764 = CARTESIAN_POINT('',(702.3729855164,1.205352482796E+03,
    -2.322692670124));
#2765 = CARTESIAN_POINT('',(702.13803208618,1.204838944617E+03,
    -4.626905169135));
#2766 = CARTESIAN_POINT('',(701.58082740782,1.203752616852E+03,
    -6.688347929788));
#2767 = CARTESIAN_POINT('',(700.75279157135,1.202184896794E+03,
    -8.298099103652));
#2768 = CARTESIAN_POINT('',(699.74138494935,1.200291241997E+03,
    -9.300186681403));
#2769 = CARTESIAN_POINT('',(698.65499116611,1.198264300315E+03,
    -9.618547372613));
#2770 = CARTESIAN_POINT('',(697.60383939713,1.1963E+03,-9.264360424055)
  );
#2771 = CARTESIAN_POINT('',(703.42535865465,1.20575791914E+03,0.));
#2772 = CARTESIAN_POINT('',(703.51045570327,1.205807352935E+03,
    -2.420180871809));
#2773 = CARTESIAN_POINT('',(703.25367026464,1.205249103346E+03,
    -4.821304067157));
#2774 = CARTESIAN_POINT('',(702.66456322636,1.204100164496E+03,
    -6.972070969825));
#2775 = CARTESIAN_POINT('',(701.79616155629,1.202454789845E+03,
    -8.657030923615));
#2776 = CARTESIAN_POINT('',(700.73865876362,1.200473294993E+03,
    -9.715337793916));
#2777 = CARTESIAN_POINT('',(699.60382546094,1.198354348042E+03,
    -10.06855131247));
#2778 = CARTESIAN_POINT('',(698.50533548546,1.1963E+03,-9.728200077513)
  );
#2779 = CARTESIAN_POINT('',(704.39225484071,1.206128894105E+03,0.));
#2780 = CARTESIAN_POINT('',(704.47258839084,1.206167772842E+03,
    -2.501609534046));
#2781 = CARTESIAN_POINT('',(704.20067937834,1.205580553549E+03,
    -4.983583886283));
#2782 = CARTESIAN_POINT('',(703.58637841469,1.20438474532E+03,
    -7.207615391517));
#2783 = CARTESIAN_POINT('',(702.68431934555,1.202677457779E+03,
    -8.951724585785));
#2784 = CARTESIAN_POINT('',(701.58742881677,1.200623864579E+03,
    -10.05019120918));
#2785 = CARTESIAN_POINT('',(700.41086442919,1.198428654063E+03,
    -10.42219801563));
#2786 = CARTESIAN_POINT('',(699.27174468176,1.1963E+03,-10.07962295483)
  );
#2787 = CARTESIAN_POINT('',(705.77531885176,1.206614623483E+03,0.));
#2788 = CARTESIAN_POINT('',(705.83959234939,1.206626553676E+03,
    -2.597597778668));
#2789 = CARTESIAN_POINT('',(705.54126320901,1.20599397119E+03,
    -5.174982870179));
#2790 = CARTESIAN_POINT('',(704.89047176598,1.204734900094E+03,
    -7.486838560363));
#2791 = CARTESIAN_POINT('',(703.94345874377,1.202949306177E+03,
    -9.304656577495));
#2792 = CARTESIAN_POINT('',(702.79588392488,1.20080722114E+03,
    -10.45784253638));
#2793 = CARTESIAN_POINT('',(701.56629189839,1.198519353572E+03,
    -10.86320221311));
#2794 = CARTESIAN_POINT('',(700.375245825,1.1963E+03,-10.53296290884));
#2795 = CARTESIAN_POINT('',(706.86164926875,1.206956900225E+03,0.));
#2796 = CARTESIAN_POINT('',(706.91921065091,1.206962375108E+03,
    -2.673774235852));
#2797 = CARTESIAN_POINT('',(706.60380931968,1.206304922663E+03,
    -5.326758279201));
#2798 = CARTESIAN_POINT('',(705.92587533431,1.205003081933E+03,
    -7.706626366898));
#2799 = CARTESIAN_POINT('',(704.94325629606,1.203159674874E+03,
    -9.578341419456));
#2800 = CARTESIAN_POINT('',(703.75434512408,1.200949591234E+03,
    -10.76643492638));
#2801 = CARTESIAN_POINT('',(702.48107339571,1.198589559848E+03,
    -11.18533568596));
#2802 = CARTESIAN_POINT('',(701.24744893339,1.1963E+03,-10.84762035079)
  );
#2803 = CARTESIAN_POINT('',(708.55070843487,1.207439235629E+03,0.));
#2804 = CARTESIAN_POINT('',(708.58517197895,1.20741824682E+03,
    -2.76776433881));
#2805 = CARTESIAN_POINT('',(708.23631273428,1.206715916037E+03,
    -5.514160979769));
#2806 = CARTESIAN_POINT('',(707.51485048396,1.205351297293E+03,
    -7.979855110754));
#2807 = CARTESIAN_POINT('',(706.48023970707,1.203430068712E+03,
    -9.923280844512));
#2808 = CARTESIAN_POINT('',(705.23360645939,1.201131978088E+03,
    -11.16409554526));
#2809 = CARTESIAN_POINT('',(703.90026930655,1.198679774504E+03,
    -11.61435103345));
#2810 = CARTESIAN_POINT('',(702.6076807327,1.1963E+03,-11.28697331316));
#2811 = CARTESIAN_POINT('',(709.74758474458,1.207741209835E+03,0.));
#2812 = CARTESIAN_POINT('',(709.773144997,1.20771952322E+03,
    -2.837716368982));
#2813 = CARTESIAN_POINT('',(709.40502238529,1.206998079983E+03,
    -5.653487534765));
#2814 = CARTESIAN_POINT('',(708.65422641642,1.205596449112E+03,
    -8.180969636251));
#2815 = CARTESIAN_POINT('',(707.5818184473,1.203623164893E+03,
    -10.17206797842));
#2816 = CARTESIAN_POINT('',(706.29165767035,1.201262833171E+03,
    -11.44156580021));
#2817 = CARTESIAN_POINT('',(704.91244963944,1.198744223274E+03,
    -11.89913794423));
#2818 = CARTESIAN_POINT('',(703.57509150046,1.1963E+03,-11.55805976602)
  );
#2819 = CARTESIAN_POINT('',(711.54888298142,1.208144805039E+03,0.));
#2820 = CARTESIAN_POINT('',(711.54935464685,1.208107903333E+03,
    -2.920515059664));
#2821 = CARTESIAN_POINT('',(711.14578337279,1.207352830357E+03,
    -5.818507410783));
#2822 = CARTESIAN_POINT('',(710.34946839007,1.205899670072E+03,
    -8.42062414328));
#2823 = CARTESIAN_POINT('',(709.22307793339,1.203859812931E+03,
    -10.47224175437));
#2824 = CARTESIAN_POINT('',(707.87320433185,1.201422722826E+03,
    -11.78326935771));
#2825 = CARTESIAN_POINT('',(706.43194012755,1.19882318933E+03,
    -12.26100481807));
#2826 = CARTESIAN_POINT('',(705.03362712813,1.1963E+03,-11.91907284246)
  );
#2827 = CARTESIAN_POINT('',(712.51339831105,1.208335290982E+03,0.));
#2828 = CARTESIAN_POINT('',(712.51166520096,1.208313618366E+03,
    -2.976062874909));
#2829 = CARTESIAN_POINT('',(712.09552907601,1.207555359831E+03,
    -5.929025535926));
#2830 = CARTESIAN_POINT('',(711.27657889088,1.206081114312E+03,
    -8.578526023997));
#2831 = CARTESIAN_POINT('',(710.11908975811,1.204005128428E+03,
    -10.66341202858));
#2832 = CARTESIAN_POINT('',(708.73238714343,1.20152172412E+03,
    -11.98871853802));
#2833 = CARTESIAN_POINT('',(707.2519505772,1.198871711205E+03,
    -12.45936643929));
#2834 = CARTESIAN_POINT('',(705.8155665288,1.1963E+03,-12.08932979084));
#2835 = CARTESIAN_POINT('',(713.32991703154,1.208480672234E+03,0.));
#2836 = CARTESIAN_POINT('',(713.32991703154,1.208480672234E+03,
    -3.026095690239));
#2837 = CARTESIAN_POINT('',(712.90515394131,1.207725671667E+03,
    -6.028513661239));
#2838 = CARTESIAN_POINT('',(712.0675064394,1.206236784442E+03,
    -8.71988290497));
#2839 = CARTESIAN_POINT('',(710.88285651616,1.204131113343E+03,
    -10.83252230312));
#2840 = CARTESIAN_POINT('',(709.46326277395,1.201607838359E+03,
    -12.16659271876));
#2841 = CARTESIAN_POINT('',(707.94759173141,1.198913789554E+03,
    -12.62463806101));
#2842 = CARTESIAN_POINT('',(706.47707451964,1.1963E+03,-12.22098173982)
  );
#2843 = SHELL_BASED_SURFACE_MODEL('',(#2844));
#2844 = OPEN_SHELL('',(#2845));
#2845 = ADVANCED_FACE('',(#2846),#2974,.T.);
#2846 = FACE_BOUND('',#2847,.T.);
#2847 = EDGE_LOOP('',(#2848,#2900,#2913,#2963));
#2848 = ORIENTED_EDGE('',*,*,#2849,.F.);
#2849 = EDGE_CURVE('',#2850,#2852,#2854,.T.);
#2850 = VERTEX_POINT('',#2851);
#2851 = CARTESIAN_POINT('',(706.47707451964,1.1963E+03,-12.22098173982)
  );
#2852 = VERTEX_POINT('',#2853);
#2853 = CARTESIAN_POINT('',(907.92786270477,1.1963E+03,-21.3352781327));
#2854 = B_SPLINE_CURVE_WITH_KNOTS('',3,(#2855,#2856,#2857,#2858,#2859,
    #2860,#2861,#2862,#2863,#2864,#2865,#2866,#2867,#2868,#2869,#2870,
    #2871,#2872,#2873,#2874,#2875,#2876,#2877,#2878,#2879,#2880,#2881,
    #2882,#2883,#2884,#2885,#2886,#2887,#2888,#2889,#2890,#2891,#2892,
    #2893,#2894,#2895,#2896,#2897,#2898,#2899),.UNSPECIFIED.,.F.,.F.,(4,
    1,1,1,1,1,1,1,1,1,1,1,1,1,1,1,1,1,1,1,1,1,1,1,1,1,1,1,1,1,1,1,1,1,1,
    1,1,1,1,1,1,1,4),(0.,0.730834372759,1.018662515282,4.48313564866,
    5.10421416437,8.95523487653,9.922494521867,14.282725811698,
    15.625737552487,20.617532170979,22.361143247871,28.137305505387,
    30.298256378961,37.047866891279,39.632149047662,47.589384593001,
    50.589926407813,60.041432587621,63.436143263734,72.406550006914,
    76.107034568626,84.691737085276,88.625211250724,96.900297391025,
    101.00403653758,109.03397132953,113.250811863,121.09429437794,
    125.36967594602,133.08254323568,137.36244389846,145.00004533253,
    149.22972299596,156.84853703846,160.97203564768,168.62853285776,
    172.5889786714,180.34232065103,184.0809184876,191.99191779846,
    195.45421601479,203.57718464059,204.28151761972),.UNSPECIFIED.);
#2855 = CARTESIAN_POINT('',(706.47707451964,1.1963E+03,-12.22098173982)
  );
#2856 = CARTESIAN_POINT('',(706.71163270766,1.1963E+03,-12.2758014463));
#2857 = CARTESIAN_POINT('',(707.03918682269,1.1963E+03,-12.34920120543)
  );
#2858 = CARTESIAN_POINT('',(708.48456983646,1.1963E+03,-12.65373744402)
  );
#2859 = CARTESIAN_POINT('',(709.90722918989,1.1963E+03,-12.88920959868)
  );
#2860 = CARTESIAN_POINT('',(712.48897320278,1.1963E+03,-13.31027850054)
  );
#2861 = CARTESIAN_POINT('',(714.25864855599,1.1963E+03,-13.59317570268)
  );
#2862 = CARTESIAN_POINT('',(717.24852490991,1.1963E+03,-14.04901845244)
  );
#2863 = CARTESIAN_POINT('',(719.42414854393,1.1963E+03,-14.36386549919)
  );
#2864 = CARTESIAN_POINT('',(722.91526758675,1.1963E+03,-14.84710311527)
  );
#2865 = CARTESIAN_POINT('',(725.55462137227,1.1963E+03,-15.19420946515)
  );
#2866 = CARTESIAN_POINT('',(729.64597653304,1.1963E+03,-15.70348199032)
  );
#2867 = CARTESIAN_POINT('',(732.81456379938,1.1963E+03,-16.07391102128)
  );
#2868 = CARTESIAN_POINT('',(737.62534896417,1.1963E+03,-16.6025426924));
#2869 = CARTESIAN_POINT('',(741.39363971964,1.1963E+03,-16.98806949539)
  );
#2870 = CARTESIAN_POINT('',(747.06587911688,1.1963E+03,-17.52888370202)
  );
#2871 = CARTESIAN_POINT('',(751.51136050971,1.1963E+03,-17.91936166339)
  );
#2872 = CARTESIAN_POINT('',(758.21481580696,1.1963E+03,-18.46336907274)
  );
#2873 = CARTESIAN_POINT('',(763.42267244176,1.1963E+03,-18.84835865703)
  );
#2874 = CARTESIAN_POINT('',(770.59552476292,1.1963E+03,-19.33351097575)
  );
#2875 = CARTESIAN_POINT('',(775.87956010651,1.1963E+03,-19.66038696527)
  );
#2876 = CARTESIAN_POINT('',(782.8726865601,1.1963E+03,-20.05674858193));
#2877 = CARTESIAN_POINT('',(788.21007232955,1.1963E+03,-20.33346886186)
  );
#2878 = CARTESIAN_POINT('',(795.05439079164,1.1963E+03,-20.65767641197)
  );
#2879 = CARTESIAN_POINT('',(800.42480268515,1.1963E+03,-20.88918054679)
  );
#2880 = CARTESIAN_POINT('',(807.14497745751,1.1963E+03,-21.15131395368)
  );
#2881 = CARTESIAN_POINT('',(812.52966356258,1.1963E+03,-21.33990265748)
  );
#2882 = CARTESIAN_POINT('',(819.14679942043,1.1963E+03,-21.54550181728)
  );
#2883 = CARTESIAN_POINT('',(824.52791958038,1.1963E+03,-21.69169653463)
  );
#2884 = CARTESIAN_POINT('',(831.06129575595,1.1963E+03,-21.84344145371)
  );
#2885 = CARTESIAN_POINT('',(836.42114466452,1.1963E+03,-21.94676974152)
  );
#2886 = CARTESIAN_POINT('',(842.88917871193,1.1963E+03,-22.04534707549)
  );
#2887 = CARTESIAN_POINT('',(848.20983054837,1.1963E+03,-22.10477476901)
  );
#2888 = CARTESIAN_POINT('',(854.63091585814,1.1963E+03,-22.14978049642)
  );
#2889 = CARTESIAN_POINT('',(859.89415061781,1.1963E+03,-22.16461535693)
  );
#2890 = CARTESIAN_POINT('',(866.28662538154,1.1963E+03,-22.15566227308)
  );
#2891 = CARTESIAN_POINT('',(871.47349522392,1.1963E+03,-22.12588125757)
  );
#2892 = CARTESIAN_POINT('',(877.85625541567,1.1963E+03,-22.06064160414)
  );
#2893 = CARTESIAN_POINT('',(882.94774504685,1.1963E+03,-21.98577251879)
  );
#2894 = CARTESIAN_POINT('',(889.34038703608,1.1963E+03,-21.86406236368)
  );
#2895 = CARTESIAN_POINT('',(894.31888733641,1.1963E+03,-21.74959854289)
  );
#2896 = CARTESIAN_POINT('',(900.74141855587,1.1963E+03,-21.58301276253)
  );
#2897 = CARTESIAN_POINT('',(904.78928830777,1.1963E+03,-21.45722420995)
  );
#2898 = CARTESIAN_POINT('',(907.69594461249,1.1963E+03,-21.34441232723)
  );
#2899 = CARTESIAN_POINT('',(907.92786270477,1.1963E+03,-21.3352781327));
#2900 = ORIENTED_EDGE('',*,*,#2901,.T.);
#2901 = EDGE_CURVE('',#2850,#2902,#2904,.T.);
#2902 = VERTEX_POINT('',#2903);
#2903 = CARTESIAN_POINT('',(713.32991703154,1.208480672234E+03,-4.E-15)
  );
#2904 = B_SPLINE_CURVE_WITH_KNOTS('',7,(#2905,#2906,#2907,#2908,#2909,
    #2910,#2911,#2912),.UNSPECIFIED.,.F.,.F.,(8,8),(0.,1.),
  .PIECEWISE_BEZIER_KNOTS.);
#2905 = CARTESIAN_POINT('',(706.47707451964,1.1963E+03,-12.22098173982)
  );
#2906 = CARTESIAN_POINT('',(707.94759173141,1.198913789554E+03,
    -12.62463806101));
#2907 = CARTESIAN_POINT('',(709.46326277395,1.201607838359E+03,
    -12.16659271876));
#2908 = CARTESIAN_POINT('',(710.88285651616,1.204131113343E+03,
    -10.83252230312));
#2909 = CARTESIAN_POINT('',(712.0675064394,1.206236784442E+03,
    -8.71988290497));
#2910 = CARTESIAN_POINT('',(712.90515394131,1.207725671667E+03,
    -6.028513661239));
#2911 = CARTESIAN_POINT('',(713.32991703154,1.208480672234E+03,
    -3.026095690239));
#2912 = CARTESIAN_POINT('',(713.32991703154,1.208480672234E+03,-4.44E-15
    ));
#2913 = ORIENTED_EDGE('',*,*,#2914,.T.);
#2914 = EDGE_CURVE('',#2902,#2915,#2917,.T.);
#2915 = VERTEX_POINT('',#2916);
#2916 = CARTESIAN_POINT('',(917.14202703154,1.217737320062E+03,-5.E-15)
  );
#2917 = B_SPLINE_CURVE_WITH_KNOTS('',3,(#2918,#2919,#2920,#2921,#2922,
    #2923,#2924,#2925,#2926,#2927,#2928,#2929,#2930,#2931,#2932,#2933,
    #2934,#2935,#2936,#2937,#2938,#2939,#2940,#2941,#2942,#2943,#2944,
    #2945,#2946,#2947,#2948,#2949,#2950,#2951,#2952,#2953,#2954,#2955,
    #2956,#2957,#2958,#2959,#2960,#2961,#2962),.UNSPECIFIED.,.F.,.F.,(4,
    1,1,1,1,1,1,1,1,1,1,1,1,1,1,1,1,1,1,1,1,1,1,1,1,1,1,1,1,1,1,1,1,1,1,
    1,1,1,1,1,1,1,4),(0.,0.730834372759,1.018662515282,4.48313564866,
    5.10421416437,8.95523487653,9.922494521867,14.282725811698,
    15.625737552487,20.617532170979,22.361143247871,28.137305505387,
    30.298256378961,37.047866891279,39.632149047662,47.589384593001,
    50.589926407813,60.041432587621,63.436143263734,72.406550006914,
    76.107034568626,84.691737085276,88.625211250724,96.900297391025,
    101.00403653758,109.03397132953,113.250811863,121.09429437794,
    125.36967594602,133.08254323568,137.36244389846,145.00004533253,
    149.22972299596,156.84853703846,160.97203564768,168.62853285776,
    172.5889786714,180.34232065103,184.0809184876,191.99191779846,
    195.45421601479,203.57718464059,204.28151761972),.UNSPECIFIED.);
#2918 = CARTESIAN_POINT('',(713.32991703154,1.208480672234E+03,-4.44E-15
    ));
#2919 = CARTESIAN_POINT('',(713.56846901638,1.208530262441E+03,0.));
#2920 = CARTESIAN_POINT('',(713.9013761559,1.208597182403E+03,0.));
#2921 = CARTESIAN_POINT('',(715.36891490493,1.208878598158E+03,0.));
#2922 = CARTESIAN_POINT('',(716.80909894166,1.209106620276E+03,0.));
#2923 = CARTESIAN_POINT('',(719.42567583033,1.209500285698E+03,0.));
#2924 = CARTESIAN_POINT('',(721.21934011686,1.20976462893E+03,0.));
#2925 = CARTESIAN_POINT('',(724.24816589997,1.210195601896E+03,0.));
#2926 = CARTESIAN_POINT('',(726.45139352434,1.210495646948E+03,0.));
#2927 = CARTESIAN_POINT('',(729.98642730878,1.210957732148E+03,0.));
#2928 = CARTESIAN_POINT('',(732.65846405458,1.211291767977E+03,0.));
#2929 = CARTESIAN_POINT('',(736.79968300093,1.211785325633E+03,0.));
#2930 = CARTESIAN_POINT('',(740.00632255625,1.212146939635E+03,0.));
#2931 = CARTESIAN_POINT('',(744.87435294828,1.212666018167E+03,0.));
#2932 = CARTESIAN_POINT('',(748.68701370805,1.213047302239E+03,0.));
#2933 = CARTESIAN_POINT('',(754.42560606893,1.213585319994E+03,0.));
#2934 = CARTESIAN_POINT('',(758.92271668925,1.213976557961E+03,0.));
#2935 = CARTESIAN_POINT('',(765.70377450335,1.21452447225E+03,0.));
#2936 = CARTESIAN_POINT('',(770.9716659626,1.214914908741E+03,0.));
#2937 = CARTESIAN_POINT('',(778.22711448084,1.215409214571E+03,0.));
#2938 = CARTESIAN_POINT('',(783.57188183002,1.215744234106E+03,0.));
#2939 = CARTESIAN_POINT('',(790.64535697388,1.216152289567E+03,0.));
#2940 = CARTESIAN_POINT('',(796.04401764001,1.21643886515E+03,0.));
#2941 = CARTESIAN_POINT('',(802.96691321025,1.216776352348E+03,0.));
#2942 = CARTESIAN_POINT('',(808.39895887144,1.217019080885E+03,0.));
#2943 = CARTESIAN_POINT('',(815.19626669272,1.217295936716E+03,0.));
#2944 = CARTESIAN_POINT('',(820.6427539369,1.217497107749E+03,0.));
#2945 = CARTESIAN_POINT('',(827.33585436907,1.217718902088E+03,0.));
#2946 = CARTESIAN_POINT('',(832.77876441367,1.217879000083E+03,0.));
#2947 = CARTESIAN_POINT('',(839.38719447315,1.218048307489E+03,0.));
#2948 = CARTESIAN_POINT('',(844.80864847279,1.218166705018E+03,0.));
#2949 = CARTESIAN_POINT('',(851.35107494231,1.218284070171E+03,0.));
#2950 = CARTESIAN_POINT('',(856.73297503957,1.218359414631E+03,0.));
#2951 = CARTESIAN_POINT('',(863.22804278255,1.218423880946E+03,0.));
#2952 = CARTESIAN_POINT('',(868.55198313312,1.218454621872E+03,0.));
#2953 = CARTESIAN_POINT('',(875.01827308639,1.218464899034E+03,0.));
#2954 = CARTESIAN_POINT('',(880.26511523747,1.21845100925E+03,0.));
#2955 = CARTESIAN_POINT('',(886.72173154136,1.218404468564E+03,0.));
#2956 = CARTESIAN_POINT('',(891.87218483029,1.21834262553E+03,0.));
#2957 = CARTESIAN_POINT('',(898.33902180007,1.218237931223E+03,0.));
#2958 = CARTESIAN_POINT('',(903.37535105232,1.218136338047E+03,0.));
#2959 = CARTESIAN_POINT('',(909.87207772455,1.217973510307E+03,0.));
#2960 = CARTESIAN_POINT('',(913.96673362048,1.217848650285E+03,0.));
#2961 = CARTESIAN_POINT('',(916.90739366751,1.217745625985E+03,0.));
#2962 = CARTESIAN_POINT('',(917.14202703154,1.217737320062E+03,-5.33E-15
    ));
#2963 = ORIENTED_EDGE('',*,*,#2964,.F.);
#2964 = EDGE_CURVE('',#2852,#2915,#2965,.T.);
#2965 = B_SPLINE_CURVE_WITH_KNOTS('',7,(#2966,#2967,#2968,#2969,#2970,
    #2971,#2972,#2973),.UNSPECIFIED.,.F.,.F.,(8,8),(0.,1.),
  .PIECEWISE_BEZIER_KNOTS.);
#2966 = CARTESIAN_POINT('',(907.92786270477,1.1963E+03,-21.3352781327));
#2967 = CARTESIAN_POINT('',(909.94075145846,1.200983109497E+03,
    -21.79228084911));
#2968 = CARTESIAN_POINT('',(911.98901409376,1.205748518505E+03,
    -20.82522656495));
#2969 = CARTESIAN_POINT('',(913.89010545666,1.210171524495E+03,
    -18.43058615746));
#2970 = CARTESIAN_POINT('',(915.4671767978,1.213840677975E+03,
    -14.77889789742));
#2971 = CARTESIAN_POINT('',(916.57877276086,1.216426874356E+03,
    -10.19769982985));
#2972 = CARTESIAN_POINT('',(917.14202703154,1.217737320062E+03,
    -5.117820549383));
#2973 = CARTESIAN_POINT('',(917.14202703154,1.217737320062E+03,-5.33E-15
    ));
#2974 = B_SPLINE_SURFACE_WITH_KNOTS('',7,3,(
    (#2975,#2976,#2977,#2978,#2979,#2980,#2981,#2982,#2983,#2984,#2985
      ,#2986,#2987,#2988,#2989,#2990,#2991,#2992,#2993,#2994,#2995,#2996
      ,#2997,#2998,#2999,#3000,#3001,#3002,#3003,#3004,#3005,#3006,#3007
      ,#3008,#3009,#3010,#3011,#3012,#3013,#3014,#3015,#3016,#3017,#3018
      ,#3019)
    ,(#3020,#3021,#3022,#3023,#3024,#3025,#3026,#3027,#3028,#3029,#3030
      ,#3031,#3032,#3033,#3034,#3035,#3036,#3037,#3038,#3039,#3040,#3041
      ,#3042,#3043,#3044,#3045,#3046,#3047,#3048,#3049,#3050,#3051,#3052
      ,#3053,#3054,#3055,#3056,#3057,#3058,#3059,#3060,#3061,#3062,#3063
      ,#3064)
    ,(#3065,#3066,#3067,#3068,#3069,#3070,#3071,#3072,#3073,#3074,#3075
      ,#3076,#3077,#3078,#3079,#3080,#3081,#3082,#3083,#3084,#3085,#3086
      ,#3087,#3088,#3089,#3090,#3091,#3092,#3093,#3094,#3095,#3096,#3097
      ,#3098,#3099,#3100,#3101,#3102,#3103,#3104,#3105,#3106,#3107,#3108
      ,#3109)
    ,(#3110,#3111,#3112,#3113,#3114,#3115,#3116,#3117,#3118,#3119,#3120
      ,#3121,#3122,#3123,#3124,#3125,#3126,#3127,#3128,#3129,#3130,#3131
      ,#3132,#3133,#3134,#3135,#3136,#3137,#3138,#3139,#3140,#3141,#3142
      ,#3143,#3144,#3145,#3146,#3147,#3148,#3149,#3150,#3151,#3152,#3153
      ,#3154)
    ,(#3155,#3156,#3157,#3158,#3159,#3160,#3161,#3162,#3163,#3164,#3165
      ,#3166,#3167,#3168,#3169,#3170,#3171,#3172,#3173,#3174,#3175,#3176
      ,#3177,#3178,#3179,#3180,#3181,#3182,#3183,#3184,#3185,#3186,#3187
      ,#3188,#3189,#3190,#3191,#3192,#3193,#3194,#3195,#3196,#3197,#3198
      ,#3199)
    ,(#3200,#3201,#3202,#3203,#3204,#3205,#3206,#3207,#3208,#3209,#3210
      ,#3211,#3212,#3213,#3214,#3215,#3216,#3217,#3218,#3219,#3220,#3221
      ,#3222,#3223,#3224,#3225,#3226,#3227,#3228,#3229,#3230,#3231,#3232
      ,#3233,#3234,#3235,#3236,#3237,#3238,#3239,#3240,#3241,#3242,#3243
      ,#3244)
    ,(#3245,#3246,#3247,#3248,#3249,#3250,#3251,#3252,#3253,#3254,#3255
      ,#3256,#3257,#3258,#3259,#3260,#3261,#3262,#3263,#3264,#3265,#3266
      ,#3267,#3268,#3269,#3270,#3271,#3272,#3273,#3274,#3275,#3276,#3277
      ,#3278,#3279,#3280,#3281,#3282,#3283,#3284,#3285,#3286,#3287,#3288
      ,#3289)
    ,(#3290,#3291,#3292,#3293,#3294,#3295,#3296,#3297,#3298,#3299,#3300
      ,#3301,#3302,#3303,#3304,#3305,#3306,#3307,#3308,#3309,#3310,#3311
      ,#3312,#3313,#3314,#3315,#3316,#3317,#3318,#3319,#3320,#3321,#3322
      ,#3323,#3324,#3325,#3326,#3327,#3328,#3329,#3330,#3331,#3332,#3333
      ,#3334
    )),.UNSPECIFIED.,.F.,.F.,.F.,(8,8),(4,1,1,1,1,1,1,1,1,1,1,1,1,1,1,1,
    1,1,1,1,1,1,1,1,1,1,1,1,1,1,1,1,1,1,1,1,1,1,1,1,1,1,4),(0.,1.),(0.,
    0.730834372759,1.018662515282,4.48313564866,5.10421416437,
    8.95523487653,9.922494521867,14.282725811698,15.625737552487,
    20.617532170979,22.361143247871,28.137305505387,30.298256378961,
    37.047866891279,39.632149047662,47.589384593001,50.589926407813,
    60.041432587621,63.436143263734,72.406550006914,76.107034568626,
    84.691737085276,88.625211250724,96.900297391025,101.00403653758,
    109.03397132953,113.250811863,121.09429437794,125.36967594602,
    133.08254323568,137.36244389846,145.00004533253,149.22972299596,
    156.84853703846,160.97203564768,168.62853285776,172.5889786714,
    180.34232065103,184.0809184876,191.99191779846,195.45421601479,
    203.57718464059,204.28151761972),.UNSPECIFIED.);
#2975 = CARTESIAN_POINT('',(706.47707451964,1.1963E+03,-12.22098173982)
  );
#2976 = CARTESIAN_POINT('',(706.71163270766,1.1963E+03,-12.2758014463));
#2977 = CARTESIAN_POINT('',(707.03918682269,1.1963E+03,-12.34920120543)
  );
#2978 = CARTESIAN_POINT('',(708.48456983646,1.1963E+03,-12.65373744402)
  );
#2979 = CARTESIAN_POINT('',(709.90722918989,1.1963E+03,-12.88920959868)
  );
#2980 = CARTESIAN_POINT('',(712.48897320278,1.1963E+03,-13.31027850054)
  );
#2981 = CARTESIAN_POINT('',(714.25864855599,1.1963E+03,-13.59317570268)
  );
#2982 = CARTESIAN_POINT('',(717.24852490991,1.1963E+03,-14.04901845244)
  );
#2983 = CARTESIAN_POINT('',(719.42414854393,1.1963E+03,-14.36386549919)
  );
#2984 = CARTESIAN_POINT('',(722.91526758675,1.1963E+03,-14.84710311527)
  );
#2985 = CARTESIAN_POINT('',(725.55462137227,1.1963E+03,-15.19420946515)
  );
#2986 = CARTESIAN_POINT('',(729.64597653304,1.1963E+03,-15.70348199032)
  );
#2987 = CARTESIAN_POINT('',(732.81456379938,1.1963E+03,-16.07391102128)
  );
#2988 = CARTESIAN_POINT('',(737.62534896417,1.1963E+03,-16.6025426924));
#2989 = CARTESIAN_POINT('',(741.39363971964,1.1963E+03,-16.98806949539)
  );
#2990 = CARTESIAN_POINT('',(747.06587911688,1.1963E+03,-17.52888370202)
  );
#2991 = CARTESIAN_POINT('',(751.51136050971,1.1963E+03,-17.91936166339)
  );
#2992 = CARTESIAN_POINT('',(758.21481580696,1.1963E+03,-18.46336907274)
  );
#2993 = CARTESIAN_POINT('',(763.42267244176,1.1963E+03,-18.84835865703)
  );
#2994 = CARTESIAN_POINT('',(770.59552476292,1.1963E+03,-19.33351097575)
  );
#2995 = CARTESIAN_POINT('',(775.87956010651,1.1963E+03,-19.66038696527)
  );
#2996 = CARTESIAN_POINT('',(782.8726865601,1.1963E+03,-20.05674858193));
#2997 = CARTESIAN_POINT('',(788.21007232955,1.1963E+03,-20.33346886186)
  );
#2998 = CARTESIAN_POINT('',(795.05439079164,1.1963E+03,-20.65767641197)
  );
#2999 = CARTESIAN_POINT('',(800.42480268515,1.1963E+03,-20.88918054679)
  );
#3000 = CARTESIAN_POINT('',(807.14497745751,1.1963E+03,-21.15131395368)
  );
#3001 = CARTESIAN_POINT('',(812.52966356258,1.1963E+03,-21.33990265748)
  );
#3002 = CARTESIAN_POINT('',(819.14679942043,1.1963E+03,-21.54550181728)
  );
#3003 = CARTESIAN_POINT('',(824.52791958038,1.1963E+03,-21.69169653463)
  );
#3004 = CARTESIAN_POINT('',(831.06129575595,1.1963E+03,-21.84344145371)
  );
#3005 = CARTESIAN_POINT('',(836.42114466452,1.1963E+03,-21.94676974152)
  );
#3006 = CARTESIAN_POINT('',(842.88917871193,1.1963E+03,-22.04534707549)
  );
#3007 = CARTESIAN_POINT('',(848.20983054837,1.1963E+03,-22.10477476901)
  );
#3008 = CARTESIAN_POINT('',(854.63091585814,1.1963E+03,-22.14978049642)
  );
#3009 = CARTESIAN_POINT('',(859.89415061781,1.1963E+03,-22.16461535693)
  );
#3010 = CARTESIAN_POINT('',(866.28662538154,1.1963E+03,-22.15566227308)
  );
#3011 = CARTESIAN_POINT('',(871.47349522392,1.1963E+03,-22.12588125757)
  );
#3012 = CARTESIAN_POINT('',(877.85625541567,1.1963E+03,-22.06064160414)
  );
#3013 = CARTESIAN_POINT('',(882.94774504685,1.1963E+03,-21.98577251879)
  );
#3014 = CARTESIAN_POINT('',(889.34038703608,1.1963E+03,-21.86406236368)
  );
#3015 = CARTESIAN_POINT('',(894.31888733641,1.1963E+03,-21.74959854289)
  );
#3016 = CARTESIAN_POINT('',(900.74141855587,1.1963E+03,-21.58301276253)
  );
#3017 = CARTESIAN_POINT('',(904.78928830777,1.1963E+03,-21.45722420995)
  );
#3018 = CARTESIAN_POINT('',(907.69594461249,1.1963E+03,-21.34441232723)
  );
#3019 = CARTESIAN_POINT('',(907.92786270477,1.1963E+03,-21.3352781327));
#3020 = CARTESIAN_POINT('',(707.94759173141,1.198913789554E+03,
    -12.62463806101));
#3021 = CARTESIAN_POINT('',(708.18738045851,1.198937849816E+03,
    -12.70243067033));
#3022 = CARTESIAN_POINT('',(708.52035928801,1.198964385758E+03,
    -12.79614903906));
#3023 = CARTESIAN_POINT('',(709.9735674035,1.199021563956E+03,
    -13.0879843902));
#3024 = CARTESIAN_POINT('',(711.4033902798,1.199071114492E+03,
    -13.3206219551));
#3025 = CARTESIAN_POINT('',(713.99477041448,1.199144328357E+03,
    -13.71234244617));
#3026 = CARTESIAN_POINT('',(715.77253275485,1.199199067623E+03,
    -13.98563005177));
#3027 = CARTESIAN_POINT('',(718.77263330962,1.199277611137E+03,
    -14.40715669818));
#3028 = CARTESIAN_POINT('',(720.95686036752,1.199337450663E+03,
    -14.70782988488));
#3029 = CARTESIAN_POINT('',(724.45891294155,1.199420438782E+03,
    -15.15283784528));
#3030 = CARTESIAN_POINT('',(727.10759571807,1.199485134133E+03,
    -15.48116186322));
#3031 = CARTESIAN_POINT('',(731.21073427346,1.199572618317E+03,
    -15.94848545999));
#3032 = CARTESIAN_POINT('',(734.38941757778,1.199641253407E+03,
    -16.29680034744));
#3033 = CARTESIAN_POINT('',(739.21304062885,1.199732383431E+03,
    -16.78071749788));
#3034 = CARTESIAN_POINT('',(742.99232995305,1.199803828531E+03,
    -17.14197333278));
#3035 = CARTESIAN_POINT('',(748.67870834178,1.199897664158E+03,
    -17.63633265651));
#3036 = CARTESIAN_POINT('',(753.13622533522,1.199970531243E+03,
    -18.00183234145));
#3037 = CARTESIAN_POINT('',(759.85542670299,1.20006578066E+03,
    -18.49892869608));
#3038 = CARTESIAN_POINT('',(765.07651973797,1.200138533249E+03,
    -18.85972405781));
#3039 = CARTESIAN_POINT('',(772.26583151253,1.200226124315E+03,
    -19.30637319191));
#3040 = CARTESIAN_POINT('',(777.56320285361,1.200290960196E+03,
    -19.61735690097));
#3041 = CARTESIAN_POINT('',(784.57246768821,1.200366229781E+03,
    -19.98789971901));
#3042 = CARTESIAN_POINT('',(789.92326701101,1.200424145097E+03,
    -20.25589281986));
#3043 = CARTESIAN_POINT('',(796.78347077095,1.200489333501E+03,
    -20.56458929515));
#3044 = CARTESIAN_POINT('',(802.16734748509,1.200540984954E+03,
    -20.79382570019));
#3045 = CARTESIAN_POINT('',(808.90320126113,1.200597511734E+03,
    -21.049315767));
#3046 = CARTESIAN_POINT('',(814.30137609704,1.2006432264E+03,
    -21.24176751688));
#3047 = CARTESIAN_POINT('',(820.93402403362,1.200691887253E+03,
    -21.44879965762));
#3048 = CARTESIAN_POINT('',(826.32863131663,1.200731734343E+03,
    -21.60491370482));
#3049 = CARTESIAN_POINT('',(832.8773894723,1.200772897062E+03,
    -21.7657850678));
#3050 = CARTESIAN_POINT('',(838.25069910486,1.200806786942E+03,
    -21.88515646112));
#3051 = CARTESIAN_POINT('',(844.73402063781,1.20084052934E+03,
    -22.00045560828));
#3052 = CARTESIAN_POINT('',(850.06808222249,1.200868268782E+03,
    -22.08219792078));
#3053 = CARTESIAN_POINT('',(856.50439644797,1.200894454202E+03,
    -22.15157854804));
#3054 = CARTESIAN_POINT('',(861.78096343159,1.200915821711E+03,
    -22.19509843224));
#3055 = CARTESIAN_POINT('',(868.18864321909,1.200934265824E+03,
    -22.21822864984));
#3056 = CARTESIAN_POINT('',(873.38874053083,1.200949257516E+03,
    -22.2235063546));
#3057 = CARTESIAN_POINT('',(879.78671159242,1.200959584794E+03,
    -22.19839094114));
#3058 = CARTESIAN_POINT('',(884.89128459996,1.200967726023E+03,
    -22.16502172889));
#3059 = CARTESIAN_POINT('',(891.29918586881,1.20096974564E+03,
    -22.09150302827));
#3060 = CARTESIAN_POINT('',(896.29060744467,1.200972208277E+03,
    -22.02419547136));
#3061 = CARTESIAN_POINT('',(902.72839801121,1.200965923118E+03,
    -21.91221194911));
#3062 = CARTESIAN_POINT('',(906.78761149466,1.20096506192E+03,
    -21.83519747923));
#3063 = CARTESIAN_POINT('',(909.70378547353,1.20096732011E+03,
    -21.76930586923));
#3064 = CARTESIAN_POINT('',(909.94075145846,1.200983109497E+03,
    -21.79228084911));
#3065 = CARTESIAN_POINT('',(709.46326277395,1.201607838359E+03,
    -12.16659271876));
#3066 = CARTESIAN_POINT('',(709.70805976856,1.201656005254E+03,
    -12.2545774278));
#3067 = CARTESIAN_POINT('',(710.04624104096,1.201709123507E+03,
    -12.35583360302));
#3068 = CARTESIAN_POINT('',(711.5070519866,1.201823526273E+03,
    -12.62218726357));
#3069 = CARTESIAN_POINT('',(712.94381611419,1.201922673714E+03,
    -12.83920943559));
#3070 = CARTESIAN_POINT('',(715.5446100991,1.202069147812E+03,
    -13.18880071277));
#3071 = CARTESIAN_POINT('',(717.33023715506,1.202178672714E+03,
    -13.4396979187));
#3072 = CARTESIAN_POINT('',(720.34033963911,1.202335806112E+03,
    -13.81412765866));
#3073 = CARTESIAN_POINT('',(722.53294784932,1.202455531534E+03,
    -14.08784618218));
#3074 = CARTESIAN_POINT('',(726.04571168297,1.202621554141E+03,
    -14.48184368379));
#3075 = CARTESIAN_POINT('',(728.70350117893,1.202750991213E+03,
    -14.77860456669));
#3076 = CARTESIAN_POINT('',(732.81820085737,1.20292600595E+03,
    -15.19119843194));
#3077 = CARTESIAN_POINT('',(736.00675792808,1.203063322501E+03,
    -15.50461837275));
#3078 = CARTESIAN_POINT('',(740.84299659388,1.203245628917E+03,
    -15.93104019939));
#3079 = CARTESIAN_POINT('',(744.63306221523,1.203388565488E+03,
    -16.25524426308));
#3080 = CARTESIAN_POINT('',(750.33335732387,1.20357628311E+03,
    -16.6903679008));
#3081 = CARTESIAN_POINT('',(754.80268764636,1.203722063651E+03,
    -17.01810850619));
#3082 = CARTESIAN_POINT('',(761.53741281307,1.203912608855E+03,
    -17.455513003));
#3083 = CARTESIAN_POINT('',(766.77151997665,1.204058160402E+03,
    -17.77933333904));
#3084 = CARTESIAN_POINT('',(773.97706893306,1.204233388903E+03,
    -18.1746984854));
#3085 = CARTESIAN_POINT('',(779.28755400005,1.204363107035E+03,
    -18.4570091109));
#3086 = CARTESIAN_POINT('',(786.31273494408,1.204513692573E+03,
    -18.78895232721));
#3087 = CARTESIAN_POINT('',(791.67672554866,1.204629569575E+03,
    -19.03543744586));
#3088 = CARTESIAN_POINT('',(798.55259233488,1.204759992753E+03,
    -19.31584204321));
#3089 = CARTESIAN_POINT('',(803.94971159809,1.204863342028E+03,
    -19.53002991535));
#3090 = CARTESIAN_POINT('',(810.70102210622,1.204976441958E+03,
    -19.76609583897));
#3091 = CARTESIAN_POINT('',(816.11246340141,1.20506791766E+03,
    -19.94962983181));
#3092 = CARTESIAN_POINT('',(822.76040114514,1.205165285736E+03,
    -20.14531415037));
#3093 = CARTESIAN_POINT('',(828.16827327965,1.205245026284E+03,
    -20.29856672431));
#3094 = CARTESIAN_POINT('',(834.73219114385,1.205327398093E+03,
    -20.45578372806));
#3095 = CARTESIAN_POINT('',(840.11873922881,1.205395224222E+03,
    -20.57841742377));
#3096 = CARTESIAN_POINT('',(846.61712597575,1.205462755387E+03,
    -20.69765758102));
#3097 = CARTESIAN_POINT('',(851.96437503708,1.20551828064E+03,
    -20.78893370937));
#3098 = CARTESIAN_POINT('',(858.4156959067,1.205570697851E+03,
    -20.86990843337));
#3099 = CARTESIAN_POINT('',(863.70537284271,1.205613479237E+03,
    -20.92933253814));
#3100 = CARTESIAN_POINT('',(870.12803538239,1.205650413833E+03,
    -20.97176525409));
#3101 = CARTESIAN_POINT('',(875.34113789192,1.205680443588E+03,
    -20.99932087599));
#3102 = CARTESIAN_POINT('',(881.75409755178,1.205701144513E+03,
    -21.00154889939));
#3103 = CARTESIAN_POINT('',(886.87153166412,1.205717473339E+03,
    -20.99689875712));
#3104 = CARTESIAN_POINT('',(893.29446994102,1.205721558944E+03,
    -20.95879070788));
#3105 = CARTESIAN_POINT('',(898.29859052083,1.205726530587E+03,
    -20.92585861173));
#3106 = CARTESIAN_POINT('',(904.75141816288,1.205714006639E+03,
    -20.85569654446));
#3107 = CARTESIAN_POINT('',(908.8217531063,1.205712330612E+03,
    -20.81467535417));
#3108 = CARTESIAN_POINT('',(911.74722248775,1.205716893361E+03,
    -20.78292321378));
#3109 = CARTESIAN_POINT('',(911.98901409376,1.205748518505E+03,
    -20.82522656495));
#3110 = CARTESIAN_POINT('',(710.88285651616,1.204131113343E+03,
    -10.83252230312));
#3111 = CARTESIAN_POINT('',(711.13150055165,1.204199486206E+03,
    -10.91816363348));
#3112 = CARTESIAN_POINT('',(711.47372304031,1.204275286108E+03,
    -11.01442213677));
#3113 = CARTESIAN_POINT('',(712.94097558945,1.204443012777E+03,
    -11.24275862834));
#3114 = CARTESIAN_POINT('',(714.38351974171,1.20458785646E+03,
    -11.43162992908));
#3115 = CARTESIAN_POINT('',(716.99256635021,1.204803690129E+03,
    -11.72655651394));
#3116 = CARTESIAN_POINT('',(718.78489689511,1.204964100003E+03,
    -11.94252784181));
#3117 = CARTESIAN_POINT('',(721.80384008181,1.205195922621E+03,
    -12.2573251969));
#3118 = CARTESIAN_POINT('',(724.00366821768,1.205371633275E+03,
    -12.49155357884));
#3119 = CARTESIAN_POINT('',(727.52598208432,1.205616789706E+03,
    -12.82200514325));
#3120 = CARTESIAN_POINT('',(730.19171707308,1.205807067836E+03,
    -13.07466741269));
#3121 = CARTESIAN_POINT('',(734.31681664794,1.206065712463E+03,
    -13.41999606801));
#3122 = CARTESIAN_POINT('',(737.5140862584,1.20626780981E+03,
    -13.68598558378));
#3123 = CARTESIAN_POINT('',(742.36177931228,1.206537391956E+03,
    -14.04237660822));
#3124 = CARTESIAN_POINT('',(746.16146000415,1.206747919333E+03,
    -14.31699342229));
#3125 = CARTESIAN_POINT('',(751.87451060607,1.207025618288E+03,
    -14.68034589559));
#3126 = CARTESIAN_POINT('',(756.35449303096,1.20724041162E+03,
    -14.95779194302));
#3127 = CARTESIAN_POINT('',(763.10358076998,1.207522351947E+03,
    -15.32296910359));
#3128 = CARTESIAN_POINT('',(768.34954083553,1.207736801789E+03,
    -15.59727893555));
#3129 = CARTESIAN_POINT('',(775.57016574714,1.207995767062E+03,
    -15.92882461576));
#3130 = CARTESIAN_POINT('',(780.8926033134,1.208186466781E+03,
    -16.16992667928));
#3131 = CARTESIAN_POINT('',(787.93253914023,1.20840846761E+03,
    -16.45073481545));
#3132 = CARTESIAN_POINT('',(793.30855979995,1.208578405634E+03,
    -16.66317647349));
#3133 = CARTESIAN_POINT('',(800.1989283858,1.208770162922E+03,
    -16.90275371449));
#3134 = CARTESIAN_POINT('',(805.60812897144,1.208921309356E+03,
    -17.08935757533));
#3135 = CARTESIAN_POINT('',(812.37373498504,1.209087081772E+03,
    -17.29346387735));
#3136 = CARTESIAN_POINT('',(817.79728151286,1.209220417846E+03,
    -17.45554463474));
#3137 = CARTESIAN_POINT('',(824.45934783711,1.209362592481E+03,
    -17.62734565271));
#3138 = CARTESIAN_POINT('',(829.87932359647,1.209478325825E+03,
    -17.76520127499));
#3139 = CARTESIAN_POINT('',(836.45723994256,1.209598006059E+03,
    -17.90622844111));
#3140 = CARTESIAN_POINT('',(841.85586525329,1.209695867774E+03,
    -18.0195889608));
#3141 = CARTESIAN_POINT('',(848.36815598758,1.209793287043E+03,
    -18.13023464972));
#3142 = CARTESIAN_POINT('',(853.72743129893,1.209872697444E+03,
    -18.21850911553));
#3143 = CARTESIAN_POINT('',(860.19259758605,1.209947445782E+03,
    -18.29854245784));
#3144 = CARTESIAN_POINT('',(865.49422324781,1.210007740382E+03,
    -18.36133530479));
#3145 = CARTESIAN_POINT('',(871.93070731304,1.210059264797E+03,
    -18.41053504066));
#3146 = CARTESIAN_POINT('',(877.15565379371,1.21010043195E+03,
    -18.44783310131));
#3147 = CARTESIAN_POINT('',(883.58244082521,1.210127605859E+03,
    -18.46486908315));
#3148 = CARTESIAN_POINT('',(888.7115748157,1.21014822162E+03,
    -18.47640253246));
#3149 = CARTESIAN_POINT('',(895.14838887401,1.210150472548E+03,
    -18.46116965619));
#3150 = CARTESIAN_POINT('',(900.16404723114,1.210154052533E+03,
    -18.45007754239));
#3151 = CARTESIAN_POINT('',(906.63075072206,1.210131389134E+03,
    -18.4092014517));
#3152 = CARTESIAN_POINT('',(910.71104589881,1.210124997613E+03,
    -18.39163806259));
#3153 = CARTESIAN_POINT('',(913.64464945622,1.210127964259E+03,
    -18.3814899134));
#3154 = CARTESIAN_POINT('',(913.89010545666,1.210171524495E+03,
    -18.43058615746));
#3155 = CARTESIAN_POINT('',(712.0675064394,1.206236784442E+03,
    -8.71988290497));
#3156 = CARTESIAN_POINT('',(712.31797305661,1.20631772126E+03,
    -8.792306336866));
#3157 = CARTESIAN_POINT('',(712.66221230237,1.206408560795E+03,
    -8.872692648469));
#3158 = CARTESIAN_POINT('',(714.13388199588,1.206621969355E+03,
    -9.052137451272));
#3159 = CARTESIAN_POINT('',(715.58018171364,1.206804867264E+03,
    -9.201983360957));
#3160 = CARTESIAN_POINT('',(718.19545648657,1.20708241849E+03,
    -9.431370733731));
#3161 = CARTESIAN_POINT('',(719.99246606126,1.207286071322E+03,
    -9.601541663765));
#3162 = CARTESIAN_POINT('',(723.01822549145,1.207584941145E+03,
    -9.84583211421));
#3163 = CARTESIAN_POINT('',(725.22324909383,1.207808995017E+03,
    -10.02969583479));
#3164 = CARTESIAN_POINT('',(728.75308853431,1.20812564326E+03,
    -10.28572694223));
#3165 = CARTESIAN_POINT('',(731.42474455672,1.208369120432E+03,
    -10.48341607844));
#3166 = CARTESIAN_POINT('',(735.55821956884,1.208703752935E+03,
    -10.75060500406));
#3167 = CARTESIAN_POINT('',(738.7621772599,1.208962989064E+03,
    -10.95828957501));
#3168 = CARTESIAN_POINT('',(743.6193002427,1.209312204925E+03,
    -11.23377527747));
#3169 = CARTESIAN_POINT('',(747.42657154593,1.209582681094E+03,
    -11.44793032216));
#3170 = CARTESIAN_POINT('',(753.15035318198,1.209942719368E+03,
    -11.72863711126));
#3171 = CARTESIAN_POINT('',(757.63896325011,1.210218883477E+03,
    -11.94491408097));
#3172 = CARTESIAN_POINT('',(764.40038910229,1.210584576913E+03,
    -12.22698938552));
#3173 = CARTESIAN_POINT('',(769.65617761065,1.210860283036E+03,
    -12.44091419362));
#3174 = CARTESIAN_POINT('',(776.8898540183,1.211195343067E+03,
    -12.69776588791));
#3175 = CARTESIAN_POINT('',(782.22221962468,1.211439382357E+03,
    -12.88678486967));
#3176 = CARTESIAN_POINT('',(789.27488587516,1.211725156463E+03,
    -13.10558340593));
#3177 = CARTESIAN_POINT('',(794.66091213087,1.211941513495E+03,
    -13.27310708359));
#3178 = CARTESIAN_POINT('',(801.5637580572,1.212186962879E+03,
    -13.46098244847));
#3179 = CARTESIAN_POINT('',(806.98301550612,1.212378264457E+03,
    -13.60912777823));
#3180 = CARTESIAN_POINT('',(813.76089256602,1.212589067345E+03,
    -13.77039993887));
#3181 = CARTESIAN_POINT('',(819.19451986732,1.212756621778E+03,
    -13.90015294105));
#3182 = CARTESIAN_POINT('',(825.86869031294,1.212935960957E+03,
    -14.03719613865));
#3183 = CARTESIAN_POINT('',(831.29874523799,1.213080045082E+03,
    -14.14878028949));
#3184 = CARTESIAN_POINT('',(837.88863560682,1.213229391728E+03,
    -14.26274309821));
#3185 = CARTESIAN_POINT('',(843.29731368416,1.213349647015E+03,
    -14.35595592211));
#3186 = CARTESIAN_POINT('',(849.82148394664,1.213469312373E+03,
    -14.44713262293));
#3187 = CARTESIAN_POINT('',(855.19076104886,1.213564965907E+03,
    -14.52153090641));
#3188 = CARTESIAN_POINT('',(861.66774829434,1.213654403358E+03,
    -14.58974834728));
#3189 = CARTESIAN_POINT('',(866.97929822268,1.213724569158E+03,
    -14.64503541662));
#3190 = CARTESIAN_POINT('',(873.42757935431,1.213783041378E+03,
    -14.69012765266));
#3191 = CARTESIAN_POINT('',(878.66234534697,1.213827703915E+03,
    -14.72629363227));
#3192 = CARTESIAN_POINT('',(885.10093529095,1.213853708794E+03,
    -14.74726305278));
#3193 = CARTESIAN_POINT('',(890.23974470044,1.213870969475E+03,
    -14.76410557389));
#3194 = CARTESIAN_POINT('',(896.688410081,1.213863743713E+03,
    -14.76087335082));
#3195 = CARTESIAN_POINT('',(901.7135817563,1.213858290026E+03,
    -14.7607466996));
#3196 = CARTESIAN_POINT('',(908.19213663694,1.213817845159E+03,
    -14.73828206571));
#3197 = CARTESIAN_POINT('',(912.28036758787,1.213799096132E+03,
    -14.733301958));
#3198 = CARTESIAN_POINT('',(915.22008086207,1.21379282466E+03,
    -14.73388328024));
#3199 = CARTESIAN_POINT('',(915.4671767978,1.213840677975E+03,
    -14.77889789742));
#3200 = CARTESIAN_POINT('',(712.90515394131,1.207725671667E+03,
    -6.028513661239));
#3201 = CARTESIAN_POINT('',(713.15475057305,1.207808577593E+03,
    -6.079746922813));
#3202 = CARTESIAN_POINT('',(713.49831400871,1.207903861916E+03,
    -6.136288770859));
#3203 = CARTESIAN_POINT('',(714.97170827937,1.208152357519E+03,
    -6.258869613038));
#3204 = CARTESIAN_POINT('',(716.41907099544,1.20836271481E+03,
    -6.361717859804));
#3205 = CARTESIAN_POINT('',(719.0378813656,1.208691388747E+03,
    -6.51759374863));
#3206 = CARTESIAN_POINT('',(720.83687740289,1.208927689691E+03,
    -6.633992008963));
#3207 = CARTESIAN_POINT('',(723.86676050937,1.209283011873E+03,
    -6.799803282903));
#3208 = CARTESIAN_POINT('',(726.07428701107,1.209544814117E+03,
    -6.92533007027));
#3209 = CARTESIAN_POINT('',(729.60895945818,1.209922359324E+03,
    -7.09896844887));
#3210 = CARTESIAN_POINT('',(732.28384394704,1.210208440694E+03,
    -7.233712179987));
#3211 = CARTESIAN_POINT('',(736.42300182922,1.210608466226E+03,
    -7.414789104044));
#3212 = CARTESIAN_POINT('',(739.63095503369,1.210914246292E+03,
    -7.556196458327));
#3213 = CARTESIAN_POINT('',(744.49481537821,1.211332501021E+03,
    -7.742804566942));
#3214 = CARTESIAN_POINT('',(748.30698472561,1.211652331137E+03,
    -7.888525570375));
#3215 = CARTESIAN_POINT('',(754.03880482858,1.212084113883E+03,
    -8.078614403421));
#3216 = CARTESIAN_POINT('',(758.53334997276,1.212411053923E+03,
    -8.225750023534));
#3217 = CARTESIAN_POINT('',(765.3044213709,1.212849905622E+03,
    -8.416751200214));
#3218 = CARTESIAN_POINT('',(770.56734575487,1.21317627318E+03,
    -8.56231871259));
#3219 = CARTESIAN_POINT('',(777.81138109137,1.213576833122E+03,
    -8.736504149092));
#3220 = CARTESIAN_POINT('',(783.15098217067,1.21386361714E+03,
    -8.865467777248));
#3221 = CARTESIAN_POINT('',(790.21368627759,1.214202569676E+03,
    -9.014284441728));
#3222 = CARTESIAN_POINT('',(795.60702556209,1.21445475087E+03,
    -9.128917867146));
#3223 = CARTESIAN_POINT('',(802.51965626171,1.214743297504E+03,
    -9.257119084045));
#3224 = CARTESIAN_POINT('',(807.9462780067,1.21496415938E+03,
    -9.358833610857));
#3225 = CARTESIAN_POINT('',(814.73373354571,1.215209397895E+03,
    -9.469299358263));
#3226 = CARTESIAN_POINT('',(820.17474905329,1.215400575839E+03,
    -9.558752333358));
#3227 = CARTESIAN_POINT('',(826.85833105307,1.215606484717E+03,
    -9.653065438738));
#3228 = CARTESIAN_POINT('',(832.29577257663,1.215768324777E+03,
    -9.730405846272));
#3229 = CARTESIAN_POINT('',(838.89494440099,1.215936742988E+03,
    -9.809332025732));
#3230 = CARTESIAN_POINT('',(844.31098267775,1.216068797001E+03,
    -9.874424881973));
#3231 = CARTESIAN_POINT('',(850.84433990122,1.216200113603E+03,
    -9.93816032283));
#3232 = CARTESIAN_POINT('',(856.22092622711,1.216301415424E+03,
    -9.990710152129));
#3233 = CARTESIAN_POINT('',(862.70704186373,1.216394947142E+03,
    -10.03913941968));
#3234 = CARTESIAN_POINT('',(868.02582349147,1.216464389295E+03,
    -10.07894843955));
#3235 = CARTESIAN_POINT('',(874.48320912229,1.216519214475E+03,
    -10.11196090388));
#3236 = CARTESIAN_POINT('',(879.72510205975,1.21655677755E+03,
    -10.1390225306));
#3237 = CARTESIAN_POINT('',(886.17280234902,1.216571018553E+03,
    -10.15595311792));
#3238 = CARTESIAN_POINT('',(891.3185946103,1.216574329307E+03,
    -10.17013243897));
#3239 = CARTESIAN_POINT('',(897.77641874592,1.216547032009E+03,
    -10.17092859723));
#3240 = CARTESIAN_POINT('',(902.80841117219,1.216521949804E+03,
    -10.17379513673));
#3241 = CARTESIAN_POINT('',(909.29612487534,1.216453128625E+03,
    -10.16176968778));
#3242 = CARTESIAN_POINT('',(913.38959903325,1.216411427245E+03,
    -10.16140058962));
#3243 = CARTESIAN_POINT('',(916.33272945704,1.216385322809E+03,
    -10.16473911142));
#3244 = CARTESIAN_POINT('',(916.57877276086,1.216426874356E+03,
    -10.19769982985));
#3245 = CARTESIAN_POINT('',(713.32991703154,1.208480672234E+03,
    -3.026095690239));
#3246 = CARTESIAN_POINT('',(713.57556510324,1.208553232177E+03,
    -3.051874406818));
#3247 = CARTESIAN_POINT('',(713.91537415425,1.208640646196E+03,
    -3.080307416633));
#3248 = CARTESIAN_POINT('',(715.38741442751,1.208911913752E+03,
    -3.141759923514));
#3249 = CARTESIAN_POINT('',(716.83276156732,1.209137415333E+03,
    -3.193346132689));
#3250 = CARTESIAN_POINT('',(719.45202896016,1.209504896888E+03,
    -3.271446162894));
#3251 = CARTESIAN_POINT('',(721.24993288548,1.209761530853E+03,
    -3.329807378852));
#3252 = CARTESIAN_POINT('',(724.28086109368,1.210160990304E+03,
    -3.412875101614));
#3253 = CARTESIAN_POINT('',(726.48781192014,1.210448225828E+03,
    -3.475800581089));
#3254 = CARTESIAN_POINT('',(730.02423879933,1.210874352909E+03,
    -3.562781856181));
#3255 = CARTESIAN_POINT('',(732.69927318007,1.211190723384E+03,
    -3.630315807531));
#3256 = CARTESIAN_POINT('',(736.84103535774,1.211643826855E+03,
    -3.721016355351));
#3257 = CARTESIAN_POINT('',(740.04990550106,1.211983835766E+03,
    -3.791882118284));
#3258 = CARTESIAN_POINT('',(744.91742463275,1.212458814273E+03,
    -3.885348258384));
#3259 = CARTESIAN_POINT('',(748.73141344974,1.212815683244E+03,
    -3.958370845892));
#3260 = CARTESIAN_POINT('',(754.46819344509,1.21330689537E+03,
    -4.053577348207));
#3261 = CARTESIAN_POINT('',(758.96559509075,1.21367229625E+03,
    -4.127307244055));
#3262 = CARTESIAN_POINT('',(765.74323346028,1.214171991121E+03,
    -4.222969918187));
#3263 = CARTESIAN_POINT('',(771.01021514531,1.214536705022E+03,
    -4.295915760166));
#3264 = CARTESIAN_POINT('',(778.26153083609,1.214990449785E+03,
    -4.383170564209));
#3265 = CARTESIAN_POINT('',(783.60528881375,1.215307663438E+03,
    -4.447814464079));
#3266 = CARTESIAN_POINT('',(790.67495220255,1.215687479313E+03,
    -4.522384882111));
#3267 = CARTESIAN_POINT('',(796.07252594128,1.215963169578E+03,
    -4.579863680612));
#3268 = CARTESIAN_POINT('',(802.99186283962,1.216282498371E+03,
    -4.644126374852));
#3269 = CARTESIAN_POINT('',(808.42277030612,1.216520605454E+03,
    -4.69514572405));
#3270 = CARTESIAN_POINT('',(815.21672574969,1.216787964503E+03,
    -4.750540683545));
#3271 = CARTESIAN_POINT('',(820.66205088898,1.216990450868E+03,
    -4.795429256884));
#3272 = CARTESIAN_POINT('',(827.35196586837,1.217210614354E+03,
    -4.842747895366));
#3273 = CARTESIAN_POINT('',(832.79371541587,1.217377895258E+03,
    -4.881580184925));
#3274 = CARTESIAN_POINT('',(839.3990901212,1.217553069943E+03,
    -4.921205360447));
#3275 = CARTESIAN_POINT('',(844.81941002281,1.21768460759E+03,
    -4.953913874359));
#3276 = CARTESIAN_POINT('',(851.35887563272,1.217815260344E+03,
    -4.985943680579));
#3277 = CARTESIAN_POINT('',(856.73969260771,1.217909895361E+03,
    -5.01238068102));
#3278 = CARTESIAN_POINT('',(863.23185806093,1.217995206254E+03,
    -5.036757400589));
#3279 = CARTESIAN_POINT('',(868.55479281349,1.218051609671E+03,
    -5.056823996315));
#3280 = CARTESIAN_POINT('',(875.01820436895,1.218090472718E+03,
    -5.073492314274));
#3281 = CARTESIAN_POINT('',(880.26414567664,1.21810862124E+03,
    -5.087185213426));
#3282 = CARTESIAN_POINT('',(886.71787773663,1.218098783275E+03,
    -5.095812592876));
#3283 = CARTESIAN_POINT('',(891.86757427515,1.218075829012E+03,
    -5.103064339193));
#3284 = CARTESIAN_POINT('',(898.33147859127,1.218016145086E+03,
    -5.103624504115));
#3285 = CARTESIAN_POINT('',(903.36721319394,1.217959119272E+03,
    -5.105219859656));
#3286 = CARTESIAN_POINT('',(909.86100714504,1.21784960669E+03,
    -5.099369220972));
#3287 = CARTESIAN_POINT('',(913.95664593538,1.217772637865E+03,
    -5.099346757685));
#3288 = CARTESIAN_POINT('',(916.9001149342,1.217714385374E+03,
    -5.101178104378));
#3289 = CARTESIAN_POINT('',(917.14202703154,1.217737320062E+03,
    -5.117820549383));
#3290 = CARTESIAN_POINT('',(713.32991703154,1.208480672234E+03,-4.44E-15
    ));
#3291 = CARTESIAN_POINT('',(713.56846901638,1.208530262441E+03,0.));
#3292 = CARTESIAN_POINT('',(713.9013761559,1.208597182403E+03,0.));
#3293 = CARTESIAN_POINT('',(715.36891490493,1.208878598158E+03,0.));
#3294 = CARTESIAN_POINT('',(716.80909894166,1.209106620276E+03,0.));
#3295 = CARTESIAN_POINT('',(719.42567583033,1.209500285698E+03,0.));
#3296 = CARTESIAN_POINT('',(721.21934011686,1.20976462893E+03,0.));
#3297 = CARTESIAN_POINT('',(724.24816589997,1.210195601896E+03,0.));
#3298 = CARTESIAN_POINT('',(726.45139352434,1.210495646948E+03,0.));
#3299 = CARTESIAN_POINT('',(729.98642730878,1.210957732148E+03,0.));
#3300 = CARTESIAN_POINT('',(732.65846405458,1.211291767977E+03,0.));
#3301 = CARTESIAN_POINT('',(736.79968300093,1.211785325633E+03,0.));
#3302 = CARTESIAN_POINT('',(740.00632255625,1.212146939635E+03,0.));
#3303 = CARTESIAN_POINT('',(744.87435294828,1.212666018167E+03,0.));
#3304 = CARTESIAN_POINT('',(748.68701370805,1.213047302239E+03,0.));
#3305 = CARTESIAN_POINT('',(754.42560606893,1.213585319994E+03,0.));
#3306 = CARTESIAN_POINT('',(758.92271668925,1.213976557961E+03,0.));
#3307 = CARTESIAN_POINT('',(765.70377450335,1.21452447225E+03,0.));
#3308 = CARTESIAN_POINT('',(770.9716659626,1.214914908741E+03,0.));
#3309 = CARTESIAN_POINT('',(778.22711448084,1.215409214571E+03,0.));
#3310 = CARTESIAN_POINT('',(783.57188183002,1.215744234106E+03,0.));
#3311 = CARTESIAN_POINT('',(790.64535697388,1.216152289567E+03,0.));
#3312 = CARTESIAN_POINT('',(796.04401764001,1.21643886515E+03,0.));
#3313 = CARTESIAN_POINT('',(802.96691321025,1.216776352348E+03,0.));
#3314 = CARTESIAN_POINT('',(808.39895887144,1.217019080885E+03,0.));
#3315 = CARTESIAN_POINT('',(815.19626669272,1.217295936716E+03,0.));
#3316 = CARTESIAN_POINT('',(820.6427539369,1.217497107749E+03,0.));
#3317 = CARTESIAN_POINT('',(827.33585436907,1.217718902088E+03,0.));
#3318 = CARTESIAN_POINT('',(832.77876441367,1.217879000083E+03,0.));
#3319 = CARTESIAN_POINT('',(839.38719447315,1.218048307489E+03,0.));
#3320 = CARTESIAN_POINT('',(844.80864847279,1.218166705018E+03,0.));
#3321 = CARTESIAN_POINT('',(851.35107494231,1.218284070171E+03,0.));
#3322 = CARTESIAN_POINT('',(856.73297503957,1.218359414631E+03,0.));
#3323 = CARTESIAN_POINT('',(863.22804278255,1.218423880946E+03,0.));
#3324 = CARTESIAN_POINT('',(868.55198313312,1.218454621872E+03,0.));
#3325 = CARTESIAN_POINT('',(875.01827308639,1.218464899034E+03,0.));
#3326 = CARTESIAN_POINT('',(880.26511523747,1.21845100925E+03,0.));
#3327 = CARTESIAN_POINT('',(886.72173154136,1.218404468564E+03,0.));
#3328 = CARTESIAN_POINT('',(891.87218483029,1.21834262553E+03,0.));
#3329 = CARTESIAN_POINT('',(898.33902180007,1.218237931223E+03,0.));
#3330 = CARTESIAN_POINT('',(903.37535105232,1.218136338047E+03,0.));
#3331 = CARTESIAN_POINT('',(909.87207772455,1.217973510307E+03,0.));
#3332 = CARTESIAN_POINT('',(913.96673362048,1.217848650285E+03,0.));
#3333 = CARTESIAN_POINT('',(916.90739366751,1.217745625985E+03,0.));
#3334 = CARTESIAN_POINT('',(917.14202703154,1.217737320062E+03,-5.33E-15
    ));
#3335 = SHELL_BASED_SURFACE_MODEL('',(#3336));
#3336 = OPEN_SHELL('',(#3337));
#3337 = ADVANCED_FACE('',(#3338),#3466,.T.);
#3338 = FACE_BOUND('',#3339,.T.);
#3339 = EDGE_LOOP('',(#3340,#3392,#3405,#3455));
#3340 = ORIENTED_EDGE('',*,*,#3341,.F.);
#3341 = EDGE_CURVE('',#3342,#3344,#3346,.T.);
#3342 = VERTEX_POINT('',#3343);
#3343 = CARTESIAN_POINT('',(907.92786270477,1.1963E+03,-21.3352781327));
#3344 = VERTEX_POINT('',#3345);
#3345 = CARTESIAN_POINT('',(1.119955367109E+03,1.1963E+03,
    -3.246047538501));
#3346 = B_SPLINE_CURVE_WITH_KNOTS('',3,(#3347,#3348,#3349,#3350,#3351,
    #3352,#3353,#3354,#3355,#3356,#3357,#3358,#3359,#3360,#3361,#3362,
    #3363,#3364,#3365,#3366,#3367,#3368,#3369,#3370,#3371,#3372,#3373,
    #3374,#3375,#3376,#3377,#3378,#3379,#3380,#3381,#3382,#3383,#3384,
    #3385,#3386,#3387,#3388,#3389,#3390,#3391),.UNSPECIFIED.,.F.,.F.,(4,
    1,1,1,1,1,1,1,1,1,1,1,1,1,1,1,1,1,1,1,1,1,1,1,1,1,1,1,1,1,1,1,1,1,1,
    1,1,1,1,1,1,1,4),(0.,2.521571896098,10.694828084518,14.102345210154,
    22.026122225938,25.568398345153,33.29809500122,36.924775062008,
    44.510673834985,48.176333360163,55.664339661389,59.329245726197,
    66.759963589951,70.389794034477,77.79759414034,81.363250718991,
    88.776924403047,92.253898033502,99.698694769765,103.06607028397,
    110.56261950026,113.80200340047,121.36988367568,124.46406126318,
    132.11978606191,135.05139111952,142.81445585429,145.56478408234,
    153.45434933131,156.00227669724,164.04043453342,166.36193921837,
    174.57431487783,176.6428401048,185.04222833808,186.83008089969,
    193.87369566112,195.40237892834,201.3291197948,202.62490507263,
    207.62650155168,208.71782948734,212.85646113539),.UNSPECIFIED.);
#3347 = CARTESIAN_POINT('',(907.92786270477,1.1963E+03,-21.3352781327));
#3348 = CARTESIAN_POINT('',(908.76788631724,1.1963E+03,-21.30611047693)
  );
#3349 = CARTESIAN_POINT('',(912.33057720927,1.1963E+03,-21.17885987408)
  );
#3350 = CARTESIAN_POINT('',(917.02765305967,1.1963E+03,-20.99164247719)
  );
#3351 = CARTESIAN_POINT('',(923.52288482225,1.1963E+03,-20.70546213591)
  );
#3352 = CARTESIAN_POINT('',(928.47506466377,1.1963E+03,-20.46754250166)
  );
#3353 = CARTESIAN_POINT('',(934.86510899361,1.1963E+03,-20.1367224803));
#3354 = CARTESIAN_POINT('',(939.82375973692,1.1963E+03,-19.86225045002)
  );
#3355 = CARTESIAN_POINT('',(946.12698736523,1.1963E+03,-19.49178205767)
  );
#3356 = CARTESIAN_POINT('',(951.07690679302,1.1963E+03,-19.18473550837)
  );
#3357 = CARTESIAN_POINT('',(957.31026932716,1.1963E+03,-18.77932331605)
  );
#3358 = CARTESIAN_POINT('',(962.23846040557,1.1963E+03,-18.44469120223)
  );
#3359 = CARTESIAN_POINT('',(968.41766689674,1.1963E+03,-18.00894602749)
  );
#3360 = CARTESIAN_POINT('',(973.31313481034,1.1963E+03,-17.65155464418)
  );
#3361 = CARTESIAN_POINT('',(979.45190213189,1.1963E+03,-17.18963123679)
  );
#3362 = CARTESIAN_POINT('',(984.3051649207,1.1963E+03,-16.81409062153));
#3363 = CARTESIAN_POINT('',(990.41503979886,1.1963E+03,-16.32967917055)
  );
#3364 = CARTESIAN_POINT('',(995.21804174817,1.1963E+03,-15.94012254214)
  );
#3365 = CARTESIAN_POINT('',(1.00130904288E+03,1.1963E+03,-15.43611520824
    ));
#3366 = CARTESIAN_POINT('',(1.006055246487E+03,1.1963E+03,
    -15.03583175672));
#3367 = CARTESIAN_POINT('',(1.012135815361E+03,1.1963E+03,
    -14.51411321473));
#3368 = CARTESIAN_POINT('',(1.016819130794E+03,1.1963E+03,
    -14.10550529734));
#3369 = CARTESIAN_POINT('',(1.02289658406E+03,1.1963E+03,-13.56689376112
    ));
#3370 = CARTESIAN_POINT('',(1.027511737903E+03,1.1963E+03,
    -13.15141817251));
#3371 = CARTESIAN_POINT('',(1.03359230279E+03,1.1963E+03,-12.59543640926
    ));
#3372 = CARTESIAN_POINT('',(1.038133257265E+03,1.1963E+03,
    -12.17359238793));
#3373 = CARTESIAN_POINT('',(1.044222967648E+03,1.1963E+03,
    -11.59853712134));
#3374 = CARTESIAN_POINT('',(1.048684111993E+03,1.1963E+03,
    -11.17009073213));
#3375 = CARTESIAN_POINT('',(1.054789320747E+03,1.1963E+03,
    -10.57313667938));
#3376 = CARTESIAN_POINT('',(1.059163619598E+03,1.1963E+03,
    -10.13740803978));
#3377 = CARTESIAN_POINT('',(1.065290622634E+03,1.1963E+03,-9.51480046744
    ));
#3378 = CARTESIAN_POINT('',(1.069570207119E+03,1.1963E+03,
    -9.070956994158));
#3379 = CARTESIAN_POINT('',(1.075726438399E+03,1.1963E+03,
    -8.418724973096));
#3380 = CARTESIAN_POINT('',(1.07990284798E+03,1.1963E+03,-7.966585506624
    ));
#3381 = CARTESIAN_POINT('',(1.086091840198E+03,1.1963E+03,-7.28172118398
    ));
#3382 = CARTESIAN_POINT('',(1.090151227873E+03,1.1963E+03,
    -6.822611297496));
#3383 = CARTESIAN_POINT('',(1.095856944254E+03,1.1963E+03,
    -6.163821087016));
#3384 = CARTESIAN_POINT('',(1.099286754269E+03,1.1963E+03,
    -5.760952442409));
#3385 = CARTESIAN_POINT('',(1.104085789563E+03,1.1963E+03,
    -5.188856229578));
#3386 = CARTESIAN_POINT('',(1.106981855287E+03,1.1963E+03,
    -4.839407084368));
#3387 = CARTESIAN_POINT('',(1.111026665973E+03,1.1963E+03,
    -4.346710159459));
#3388 = CARTESIAN_POINT('',(1.113471231451E+03,1.1963E+03,
    -4.046719163426));
#3389 = CARTESIAN_POINT('',(1.116856137298E+03,1.1963E+03,-3.62951857468
    ));
#3390 = CARTESIAN_POINT('',(1.118586279329E+03,1.1963E+03,
    -3.415569658914));
#3391 = CARTESIAN_POINT('',(1.119955367109E+03,1.1963E+03,
    -3.246047538501));
#3392 = ORIENTED_EDGE('',*,*,#3393,.T.);
#3393 = EDGE_CURVE('',#3342,#3394,#3396,.T.);
#3394 = VERTEX_POINT('',#3395);
#3395 = CARTESIAN_POINT('',(917.14202703154,1.217737320062E+03,-5.E-15)
  );
#3396 = B_SPLINE_CURVE_WITH_KNOTS('',7,(#3397,#3398,#3399,#3400,#3401,
    #3402,#3403,#3404),.UNSPECIFIED.,.F.,.F.,(8,8),(0.,1.),
  .PIECEWISE_BEZIER_KNOTS.);
#3397 = CARTESIAN_POINT('',(907.92786270477,1.1963E+03,-21.3352781327));
#3398 = CARTESIAN_POINT('',(909.94075145846,1.200983109497E+03,
    -21.79228084911));
#3399 = CARTESIAN_POINT('',(911.98901409376,1.205748518505E+03,
    -20.82522656495));
#3400 = CARTESIAN_POINT('',(913.89010545666,1.210171524495E+03,
    -18.43058615746));
#3401 = CARTESIAN_POINT('',(915.4671767978,1.213840677975E+03,
    -14.77889789742));
#3402 = CARTESIAN_POINT('',(916.57877276086,1.216426874356E+03,
    -10.19769982985));
#3403 = CARTESIAN_POINT('',(917.14202703154,1.217737320062E+03,
    -5.117820549383));
#3404 = CARTESIAN_POINT('',(917.14202703154,1.217737320062E+03,-5.33E-15
    ));
#3405 = ORIENTED_EDGE('',*,*,#3406,.T.);
#3406 = EDGE_CURVE('',#3394,#3407,#3409,.T.);
#3407 = VERTEX_POINT('',#3408);
#3408 = CARTESIAN_POINT('',(1.120954137032E+03,1.199662492191E+03,
    -4.8316E-11));
#3409 = B_SPLINE_CURVE_WITH_KNOTS('',3,(#3410,#3411,#3412,#3413,#3414,
    #3415,#3416,#3417,#3418,#3419,#3420,#3421,#3422,#3423,#3424,#3425,
    #3426,#3427,#3428,#3429,#3430,#3431,#3432,#3433,#3434,#3435,#3436,
    #3437,#3438,#3439,#3440,#3441,#3442,#3443,#3444,#3445,#3446,#3447,
    #3448,#3449,#3450,#3451,#3452,#3453,#3454),.UNSPECIFIED.,.F.,.F.,(4,
    1,1,1,1,1,1,1,1,1,1,1,1,1,1,1,1,1,1,1,1,1,1,1,1,1,1,1,1,1,1,1,1,1,1,
    1,1,1,1,1,1,1,4),(0.,2.521571896098,10.694828084518,14.102345210154,
    22.026122225938,25.568398345153,33.29809500122,36.924775062008,
    44.510673834985,48.176333360163,55.664339661389,59.329245726197,
    66.759963589951,70.389794034477,77.79759414034,81.363250718991,
    88.776924403047,92.253898033502,99.698694769765,103.06607028397,
    110.56261950026,113.80200340047,121.36988367568,124.46406126318,
    132.11978606191,135.05139111952,142.81445585429,145.56478408234,
    153.45434933131,156.00227669724,164.04043453342,166.36193921837,
    174.57431487783,176.6428401048,185.04222833808,186.83008089969,
    193.87369566112,195.40237892834,201.3291197948,202.62490507263,
    207.62650155168,208.71782948734,212.85646113539),.UNSPECIFIED.);
#3410 = CARTESIAN_POINT('',(917.14202703154,1.217737320062E+03,-5.33E-15
    ));
#3411 = CARTESIAN_POINT('',(917.94994429093,1.217713855587E+03,0.));
#3412 = CARTESIAN_POINT('',(921.37637388374,1.217607719227E+03,0.));
#3413 = CARTESIAN_POINT('',(925.89328567155,1.217431353253E+03,0.));
#3414 = CARTESIAN_POINT('',(932.13930300084,1.217157995928E+03,0.));
#3415 = CARTESIAN_POINT('',(936.90163178675,1.216935391641E+03,0.));
#3416 = CARTESIAN_POINT('',(943.04667014555,1.21662430791E+03,0.));
#3417 = CARTESIAN_POINT('',(947.81508657392,1.216362897056E+03,0.));
#3418 = CARTESIAN_POINT('',(953.87639357907,1.216007775216E+03,0.));
#3419 = CARTESIAN_POINT('',(958.63624906362,1.215712215584E+03,0.));
#3420 = CARTESIAN_POINT('',(964.63013397275,1.215319968692E+03,0.));
#3421 = CARTESIAN_POINT('',(969.36886601999,1.214994523516E+03,0.));
#3422 = CARTESIAN_POINT('',(975.31036066308,1.214568829613E+03,0.));
#3423 = CARTESIAN_POINT('',(980.01736786221,1.214218284219E+03,0.));
#3424 = CARTESIAN_POINT('',(985.91964172474,1.213763505219E+03,0.));
#3425 = CARTESIAN_POINT('',(990.58579616258,1.213392504605E+03,0.));
#3426 = CARTESIAN_POINT('',(996.45994638506,1.212912448875E+03,0.));
#3427 = CARTESIAN_POINT('',(1.001077514429E+03,1.212525360637E+03,0.));
#3428 = CARTESIAN_POINT('',(1.006933195478E+03,1.212023305751E+03,0.));
#3429 = CARTESIAN_POINT('',(1.011495918031E+03,1.211623759173E+03,0.));
#3430 = CARTESIAN_POINT('',(1.017341276566E+03,1.211102010498E+03,0.));
#3431 = CARTESIAN_POINT('',(1.021843328221E+03,1.210692758582E+03,0.));
#3432 = CARTESIAN_POINT('',(1.027685425499E+03,1.210152510395E+03,0.));
#3433 = CARTESIAN_POINT('',(1.032121763839E+03,1.209735344023E+03,0.));
#3434 = CARTESIAN_POINT('',(1.037966609896E+03,1.209176503762E+03,0.));
#3435 = CARTESIAN_POINT('',(1.04233144331E+03,1.208752149973E+03,0.));
#3436 = CARTESIAN_POINT('',(1.048184830573E+03,1.208173140491E+03,0.));
#3437 = CARTESIAN_POINT('',(1.052472758731E+03,1.207741441312E+03,0.));
#3438 = CARTESIAN_POINT('',(1.058340760077E+03,1.207139401282E+03,0.));
#3439 = CARTESIAN_POINT('',(1.062544992002E+03,1.20669960396E+03,0.));
#3440 = CARTESIAN_POINT('',(1.068433588159E+03,1.206070498871E+03,0.));
#3441 = CARTESIAN_POINT('',(1.072546500315E+03,1.205621466585E+03,0.));
#3442 = CARTESIAN_POINT('',(1.078462709578E+03,1.204960623632E+03,0.));
#3443 = CARTESIAN_POINT('',(1.082476093244E+03,1.20450174764E+03,0.));
#3444 = CARTESIAN_POINT('',(1.088423163147E+03,1.203805370983E+03,0.));
#3445 = CARTESIAN_POINT('',(1.092323624487E+03,1.203337492766E+03,0.));
#3446 = CARTESIAN_POINT('',(1.097805590643E+03,1.202664624797E+03,0.));
#3447 = CARTESIAN_POINT('',(1.101100685134E+03,1.202252208178E+03,0.));
#3448 = CARTESIAN_POINT('',(1.105710943413E+03,1.201665356807E+03,0.));
#3449 = CARTESIAN_POINT('',(1.108492929576E+03,1.201306184628E+03,0.));
#3450 = CARTESIAN_POINT('',(1.112378233338E+03,1.2007990156E+03,0.));
#3451 = CARTESIAN_POINT('',(1.114726295557E+03,1.200489731848E+03,0.));
#3452 = CARTESIAN_POINT('',(1.117977463126E+03,1.20005899402E+03,0.));
#3453 = CARTESIAN_POINT('',(1.119639201689E+03,1.199837856181E+03,0.));
#3454 = CARTESIAN_POINT('',(1.120954137032E+03,1.199662492191E+03,
    -4.831624E-11));
#3455 = ORIENTED_EDGE('',*,*,#3456,.F.);
#3456 = EDGE_CURVE('',#3344,#3407,#3457,.T.);
#3457 = B_SPLINE_CURVE_WITH_KNOTS('',7,(#3458,#3459,#3460,#3461,#3462,
    #3463,#3464,#3465),.UNSPECIFIED.,.F.,.F.,(8,8),(0.,1.),
  .PIECEWISE_BEZIER_KNOTS.);
#3458 = CARTESIAN_POINT('',(1.119955367109E+03,1.1963E+03,
    -3.246047538501));
#3459 = CARTESIAN_POINT('',(1.120174575809E+03,1.197037995333E+03,
    -3.305787003441));
#3460 = CARTESIAN_POINT('',(1.120396889361E+03,1.197786443565E+03,
    -3.152094907592));
#3461 = CARTESIAN_POINT('',(1.120602737335E+03,1.198479458232E+03,
    -2.785226423051));
#3462 = CARTESIAN_POINT('',(1.120773233656E+03,1.199053456844E+03,
    -2.231105647477));
#3463 = CARTESIAN_POINT('',(1.120893307072E+03,1.199457700016E+03,
    -1.53871483677));
#3464 = CARTESIAN_POINT('',(1.120954137032E+03,1.199662492191E+03,
    -0.772177680353));
#3465 = CARTESIAN_POINT('',(1.120954137032E+03,1.199662492191E+03,
    -4.831624E-11));
#3466 = B_SPLINE_SURFACE_WITH_KNOTS('',7,3,(
    (#3467,#3468,#3469,#3470,#3471,#3472,#3473,#3474,#3475,#3476,#3477
      ,#3478,#3479,#3480,#3481,#3482,#3483,#3484,#3485,#3486,#3487,#3488
      ,#3489,#3490,#3491,#3492,#3493,#3494,#3495,#3496,#3497,#3498,#3499
      ,#3500,#3501,#3502,#3503,#3504,#3505,#3506,#3507,#3508,#3509,#3510
      ,#3511)
    ,(#3512,#3513,#3514,#3515,#3516,#3517,#3518,#3519,#3520,#3521,#3522
      ,#3523,#3524,#3525,#3526,#3527,#3528,#3529,#3530,#3531,#3532,#3533
      ,#3534,#3535,#3536,#3537,#3538,#3539,#3540,#3541,#3542,#3543,#3544
      ,#3545,#3546,#3547,#3548,#3549,#3550,#3551,#3552,#3553,#3554,#3555
      ,#3556)
    ,(#3557,#3558,#3559,#3560,#3561,#3562,#3563,#3564,#3565,#3566,#3567
      ,#3568,#3569,#3570,#3571,#3572,#3573,#3574,#3575,#3576,#3577,#3578
      ,#3579,#3580,#3581,#3582,#3583,#3584,#3585,#3586,#3587,#3588,#3589
      ,#3590,#3591,#3592,#3593,#3594,#3595,#3596,#3597,#3598,#3599,#3600
      ,#3601)
    ,(#3602,#3603,#3604,#3605,#3606,#3607,#3608,#3609,#3610,#3611,#3612
      ,#3613,#3614,#3615,#3616,#3617,#3618,#3619,#3620,#3621,#3622,#3623
      ,#3624,#3625,#3626,#3627,#3628,#3629,#3630,#3631,#3632,#3633,#3634
      ,#3635,#3636,#3637,#3638,#3639,#3640,#3641,#3642,#3643,#3644,#3645
      ,#3646)
    ,(#3647,#3648,#3649,#3650,#3651,#3652,#3653,#3654,#3655,#3656,#3657
      ,#3658,#3659,#3660,#3661,#3662,#3663,#3664,#3665,#3666,#3667,#3668
      ,#3669,#3670,#3671,#3672,#3673,#3674,#3675,#3676,#3677,#3678,#3679
      ,#3680,#3681,#3682,#3683,#3684,#3685,#3686,#3687,#3688,#3689,#3690
      ,#3691)
    ,(#3692,#3693,#3694,#3695,#3696,#3697,#3698,#3699,#3700,#3701,#3702
      ,#3703,#3704,#3705,#3706,#3707,#3708,#3709,#3710,#3711,#3712,#3713
      ,#3714,#3715,#3716,#3717,#3718,#3719,#3720,#3721,#3722,#3723,#3724
      ,#3725,#3726,#3727,#3728,#3729,#3730,#3731,#3732,#3733,#3734,#3735
      ,#3736)
    ,(#3737,#3738,#3739,#3740,#3741,#3742,#3743,#3744,#3745,#3746,#3747
      ,#3748,#3749,#3750,#3751,#3752,#3753,#3754,#3755,#3756,#3757,#3758
      ,#3759,#3760,#3761,#3762,#3763,#3764,#3765,#3766,#3767,#3768,#3769
      ,#3770,#3771,#3772,#3773,#3774,#3775,#3776,#3777,#3778,#3779,#3780
      ,#3781)
    ,(#3782,#3783,#3784,#3785,#3786,#3787,#3788,#3789,#3790,#3791,#3792
      ,#3793,#3794,#3795,#3796,#3797,#3798,#3799,#3800,#3801,#3802,#3803
      ,#3804,#3805,#3806,#3807,#3808,#3809,#3810,#3811,#3812,#3813,#3814
      ,#3815,#3816,#3817,#3818,#3819,#3820,#3821,#3822,#3823,#3824,#3825
      ,#3826
    )),.UNSPECIFIED.,.F.,.F.,.F.,(8,8),(4,1,1,1,1,1,1,1,1,1,1,1,1,1,1,1,
    1,1,1,1,1,1,1,1,1,1,1,1,1,1,1,1,1,1,1,1,1,1,1,1,1,1,4),(0.,1.),(0.,
    2.521571896098,10.694828084518,14.102345210154,22.026122225938,
    25.568398345153,33.29809500122,36.924775062008,44.510673834985,
    48.176333360163,55.664339661389,59.329245726197,66.759963589951,
    70.389794034477,77.79759414034,81.363250718991,88.776924403047,
    92.253898033502,99.698694769765,103.06607028397,110.56261950026,
    113.80200340047,121.36988367568,124.46406126318,132.11978606191,
    135.05139111952,142.81445585429,145.56478408234,153.45434933131,
    156.00227669724,164.04043453342,166.36193921837,174.57431487783,
    176.6428401048,185.04222833808,186.83008089969,193.87369566112,
    195.40237892834,201.3291197948,202.62490507263,207.62650155168,
    208.71782948734,212.85646113539),.UNSPECIFIED.);
#3467 = CARTESIAN_POINT('',(907.92786270477,1.1963E+03,-21.3352781327));
#3468 = CARTESIAN_POINT('',(908.76788631724,1.1963E+03,-21.30611047693)
  );
#3469 = CARTESIAN_POINT('',(912.33057720927,1.1963E+03,-21.17885987408)
  );
#3470 = CARTESIAN_POINT('',(917.02765305967,1.1963E+03,-20.99164247719)
  );
#3471 = CARTESIAN_POINT('',(923.52288482225,1.1963E+03,-20.70546213591)
  );
#3472 = CARTESIAN_POINT('',(928.47506466377,1.1963E+03,-20.46754250166)
  );
#3473 = CARTESIAN_POINT('',(934.86510899361,1.1963E+03,-20.1367224803));
#3474 = CARTESIAN_POINT('',(939.82375973692,1.1963E+03,-19.86225045002)
  );
#3475 = CARTESIAN_POINT('',(946.12698736523,1.1963E+03,-19.49178205767)
  );
#3476 = CARTESIAN_POINT('',(951.07690679302,1.1963E+03,-19.18473550837)
  );
#3477 = CARTESIAN_POINT('',(957.31026932716,1.1963E+03,-18.77932331605)
  );
#3478 = CARTESIAN_POINT('',(962.23846040557,1.1963E+03,-18.44469120223)
  );
#3479 = CARTESIAN_POINT('',(968.41766689674,1.1963E+03,-18.00894602749)
  );
#3480 = CARTESIAN_POINT('',(973.31313481034,1.1963E+03,-17.65155464418)
  );
#3481 = CARTESIAN_POINT('',(979.45190213189,1.1963E+03,-17.18963123679)
  );
#3482 = CARTESIAN_POINT('',(984.3051649207,1.1963E+03,-16.81409062153));
#3483 = CARTESIAN_POINT('',(990.41503979886,1.1963E+03,-16.32967917055)
  );
#3484 = CARTESIAN_POINT('',(995.21804174817,1.1963E+03,-15.94012254214)
  );
#3485 = CARTESIAN_POINT('',(1.00130904288E+03,1.1963E+03,-15.43611520824
    ));
#3486 = CARTESIAN_POINT('',(1.006055246487E+03,1.1963E+03,
    -15.03583175672));
#3487 = CARTESIAN_POINT('',(1.012135815361E+03,1.1963E+03,
    -14.51411321473));
#3488 = CARTESIAN_POINT('',(1.016819130794E+03,1.1963E+03,
    -14.10550529734));
#3489 = CARTESIAN_POINT('',(1.02289658406E+03,1.1963E+03,-13.56689376112
    ));
#3490 = CARTESIAN_POINT('',(1.027511737903E+03,1.1963E+03,
    -13.15141817251));
#3491 = CARTESIAN_POINT('',(1.03359230279E+03,1.1963E+03,-12.59543640926
    ));
#3492 = CARTESIAN_POINT('',(1.038133257265E+03,1.1963E+03,
    -12.17359238793));
#3493 = CARTESIAN_POINT('',(1.044222967648E+03,1.1963E+03,
    -11.59853712134));
#3494 = CARTESIAN_POINT('',(1.048684111993E+03,1.1963E+03,
    -11.17009073213));
#3495 = CARTESIAN_POINT('',(1.054789320747E+03,1.1963E+03,
    -10.57313667938));
#3496 = CARTESIAN_POINT('',(1.059163619598E+03,1.1963E+03,
    -10.13740803978));
#3497 = CARTESIAN_POINT('',(1.065290622634E+03,1.1963E+03,-9.51480046744
    ));
#3498 = CARTESIAN_POINT('',(1.069570207119E+03,1.1963E+03,
    -9.070956994158));
#3499 = CARTESIAN_POINT('',(1.075726438399E+03,1.1963E+03,
    -8.418724973096));
#3500 = CARTESIAN_POINT('',(1.07990284798E+03,1.1963E+03,-7.966585506624
    ));
#3501 = CARTESIAN_POINT('',(1.086091840198E+03,1.1963E+03,-7.28172118398
    ));
#3502 = CARTESIAN_POINT('',(1.090151227873E+03,1.1963E+03,
    -6.822611297496));
#3503 = CARTESIAN_POINT('',(1.095856944254E+03,1.1963E+03,
    -6.163821087016));
#3504 = CARTESIAN_POINT('',(1.099286754269E+03,1.1963E+03,
    -5.760952442409));
#3505 = CARTESIAN_POINT('',(1.104085789563E+03,1.1963E+03,
    -5.188856229578));
#3506 = CARTESIAN_POINT('',(1.106981855287E+03,1.1963E+03,
    -4.839407084368));
#3507 = CARTESIAN_POINT('',(1.111026665973E+03,1.1963E+03,
    -4.346710159459));
#3508 = CARTESIAN_POINT('',(1.113471231451E+03,1.1963E+03,
    -4.046719163426));
#3509 = CARTESIAN_POINT('',(1.116856137298E+03,1.1963E+03,-3.62951857468
    ));
#3510 = CARTESIAN_POINT('',(1.118586279329E+03,1.1963E+03,
    -3.415569658914));
#3511 = CARTESIAN_POINT('',(1.119955367109E+03,1.1963E+03,
    -3.246047538501));
#3512 = CARTESIAN_POINT('',(909.94075145846,1.200983109497E+03,
    -21.79228084911));
#3513 = CARTESIAN_POINT('',(910.76209635175,1.200948780249E+03,
    -21.69952002288));
#3514 = CARTESIAN_POINT('',(914.29122924659,1.200902640733E+03,
    -21.52268809916));
#3515 = CARTESIAN_POINT('',(918.94847527644,1.200846468414E+03,
    -21.29445606625));
#3516 = CARTESIAN_POINT('',(925.39401287982,1.200776440188E+03,
    -20.98139865245));
#3517 = CARTESIAN_POINT('',(930.30497904466,1.200713662396E+03,
    -20.70970755895));
#3518 = CARTESIAN_POINT('',(936.64593042418,1.200638244684E+03,
    -20.35838756222));
#3519 = CARTESIAN_POINT('',(941.56331273947,1.200569923097E+03,
    -20.05536584355));
#3520 = CARTESIAN_POINT('',(947.81788818145,1.200488214226E+03,
    -19.67006152882));
#3521 = CARTESIAN_POINT('',(952.72656352004,1.200415014242E+03,
    -19.33911879385));
#3522 = CARTESIAN_POINT('',(958.91162286758,1.200328001792E+03,
    -18.92386265058));
#3523 = CARTESIAN_POINT('',(963.7986562728,1.200250532445E+03,
    -18.56927514603));
#3524 = CARTESIAN_POINT('',(969.92981183122,1.200158741851E+03,
    -18.12801930353));
#3525 = CARTESIAN_POINT('',(974.7842646883,1.200077686758E+03,
    -17.7539238537));
#3526 = CARTESIAN_POINT('',(980.87515513268,1.19998174115E+03,
    -17.29022952609));
#3527 = CARTESIAN_POINT('',(985.68759605975,1.199897763882E+03,
    -16.90057759172));
#3528 = CARTESIAN_POINT('',(991.7497038898,1.199798207313E+03,
    -16.41760779817));
#3529 = CARTESIAN_POINT('',(996.51212318382,1.199711931814E+03,
    -16.01594213825));
#3530 = CARTESIAN_POINT('',(1.002555415064E+03,1.199609232508E+03,
    -15.51617587362));
#3531 = CARTESIAN_POINT('',(1.007261314995E+03,1.199521177246E+03,
    -15.1053157939));
#3532 = CARTESIAN_POINT('',(1.013294190294E+03,1.199415664541E+03,
    -14.59036849376));
#3533 = CARTESIAN_POINT('',(1.017937518804E+03,1.199326222802E+03,
    -14.17237315757));
#3534 = CARTESIAN_POINT('',(1.023967257689E+03,1.199218067311E+03,
    -13.64294614811));
#3535 = CARTESIAN_POINT('',(1.028542774363E+03,1.199127494935E+03,
    -13.21906423658));
#3536 = CARTESIAN_POINT('',(1.034575573034E+03,1.199016683433E+03,
    -12.67474846109));
#3537 = CARTESIAN_POINT('',(1.03907727526E+03,1.198925084283E+03,
    -12.24540789295));
#3538 = CARTESIAN_POINT('',(1.0451191331E+03,1.198811391464E+03,
    -11.68474340031));
#3539 = CARTESIAN_POINT('',(1.049541440178E+03,1.198718742973E+03,
    -11.2497436597));
#3540 = CARTESIAN_POINT('',(1.055598670062E+03,1.198601760075E+03,
    -10.67030877891));
#3541 = CARTESIAN_POINT('',(1.059934581541E+03,1.198507954707E+03,
    -10.2290671094));
#3542 = CARTESIAN_POINT('',(1.066013434354E+03,1.198387105372E+03,
    -9.627643497544));
#3543 = CARTESIAN_POINT('',(1.070255116408E+03,1.198291980723E+03,
    -9.179446256304));
#3544 = CARTESIAN_POINT('',(1.076362966732E+03,1.198166597407E+03,
    -8.552630259825));
#3545 = CARTESIAN_POINT('',(1.080501994799E+03,1.198070066515E+03,
    -8.097322167281));
#3546 = CARTESIAN_POINT('',(1.08664233459E+03,1.197939606955E+03,
    -7.442535626589));
#3547 = CARTESIAN_POINT('',(1.090664926404E+03,1.197841790031E+03,
    -6.98125288832));
#3548 = CARTESIAN_POINT('',(1.096324586371E+03,1.197714688856E+03,
    -6.348815586626));
#3549 = CARTESIAN_POINT('',(1.099721059214E+03,1.197624795016E+03,
    -5.935739627107));
#3550 = CARTESIAN_POINT('',(1.104479034265E+03,1.197509981927E+03,
    -5.377611466255));
#3551 = CARTESIAN_POINT('',(1.107344710812E+03,1.197427694436E+03,
    -5.010323649078));
#3552 = CARTESIAN_POINT('',(1.111352642697E+03,1.197324264538E+03,
    -4.52025202073));
#3553 = CARTESIAN_POINT('',(1.113769329898E+03,1.197249103966E+03,
    -4.195356902848));
#3554 = CARTESIAN_POINT('',(1.11712103818E+03,1.197156592811E+03,
    -3.769996419783));
#3555 = CARTESIAN_POINT('',(1.118827316189E+03,1.197094024512E+03,
    -3.518851656414));
#3556 = CARTESIAN_POINT('',(1.120174575809E+03,1.197037995333E+03,
    -3.305787003441));
#3557 = CARTESIAN_POINT('',(911.98901409376,1.205748518505E+03,
    -20.82522656495));
#3558 = CARTESIAN_POINT('',(912.79094688084,1.205678227133E+03,
    -20.69638678281));
#3559 = CARTESIAN_POINT('',(916.28578839143,1.205584315222E+03,
    -20.49748775276));
#3560 = CARTESIAN_POINT('',(920.90247121372,1.205470337707E+03,
    -20.25575529838));
#3561 = CARTESIAN_POINT('',(927.29758127084,1.205328648378E+03,
    -19.94333502659));
#3562 = CARTESIAN_POINT('',(932.16660037196,1.205201459916E+03,
    -19.66538668839));
#3563 = CARTESIAN_POINT('',(938.45772541412,1.205048991614E+03,
    -19.32108093082));
#3564 = CARTESIAN_POINT('',(943.33310591436,1.204910715562E+03,
    -19.01702373831));
#3565 = CARTESIAN_POINT('',(949.53829578297,1.204745664943E+03,
    -18.64439771575));
#3566 = CARTESIAN_POINT('',(954.40499364532,1.204597632097E+03,
    -18.31707300966));
#3567 = CARTESIAN_POINT('',(960.54101641922,1.20442197432E+03,
    -17.91948712997));
#3568 = CARTESIAN_POINT('',(965.38615876422,1.204265402747E+03,
    -17.57245844923));
#3569 = CARTESIAN_POINT('',(971.46853000284,1.204080188682E+03,
    -17.15320615353));
#3570 = CARTESIAN_POINT('',(976.28123441637,1.203916445618E+03,
    -16.78992085172));
#3571 = CARTESIAN_POINT('',(982.32351459654,1.203722921525E+03,
    -16.35196981841));
#3572 = CARTESIAN_POINT('',(987.09440027483,1.203553334113E+03,
    -15.97572077949));
#3573 = CARTESIAN_POINT('',(993.10800766972,1.203352588096E+03,
    -15.52170685791));
#3574 = CARTESIAN_POINT('',(997.82911092141,1.20317840422E+03,
    -15.13544638102));
#3575 = CARTESIAN_POINT('',(1.003823960162E+03,1.202971372731E+03,
    -14.66743540021));
#3576 = CARTESIAN_POINT('',(1.00848882303E+03,1.202793629329E+03,
    -14.27351290682));
#3577 = CARTESIAN_POINT('',(1.014473271367E+03,1.202580971042E+03,
    -13.79285106308));
#3578 = CARTESIAN_POINT('',(1.019075879568E+03,1.202400454687E+03,
    -13.39298252264));
#3579 = CARTESIAN_POINT('',(1.025057170685E+03,1.202182510826E+03,
    -12.90025425446));
#3580 = CARTESIAN_POINT('',(1.029592316802E+03,1.201999733198E+03,
    -12.49548023457));
#3581 = CARTESIAN_POINT('',(1.03557661587E+03,1.201776477315E+03,
    -11.99034466137));
#3582 = CARTESIAN_POINT('',(1.040038332461E+03,1.201591646139E+03,
    -11.58102176097));
#3583 = CARTESIAN_POINT('',(1.046031604371E+03,1.201362627622E+03,
    -11.06226225681));
#3584 = CARTESIAN_POINT('',(1.050414340794E+03,1.201175697763E+03,
    -10.64822337935));
#3585 = CARTESIAN_POINT('',(1.056422858422E+03,1.200940099089E+03,
    -10.11382188508));
#3586 = CARTESIAN_POINT('',(1.060719649141E+03,1.200750855475E+03,
    -9.694581400203));
#3587 = CARTESIAN_POINT('',(1.066749618344E+03,1.200507523927E+03,
    -9.141855963362));
#3588 = CARTESIAN_POINT('',(1.070952664582E+03,1.200315641752E+03,
    -8.716819168708));
#3589 = CARTESIAN_POINT('',(1.077011400562E+03,1.200063242243E+03,
    -8.142933411354));
#3590 = CARTESIAN_POINT('',(1.081112313727E+03,1.19986854758E+03,
    -7.71197090728));
#3591 = CARTESIAN_POINT('',(1.087203267703E+03,1.199605995585E+03,
    -7.114776363083));
#3592 = CARTESIAN_POINT('',(1.091188330271E+03,1.199408728858E+03,
    -6.678834987571));
#3593 = CARTESIAN_POINT('',(1.096801200435E+03,1.19915289363E+03,
    -6.100264809205));
#3594 = CARTESIAN_POINT('',(1.100163602719E+03,1.198971473074E+03,
    -5.704495749319));
#3595 = CARTESIAN_POINT('',(1.104879784142E+03,1.198740214017E+03,
    -5.187849854988));
#3596 = CARTESIAN_POINT('',(1.107714338124E+03,1.198574006158E+03,
    -4.830237580386));
#3597 = CARTESIAN_POINT('',(1.111684657821E+03,1.198365513485E+03,
    -4.370305463142));
#3598 = CARTESIAN_POINT('',(1.114072733357E+03,1.198213559462E+03,
    -4.048020437953));
#3599 = CARTESIAN_POINT('',(1.117390510687E+03,1.198026904275E+03,
    -3.642014275111));
#3600 = CARTESIAN_POINT('',(1.119072191287E+03,1.197900134799E+03,
    -3.381187878683));
#3601 = CARTESIAN_POINT('',(1.120396889361E+03,1.197786443565E+03,
    -3.152094907592));
#3602 = CARTESIAN_POINT('',(913.89010545666,1.210171524495E+03,
    -18.43058615746));
#3603 = CARTESIAN_POINT('',(914.67559672149,1.210071793031E+03,
    -18.29326764064));
#3604 = CARTESIAN_POINT('',(918.13911743181,1.209936630759E+03,
    -18.09990172549));
#3605 = CARTESIAN_POINT('',(922.71820763048,1.209771370081E+03,
    -17.87226907089));
#3606 = CARTESIAN_POINT('',(929.06586072533,1.209564541682E+03,
    -17.58808616235));
#3607 = CARTESIAN_POINT('',(933.89590334669,1.209379464584E+03,
    -17.33148080069));
#3608 = CARTESIAN_POINT('',(940.14017263547,1.209156467724E+03,
    -17.02178950353));
#3609 = CARTESIAN_POINT('',(944.97652190462,1.208954759241E+03,
    -16.74429705842));
#3610 = CARTESIAN_POINT('',(951.13529678382,1.208712888906E+03,
    -16.41194954927));
#3611 = CARTESIAN_POINT('',(955.9629877539,1.208496545232E+03,
    -16.11584309329));
#3612 = CARTESIAN_POINT('',(962.05294453814,1.20823876416E+03,
    -15.76352769844));
#3613 = CARTESIAN_POINT('',(966.85916640686,1.208009612396E+03,
    -15.45165806274));
#3614 = CARTESIAN_POINT('',(972.89572390967,1.207737496891E+03,
    -15.08200953508));
#3615 = CARTESIAN_POINT('',(977.6696504636,1.20749758789E+03,
    -14.75713460253));
#3616 = CARTESIAN_POINT('',(983.66629096353,1.207213007344E+03,
    -14.37252708478));
#3617 = CARTESIAN_POINT('',(988.39859197702,1.20696433182E+03,
    -14.03728116254));
#3618 = CARTESIAN_POINT('',(994.36666952071,1.20666891839E+03,
    -13.63982333417));
#3619 = CARTESIAN_POINT('',(999.04942731404,1.206413348171E+03,
    -13.29656826156));
#3620 = CARTESIAN_POINT('',(1.0049988045E+03,1.20610850653E+03,
    -12.88791278581));
#3621 = CARTESIAN_POINT('',(1.009625600888E+03,1.205847597022E+03,
    -12.53852809999));
#3622 = CARTESIAN_POINT('',(1.015564592848E+03,1.205534315187E+03,
    -12.1197519339));
#3623 = CARTESIAN_POINT('',(1.020129451323E+03,1.205269246248E+03,
    -11.76561041044));
#3624 = CARTESIAN_POINT('',(1.026065265255E+03,1.20494803605E+03,
    -11.3371811048));
#3625 = CARTESIAN_POINT('',(1.0305630114E+03,1.204679575202E+03,
    -10.97911519778));
#3626 = CARTESIAN_POINT('',(1.03650178145E+03,1.204350396972E+03,
    -10.54076004812));
#3627 = CARTESIAN_POINT('',(1.040926482988E+03,1.204078855802E+03,
    -10.1790550367));
#3628 = CARTESIAN_POINT('',(1.046874139552E+03,1.203741033621E+03,
    -9.729800742273));
#3629 = CARTESIAN_POINT('',(1.051220275906E+03,1.203466344427E+03,
    -9.364322949202));
#3630 = CARTESIAN_POINT('',(1.05718305186E+03,1.20311865201E+03,
    -8.902555062679));
#3631 = CARTESIAN_POINT('',(1.061443692404E+03,1.202840492183E+03,
    -8.532915983674));
#3632 = CARTESIAN_POINT('',(1.067427748581E+03,1.202481200456E+03,
    -8.056488943097));
#3633 = CARTESIAN_POINT('',(1.071595129586E+03,1.202199082787E+03,
    -7.682212816272));
#3634 = CARTESIAN_POINT('',(1.077607721805E+03,1.201826189118E+03,
    -7.188857519286));
#3635 = CARTESIAN_POINT('',(1.081673490654E+03,1.201539852719E+03,
    -6.809840824924));
#3636 = CARTESIAN_POINT('',(1.087718029399E+03,1.201151730319E+03,
    -6.297838498463));
#3637 = CARTESIAN_POINT('',(1.091668533305E+03,1.200861535823E+03,
    -5.91483870695));
#3638 = CARTESIAN_POINT('',(1.097237584251E+03,1.200483488576E+03,
    -5.417735873155));
#3639 = CARTESIAN_POINT('',(1.100568886559E+03,1.200217063336E+03,
    -5.066873934143));
#3640 = CARTESIAN_POINT('',(1.105246244936E+03,1.199875880345E+03,
    -4.619310527575));
#3641 = CARTESIAN_POINT('',(1.108052646938E+03,1.19963227415E+03,
    -4.298974016791));
#3642 = CARTESIAN_POINT('',(1.111988325031E+03,1.199325240735E+03,
    -3.896781631893));
#3643 = CARTESIAN_POINT('',(1.114350759487E+03,1.199103015295E+03,
    -3.604706920638));
#3644 = CARTESIAN_POINT('',(1.117637576448E+03,1.198828738108E+03,
    -3.245655299262));
#3645 = CARTESIAN_POINT('',(1.119297630224E+03,1.198644289488E+03,
    -3.002747491017));
#3646 = CARTESIAN_POINT('',(1.120602737335E+03,1.198479458232E+03,
    -2.785226423051));
#3647 = CARTESIAN_POINT('',(915.4671767978,1.213840677975E+03,
    -14.77889789742));
#3648 = CARTESIAN_POINT('',(916.24278718512,1.21372593452E+03,
    -14.65741418141));
#3649 = CARTESIAN_POINT('',(919.68154773992,1.213563949988E+03,
    -14.49389491666));
#3650 = CARTESIAN_POINT('',(924.22960595974,1.213361834248E+03,
    -14.30467559732));
#3651 = CARTESIAN_POINT('',(930.53636273705,1.21310429488E+03,
    -14.07304358753));
#3652 = CARTESIAN_POINT('',(935.33398952341,1.212875757247E+03,
    -13.86209473789));
#3653 = CARTESIAN_POINT('',(941.53796370355,1.212596659931E+03,
    -13.61133143664));
#3654 = CARTESIAN_POINT('',(946.34184238637,1.212345947117E+03,
    -13.38471727441));
#3655 = CARTESIAN_POINT('',(952.46076292091,1.212041685169E+03,
    -13.11696181416));
#3656 = CARTESIAN_POINT('',(957.25600764346,1.211771458767E+03,
    -12.87638714379));
#3657 = CARTESIAN_POINT('',(963.30645908278,1.211445982502E+03,
    -12.59365576926));
#3658 = CARTESIAN_POINT('',(968.08032111999,1.211158678647E+03,
    -12.34125871409));
#3659 = CARTESIAN_POINT('',(974.07762553173,1.210814089805E+03,
    -12.04552748996));
#3660 = CARTESIAN_POINT('',(978.81933487081,1.210512442968E+03,
    -11.78337646215));
#3661 = CARTESIAN_POINT('',(984.77689633526,1.210151234071E+03,
    -11.47642599546));
#3662 = CARTESIAN_POINT('',(989.47717332869,1.209837898536E+03,
    -11.20649672538));
#3663 = CARTESIAN_POINT('',(995.40628166593,1.209462245793E+03,
    -10.88990852572));
#3664 = CARTESIAN_POINT('',(1.000057254646E+03,1.209139717331E+03,
    -10.61397239287));
#3665 = CARTESIAN_POINT('',(1.005967720421E+03,1.208751493642E+03,
    -10.28898595767));
#3666 = CARTESIAN_POINT('',(1.010563010974E+03,1.208421846129E+03,
    -10.00845261491));
#3667 = CARTESIAN_POINT('',(1.016463107202E+03,1.208022368845E+03,
    -9.675875661959));
#3668 = CARTESIAN_POINT('',(1.020996776596E+03,1.207687175424E+03,
    -9.391774690977));
#3669 = CARTESIAN_POINT('',(1.026893673988E+03,1.207277126991E+03,
    -9.051957883354));
#3670 = CARTESIAN_POINT('',(1.031360580806E+03,1.206937411024E+03,
    -8.764913624702));
#3671 = CARTESIAN_POINT('',(1.037260382481E+03,1.206516738549E+03,
    -8.417652434066));
#3672 = CARTESIAN_POINT('',(1.041654629612E+03,1.206172915486E+03,
    -8.127878847109));
#3673 = CARTESIAN_POINT('',(1.047563231475E+03,1.205740717742E+03,
    -7.772443297896));
#3674 = CARTESIAN_POINT('',(1.051879328404E+03,1.205392697314E+03,
    -7.479840124703));
#3675 = CARTESIAN_POINT('',(1.05780292333E+03,1.204947339256E+03,
    -7.115019381422));
#3676 = CARTESIAN_POINT('',(1.062033974342E+03,1.204594691317E+03,
    -6.819295243777));
#3677 = CARTESIAN_POINT('',(1.067978678138E+03,1.204133867512E+03,
    -6.443480134956));
#3678 = CARTESIAN_POINT('',(1.072116954555E+03,1.203775942451E+03,
    -6.144278211446));
#3679 = CARTESIAN_POINT('',(1.078089963659E+03,1.203296982723E+03,
    -5.755766910317));
#3680 = CARTESIAN_POINT('',(1.082127148836E+03,1.202933432687E+03,
    -5.453009561156));
#3681 = CARTESIAN_POINT('',(1.088131832995E+03,1.202434167986E+03,
    -5.050512987921));
#3682 = CARTESIAN_POINT('',(1.092054338883E+03,1.202065473822E+03,
    -4.744768315897));
#3683 = CARTESIAN_POINT('',(1.097586131255E+03,1.201579642656E+03,
    -4.35344636216));
#3684 = CARTESIAN_POINT('',(1.100892894233E+03,1.201242640833E+03,
    -4.071805079512));
#3685 = CARTESIAN_POINT('',(1.105537990209E+03,1.20080596201E+03,
    -3.717637696196));
#3686 = CARTESIAN_POINT('',(1.108322800875E+03,1.200499385581E+03,
    -3.458890484718));
#3687 = CARTESIAN_POINT('',(1.11223039801E+03,1.200108239525E+03,
    -3.138751367655));
#3688 = CARTESIAN_POINT('',(1.11457375203E+03,1.199830170769E+03,
    -2.901200505824));
#3689 = CARTESIAN_POINT('',(1.117836169267E+03,1.199482699684E+03,
    -2.613416961402));
#3690 = CARTESIAN_POINT('',(1.119481156864E+03,1.199255000021E+03,
    -2.412741276829));
#3691 = CARTESIAN_POINT('',(1.120773233656E+03,1.199053456844E+03,
    -2.231105647477));
#3692 = CARTESIAN_POINT('',(916.57877276086,1.216426874356E+03,
    -10.19769982985));
#3693 = CARTESIAN_POINT('',(917.35393528141,1.216317873494E+03,
    -10.11003363676));
#3694 = CARTESIAN_POINT('',(920.77736869143,1.216149821286E+03,
    -9.99434374451));
#3695 = CARTESIAN_POINT('',(925.30382794312,1.215931605067E+03,
    -9.861520482528));
#3696 = CARTESIAN_POINT('',(931.57912141364,1.215644109312E+03,
    -9.700422093581));
#3697 = CARTESIAN_POINT('',(936.35376537572,1.215392865727E+03,
    -9.553112478069));
#3698 = CARTESIAN_POINT('',(942.52687745795,1.215078422539E+03,
    -9.379259894812));
#3699 = CARTESIAN_POINT('',(947.30771856517,1.214799459978E+03,
    -9.221506737577));
#3700 = CARTESIAN_POINT('',(953.39621776579,1.214453560998E+03,
    -9.036326048321));
#3701 = CARTESIAN_POINT('',(958.16844925155,1.214150206452E+03,
    -8.869265885653));
#3702 = CARTESIAN_POINT('',(964.18882835668,1.213777789578E+03,
    -8.674101253549));
#3703 = CARTESIAN_POINT('',(968.93976357312,1.213453088215E+03,
    -8.499159501019));
#3704 = CARTESIAN_POINT('',(974.90724790451,1.213056780619E+03,
    -8.295328302509));
#3705 = CARTESIAN_POINT('',(979.62617303949,1.212714150529E+03,
    -8.113883901553));
#3706 = CARTESIAN_POINT('',(985.55408847917,1.212297067863E+03,
    -7.902573208001));
#3707 = CARTESIAN_POINT('',(990.23177446328,1.211939826902E+03,
    -7.7159433122));
#3708 = CARTESIAN_POINT('',(996.13134660481,1.211504689429E+03,
    -7.498207463337));
#3709 = CARTESIAN_POINT('',(1.000759967782E+03,1.211135957308E+03,
    -7.30757299235));
#3710 = CARTESIAN_POINT('',(1.006640955158E+03,1.210685106152E+03,
    -7.084238319796));
#3711 = CARTESIAN_POINT('',(1.011214172887E+03,1.210307475217E+03,
    -6.890539042208));
#3712 = CARTESIAN_POINT('',(1.017084806393E+03,1.209842557068E+03,
    -6.662144024482));
#3713 = CARTESIAN_POINT('',(1.021596719716E+03,1.209457993748E+03,
    -6.466066328074));
#3714 = CARTESIAN_POINT('',(1.02746413358E+03,1.208979861664E+03,
    -6.232844740573));
#3715 = CARTESIAN_POINT('',(1.031909634081E+03,1.208589645161E+03,
    -6.034804852385));
#3716 = CARTESIAN_POINT('',(1.037779900393E+03,1.208098233023E+03,
    -5.796620342874));
#3717 = CARTESIAN_POINT('',(1.042153126127E+03,1.207702882651E+03,
    -5.596760902483));
#3718 = CARTESIAN_POINT('',(1.048032106299E+03,1.207197063927E+03,
    -5.353126820589));
#3719 = CARTESIAN_POINT('',(1.052327596813E+03,1.206796466848E+03,
    -5.151380989374));
#3720 = CARTESIAN_POINT('',(1.058221443722E+03,1.206274197732E+03,
    -4.901490111433));
#3721 = CARTESIAN_POINT('',(1.062432338214E+03,1.205867816265E+03,
    -4.69766363725));
#3722 = CARTESIAN_POINT('',(1.06834712264E+03,1.205326214964E+03,
    -4.440443182282));
#3723 = CARTESIAN_POINT('',(1.072465727479E+03,1.204913237094E+03,
    -4.23429818419));
#3724 = CARTESIAN_POINT('',(1.078408586479E+03,1.204348965891E+03,
    -3.968613601018));
#3725 = CARTESIAN_POINT('',(1.082426620995E+03,1.203928956802E+03,
    -3.760098319157));
#3726 = CARTESIAN_POINT('',(1.088400883577E+03,1.203339304381E+03,
    -3.485090221247));
#3727 = CARTESIAN_POINT('',(1.092304824458E+03,1.202912865133E+03,
    -3.274583390811));
#3728 = CARTESIAN_POINT('',(1.097808791268E+03,1.202340004631E+03,
    -3.007025039234));
#3729 = CARTESIAN_POINT('',(1.101100447926E+03,1.201953180809E+03,
    -2.812587135048));
#3730 = CARTESIAN_POINT('',(1.105722714513E+03,1.201441760736E+03,
    -2.569798497085));
#3731 = CARTESIAN_POINT('',(1.108495366853E+03,1.201092968657E+03,
    -2.390623307013));
#3732 = CARTESIAN_POINT('',(1.112384316039E+03,1.200638464542E+03,
    -2.170520179885));
#3733 = CARTESIAN_POINT('',(1.114718022635E+03,1.200325307054E+03,
    -2.005475889578));
#3734 = CARTESIAN_POINT('',(1.117965473158E+03,1.199925396654E+03,
    -1.80694314421));
#3735 = CARTESIAN_POINT('',(1.119604827587E+03,1.199675200532E+03,
    -1.666482305408));
#3736 = CARTESIAN_POINT('',(1.120893307072E+03,1.199457700016E+03,
    -1.53871483677));
#3737 = CARTESIAN_POINT('',(917.14202703154,1.217737320062E+03,
    -5.117820549383));
#3738 = CARTESIAN_POINT('',(917.92785755434,1.217658523149E+03,
    -5.073620398918));
#3739 = CARTESIAN_POINT('',(921.34707968858,1.21750886462E+03,
    -5.015408398871));
#3740 = CARTESIAN_POINT('',(925.86305584116,1.217299009279E+03,
    -4.948629713959));
#3741 = CARTESIAN_POINT('',(932.1180018739,1.217006018494E+03,
    -4.867713465565));
#3742 = CARTESIAN_POINT('',(936.88077888073,1.216756530314E+03,
    -4.793691603888));
#3743 = CARTESIAN_POINT('',(943.03414473407,1.216431202609E+03,
    -4.706398258339));
#3744 = CARTESIAN_POINT('',(947.80306413469,1.216148451657E+03,
    -4.6271546258));
#3745 = CARTESIAN_POINT('',(953.87225787041,1.215785377003E+03,
    -4.534197227252));
#3746 = CARTESIAN_POINT('',(958.63259198839,1.215473355669E+03,
    -4.450300091997));
#3747 = CARTESIAN_POINT('',(964.63401462835,1.215078459541E+03,
    -4.352350722024));
#3748 = CARTESIAN_POINT('',(969.37313889302,1.214740822027E+03,
    -4.264512791838));
#3749 = CARTESIAN_POINT('',(975.32191901309,1.214317257033E+03,
    -4.162230138662));
#3750 = CARTESIAN_POINT('',(980.02917581297,1.213958105046E+03,
    -4.071140884264));
#3751 = CARTESIAN_POINT('',(985.93856109691,1.213509609969E+03,
    -3.965118483567));
#3752 = CARTESIAN_POINT('',(990.60477194071,1.213132924936E+03,
    -3.871436481746));
#3753 = CARTESIAN_POINT('',(996.48592375555,1.21266276409E+03,
    -3.762201503393));
#3754 = CARTESIAN_POINT('',(1.001103308999E+03,1.212272289666E+03,
    -3.666517213979));
#3755 = CARTESIAN_POINT('',(1.006965933844E+03,1.2117832724E+03,
    -3.554482823782));
#3756 = CARTESIAN_POINT('',(1.011528194618E+03,1.211382119399E+03,
    -3.457266131067));
#3757 = CARTESIAN_POINT('',(1.017380481271E+03,1.210876221742E+03,
    -3.342701568283));
#3758 = CARTESIAN_POINT('',(1.021881754393E+03,1.21046674988E+03,
    -3.244295666158));
#3759 = CARTESIAN_POINT('',(1.027730800597E+03,1.2099449955E+03,
    -3.127317818487));
#3760 = CARTESIAN_POINT('',(1.03216601065E+03,1.209528739818E+03,
    -3.027930820472));
#3761 = CARTESIAN_POINT('',(1.038017857468E+03,1.208991049374E+03,
    -2.908471511796));
#3762 = CARTESIAN_POINT('',(1.042381177674E+03,1.208568633048E+03,
    -2.80817473768));
#3763 = CARTESIAN_POINT('',(1.048241652025E+03,1.2080136547E+03,
    -2.685990642812));
#3764 = CARTESIAN_POINT('',(1.052527651994E+03,1.207584942327E+03,
    -2.584750673284));
#3765 = CARTESIAN_POINT('',(1.058402866754E+03,1.207010223509E+03,
    -2.459438180392));
#3766 = CARTESIAN_POINT('',(1.062604720595E+03,1.20657456987E+03,
    -2.35715788938));
#3767 = CARTESIAN_POINT('',(1.068500701519E+03,1.20597665243E+03,
    -2.228180607976));
#3768 = CARTESIAN_POINT('',(1.07261075065E+03,1.205533083108E+03,
    -2.124741055009));
#3769 = CARTESIAN_POINT('',(1.078534575415E+03,1.204907961785E+03,
    -1.991531709502));
#3770 = CARTESIAN_POINT('',(1.082544575138E+03,1.204455955E+03,
    -1.886907014651));
#3771 = CARTESIAN_POINT('',(1.088499532014E+03,1.203800376216E+03,
    -1.749035911775));
#3772 = CARTESIAN_POINT('',(1.092396023757E+03,1.203340653239E+03,
    -1.643415442636));
#3773 = CARTESIAN_POINT('',(1.097883280873E+03,1.202705224759E+03,
    -1.509269212927));
#3774 = CARTESIAN_POINT('',(1.10117094708E+03,1.202293040294E+03,
    -1.411683206914));
#3775 = CARTESIAN_POINT('',(1.105781500146E+03,1.201731340327E+03,
    -1.289921834011));
#3776 = CARTESIAN_POINT('',(1.10855311003E+03,1.201364793953E+03,
    -1.199967185055));
#3777 = CARTESIAN_POINT('',(1.112434527137E+03,1.200871393137E+03,
    -1.08954856757));
#3778 = CARTESIAN_POINT('',(1.114769702178E+03,1.200547608272E+03,
    -1.006659368495));
#3779 = CARTESIAN_POINT('',(1.118013301856E+03,1.200119719914E+03,
    -0.907025941891));
#3780 = CARTESIAN_POINT('',(1.119658138985E+03,1.199871488688E+03,
    -0.836428468569));
#3781 = CARTESIAN_POINT('',(1.120954137032E+03,1.199662492191E+03,
    -0.772177680353));
#3782 = CARTESIAN_POINT('',(917.14202703154,1.217737320062E+03,-5.33E-15
    ));
#3783 = CARTESIAN_POINT('',(917.94994429093,1.217713855587E+03,0.));
#3784 = CARTESIAN_POINT('',(921.37637388374,1.217607719227E+03,0.));
#3785 = CARTESIAN_POINT('',(925.89328567155,1.217431353253E+03,0.));
#3786 = CARTESIAN_POINT('',(932.13930300084,1.217157995928E+03,0.));
#3787 = CARTESIAN_POINT('',(936.90163178675,1.216935391641E+03,0.));
#3788 = CARTESIAN_POINT('',(943.04667014555,1.21662430791E+03,0.));
#3789 = CARTESIAN_POINT('',(947.81508657392,1.216362897056E+03,0.));
#3790 = CARTESIAN_POINT('',(953.87639357907,1.216007775216E+03,0.));
#3791 = CARTESIAN_POINT('',(958.63624906362,1.215712215584E+03,0.));
#3792 = CARTESIAN_POINT('',(964.63013397275,1.215319968692E+03,0.));
#3793 = CARTESIAN_POINT('',(969.36886601999,1.214994523516E+03,0.));
#3794 = CARTESIAN_POINT('',(975.31036066308,1.214568829613E+03,0.));
#3795 = CARTESIAN_POINT('',(980.01736786221,1.214218284219E+03,0.));
#3796 = CARTESIAN_POINT('',(985.91964172474,1.213763505219E+03,0.));
#3797 = CARTESIAN_POINT('',(990.58579616258,1.213392504605E+03,0.));
#3798 = CARTESIAN_POINT('',(996.45994638506,1.212912448875E+03,0.));
#3799 = CARTESIAN_POINT('',(1.001077514429E+03,1.212525360637E+03,0.));
#3800 = CARTESIAN_POINT('',(1.006933195478E+03,1.212023305751E+03,0.));
#3801 = CARTESIAN_POINT('',(1.011495918031E+03,1.211623759173E+03,0.));
#3802 = CARTESIAN_POINT('',(1.017341276566E+03,1.211102010498E+03,0.));
#3803 = CARTESIAN_POINT('',(1.021843328221E+03,1.210692758582E+03,0.));
#3804 = CARTESIAN_POINT('',(1.027685425499E+03,1.210152510395E+03,0.));
#3805 = CARTESIAN_POINT('',(1.032121763839E+03,1.209735344023E+03,0.));
#3806 = CARTESIAN_POINT('',(1.037966609896E+03,1.209176503762E+03,0.));
#3807 = CARTESIAN_POINT('',(1.04233144331E+03,1.208752149973E+03,0.));
#3808 = CARTESIAN_POINT('',(1.048184830573E+03,1.208173140491E+03,0.));
#3809 = CARTESIAN_POINT('',(1.052472758731E+03,1.207741441312E+03,0.));
#3810 = CARTESIAN_POINT('',(1.058340760077E+03,1.207139401282E+03,0.));
#3811 = CARTESIAN_POINT('',(1.062544992002E+03,1.20669960396E+03,0.));
#3812 = CARTESIAN_POINT('',(1.068433588159E+03,1.206070498871E+03,0.));
#3813 = CARTESIAN_POINT('',(1.072546500315E+03,1.205621466585E+03,0.));
#3814 = CARTESIAN_POINT('',(1.078462709578E+03,1.204960623632E+03,0.));
#3815 = CARTESIAN_POINT('',(1.082476093244E+03,1.20450174764E+03,0.));
#3816 = CARTESIAN_POINT('',(1.088423163147E+03,1.203805370983E+03,0.));
#3817 = CARTESIAN_POINT('',(1.092323624487E+03,1.203337492766E+03,0.));
#3818 = CARTESIAN_POINT('',(1.097805590643E+03,1.202664624797E+03,0.));
#3819 = CARTESIAN_POINT('',(1.101100685134E+03,1.202252208178E+03,0.));
#3820 = CARTESIAN_POINT('',(1.105710943413E+03,1.201665356807E+03,0.));
#3821 = CARTESIAN_POINT('',(1.108492929576E+03,1.201306184628E+03,0.));
#3822 = CARTESIAN_POINT('',(1.112378233338E+03,1.2007990156E+03,0.));
#3823 = CARTESIAN_POINT('',(1.114726295557E+03,1.200489731848E+03,0.));
#3824 = CARTESIAN_POINT('',(1.117977463126E+03,1.20005899402E+03,0.));
#3825 = CARTESIAN_POINT('',(1.119639201689E+03,1.199837856181E+03,0.));
#3826 = CARTESIAN_POINT('',(1.120954137032E+03,1.199662492191E+03,
    -4.831624E-11));
#3827 = SHELL_BASED_SURFACE_MODEL('',(#3828));
#3828 = OPEN_SHELL('',(#3829));
#3829 = ADVANCED_FACE('',(#3830),#3916,.T.);
#3830 = FACE_BOUND('',#3831,.T.);
#3831 = EDGE_LOOP('',(#3832,#3863,#3876,#3905));
#3832 = ORIENTED_EDGE('',*,*,#3833,.F.);
#3833 = EDGE_CURVE('',#3834,#3836,#3838,.T.);
#3834 = VERTEX_POINT('',#3835);
#3835 = CARTESIAN_POINT('',(1.119955367109E+03,1.1963E+03,
    -3.246047538501));
#3836 = VERTEX_POINT('',#3837);
#3837 = CARTESIAN_POINT('',(1.143599927032E+03,1.1963E+03,-0.31939622216
    ));
#3838 = B_SPLINE_CURVE_WITH_KNOTS('',3,(#3839,#3840,#3841,#3842,#3843,
    #3844,#3845,#3846,#3847,#3848,#3849,#3850,#3851,#3852,#3853,#3854,
    #3855,#3856,#3857,#3858,#3859,#3860,#3861,#3862),.UNSPECIFIED.,.F.,
  .F.,(4,1,1,1,1,1,1,1,1,1,1,1,1,1,1,1,1,1,1,1,1,4),(0.,
    9.118144485279E-02,1.005198804449,4.589407196675,5.348549240341,
    8.393224874754,9.021342330577,11.610697254597,12.128022184809,
    14.333365368409,14.756946175591,16.637495498576,16.981727828545,
    18.588208442475,18.865290375602,20.239636611514,20.459844987921,
    21.638053301796,21.810092588284,22.82233886937,22.953568895414,
    23.824997419815),.UNSPECIFIED.);
#3839 = CARTESIAN_POINT('',(1.119955367109E+03,1.1963E+03,
    -3.246047538501));
#3840 = CARTESIAN_POINT('',(1.119985531317E+03,1.1963E+03,
    -3.242318659257));
#3841 = CARTESIAN_POINT('',(1.120318066199E+03,1.1963E+03,
    -3.201209574258));
#3842 = CARTESIAN_POINT('',(1.121836301367E+03,1.1963E+03,
    -3.013440184087));
#3843 = CARTESIAN_POINT('',(1.123575469203E+03,1.1963E+03,
    -2.798040348438));
#3844 = CARTESIAN_POINT('',(1.126019487899E+03,1.1963E+03,
    -2.495480349663));
#3845 = CARTESIAN_POINT('',(1.127485614053E+03,1.1963E+03,
    -2.314030673759));
#3846 = CARTESIAN_POINT('',(1.129557186431E+03,1.1963E+03,
    -2.057604667702));
#3847 = CARTESIAN_POINT('',(1.13079268775E+03,1.1963E+03,-1.90465610245)
  );
#3848 = CARTESIAN_POINT('',(1.132549952427E+03,1.1963E+03,
    -1.687150939447));
#3849 = CARTESIAN_POINT('',(1.133590761212E+03,1.1963E+03,
    -1.558337581181));
#3850 = CARTESIAN_POINT('',(1.135082535594E+03,1.1963E+03,
    -1.373696098644));
#3851 = CARTESIAN_POINT('',(1.135958637279E+03,1.1963E+03,
    -1.265254477301));
#3852 = CARTESIAN_POINT('',(1.137226055097E+03,1.1963E+03,
    -1.108396717775));
#3853 = CARTESIAN_POINT('',(1.137963031505E+03,1.1963E+03,
    -1.017193654004));
#3854 = CARTESIAN_POINT('',(1.139040777741E+03,1.1963E+03,
    -0.883803208721));
#3855 = CARTESIAN_POINT('',(1.139659931427E+03,1.1963E+03,
    -0.807164250397));
#3856 = CARTESIAN_POINT('',(1.140577184712E+03,1.1963E+03,
    -0.693619370402));
#3857 = CARTESIAN_POINT('',(1.141096704598E+03,1.1963E+03,
    -0.629307837219));
#3858 = CARTESIAN_POINT('',(1.141878239146E+03,1.1963E+03,
    -0.532577343635));
#3859 = CARTESIAN_POINT('',(1.14231342416E+03,1.1963E+03,-0.478718153205
    ));
#3860 = CARTESIAN_POINT('',(1.142979970023E+03,1.1963E+03,
    -0.396194762367));
#3861 = CARTESIAN_POINT('',(1.143311655348E+03,1.1963E+03,
    -0.355115200957));
#3862 = CARTESIAN_POINT('',(1.143599927032E+03,1.1963E+03,-0.31939622216
    ));
#3863 = ORIENTED_EDGE('',*,*,#3864,.T.);
#3864 = EDGE_CURVE('',#3834,#3865,#3867,.T.);
#3865 = VERTEX_POINT('',#3866);
#3866 = CARTESIAN_POINT('',(1.120954137032E+03,1.199662492191E+03,
    -4.8316E-11));
#3867 = B_SPLINE_CURVE_WITH_KNOTS('',7,(#3868,#3869,#3870,#3871,#3872,
    #3873,#3874,#3875),.UNSPECIFIED.,.F.,.F.,(8,8),(0.,1.),
  .PIECEWISE_BEZIER_KNOTS.);
#3868 = CARTESIAN_POINT('',(1.119955367109E+03,1.1963E+03,
    -3.246047538501));
#3869 = CARTESIAN_POINT('',(1.120174575809E+03,1.197037995333E+03,
    -3.305787003441));
#3870 = CARTESIAN_POINT('',(1.120396889361E+03,1.197786443565E+03,
    -3.152094907592));
#3871 = CARTESIAN_POINT('',(1.120602737335E+03,1.198479458232E+03,
    -2.785226423051));
#3872 = CARTESIAN_POINT('',(1.120773233656E+03,1.199053456844E+03,
    -2.231105647477));
#3873 = CARTESIAN_POINT('',(1.120893307072E+03,1.199457700016E+03,
    -1.53871483677));
#3874 = CARTESIAN_POINT('',(1.120954137032E+03,1.199662492191E+03,
    -0.772177680353));
#3875 = CARTESIAN_POINT('',(1.120954137032E+03,1.199662492191E+03,
    -4.831624E-11));
#3876 = ORIENTED_EDGE('',*,*,#3877,.T.);
#3877 = EDGE_CURVE('',#3865,#3878,#3880,.T.);
#3878 = VERTEX_POINT('',#3879);
#3879 = CARTESIAN_POINT('',(1.143690329025E+03,1.196619396222E+03,0.));
#3880 = B_SPLINE_CURVE_WITH_KNOTS('',3,(#3881,#3882,#3883,#3884,#3885,
    #3886,#3887,#3888,#3889,#3890,#3891,#3892,#3893,#3894,#3895,#3896,
    #3897,#3898,#3899,#3900,#3901,#3902,#3903,#3904),.UNSPECIFIED.,.F.,
  .F.,(4,1,1,1,1,1,1,1,1,1,1,1,1,1,1,1,1,1,1,1,1,4),(0.,
    9.118144485279E-02,1.005198804449,4.589407196675,5.348549240341,
    8.393224874754,9.021342330577,11.610697254597,12.128022184809,
    14.333365368409,14.756946175591,16.637495498576,16.981727828545,
    18.588208442475,18.865290375602,20.239636611514,20.459844987921,
    21.638053301796,21.810092588284,22.82233886937,22.953568895414,
    23.824997419815),.UNSPECIFIED.);
#3881 = CARTESIAN_POINT('',(1.120954137032E+03,1.199662492191E+03,
    -4.831624E-11));
#3882 = CARTESIAN_POINT('',(1.120983145307E+03,1.19965863516E+03,0.));
#3883 = CARTESIAN_POINT('',(1.12130293688E+03,1.199616112471E+03,0.));
#3884 = CARTESIAN_POINT('',(1.122762985619E+03,1.199421859552E+03,0.));
#3885 = CARTESIAN_POINT('',(1.124435465893E+03,1.199198810297E+03,0.));
#3886 = CARTESIAN_POINT('',(1.126785756397E+03,1.198885385376E+03,0.));
#3887 = CARTESIAN_POINT('',(1.12819566279E+03,1.198697459441E+03,0.));
#3888 = CARTESIAN_POINT('',(1.130187801896E+03,1.198431908414E+03,0.));
#3889 = CARTESIAN_POINT('',(1.131375926887E+03,1.198273506014E+03,0.));
#3890 = CARTESIAN_POINT('',(1.133065806087E+03,1.198048227867E+03,0.));
#3891 = CARTESIAN_POINT('',(1.134066703688E+03,1.197914813406E+03,0.));
#3892 = CARTESIAN_POINT('',(1.135501277653E+03,1.197723604783E+03,0.));
#3893 = CARTESIAN_POINT('',(1.136343787504E+03,1.19761131567E+03,0.));
#3894 = CARTESIAN_POINT('',(1.137562599771E+03,1.197448820879E+03,0.));
#3895 = CARTESIAN_POINT('',(1.138271307777E+03,1.197354302015E+03,0.));
#3896 = CARTESIAN_POINT('',(1.139307743812E+03,1.197216271475E+03,0.));
#3897 = CARTESIAN_POINT('',(1.139903182809E+03,1.197137092194E+03,0.));
#3898 = CARTESIAN_POINT('',(1.140785216578E+03,1.197019166656E+03,0.));
#3899 = CARTESIAN_POINT('',(1.141284736188E+03,1.196952002019E+03,0.));
#3900 = CARTESIAN_POINT('',(1.14203644254E+03,1.196852815718E+03,0.));
#3901 = CARTESIAN_POINT('',(1.142455169238E+03,1.196798660643E+03,0.));
#3902 = CARTESIAN_POINT('',(1.14309573046E+03,1.196710177656E+03,0.));
#3903 = CARTESIAN_POINT('',(1.143414089881E+03,1.196663327726E+03,0.));
#3904 = CARTESIAN_POINT('',(1.143690329025E+03,1.196619396222E+03,
    -4.E-17));
#3905 = ORIENTED_EDGE('',*,*,#3906,.F.);
#3906 = EDGE_CURVE('',#3836,#3878,#3907,.T.);
#3907 = B_SPLINE_CURVE_WITH_KNOTS('',7,(#3908,#3909,#3910,#3911,#3912,
    #3913,#3914,#3915),.UNSPECIFIED.,.F.,.F.,(8,8),(0.,1.),
  .PIECEWISE_BEZIER_KNOTS.);
#3908 = CARTESIAN_POINT('',(1.143599927032E+03,1.1963E+03,-0.31939622216
    ));
#3909 = CARTESIAN_POINT('',(1.143620063203E+03,1.196371142425E+03,
    -0.322245895866));
#3910 = CARTESIAN_POINT('',(1.143640268866E+03,1.19644253037E+03,
    -0.305109721043));
#3911 = CARTESIAN_POINT('',(1.143658836681E+03,1.196508131687E+03,
    -0.268242338496));
#3912 = CARTESIAN_POINT('',(1.143674139234E+03,1.196562196618E+03,
    -0.214177407227));
#3913 = CARTESIAN_POINT('',(1.14368488741E+03,1.196600170637E+03,
    -0.14746945439));
#3914 = CARTESIAN_POINT('',(1.143690329025E+03,1.196619396222E+03,
    -7.399209861588E-02));
#3915 = CARTESIAN_POINT('',(1.143690329025E+03,1.196619396222E+03,
    -4.E-17));
#3916 = B_SPLINE_SURFACE_WITH_KNOTS('',7,3,(
    (#3917,#3918,#3919,#3920,#3921,#3922,#3923,#3924,#3925,#3926,#3927
      ,#3928,#3929,#3930,#3931,#3932,#3933,#3934,#3935,#3936,#3937,#3938
      ,#3939,#3940)
    ,(#3941,#3942,#3943,#3944,#3945,#3946,#3947,#3948,#3949,#3950,#3951
      ,#3952,#3953,#3954,#3955,#3956,#3957,#3958,#3959,#3960,#3961,#3962
      ,#3963,#3964)
    ,(#3965,#3966,#3967,#3968,#3969,#3970,#3971,#3972,#3973,#3974,#3975
      ,#3976,#3977,#3978,#3979,#3980,#3981,#3982,#3983,#3984,#3985,#3986
      ,#3987,#3988)
    ,(#3989,#3990,#3991,#3992,#3993,#3994,#3995,#3996,#3997,#3998,#3999
      ,#4000,#4001,#4002,#4003,#4004,#4005,#4006,#4007,#4008,#4009,#4010
      ,#4011,#4012)
    ,(#4013,#4014,#4015,#4016,#4017,#4018,#4019,#4020,#4021,#4022,#4023
      ,#4024,#4025,#4026,#4027,#4028,#4029,#4030,#4031,#4032,#4033,#4034
      ,#4035,#4036)
    ,(#4037,#4038,#4039,#4040,#4041,#4042,#4043,#4044,#4045,#4046,#4047
      ,#4048,#4049,#4050,#4051,#4052,#4053,#4054,#4055,#4056,#4057,#4058
      ,#4059,#4060)
    ,(#4061,#4062,#4063,#4064,#4065,#4066,#4067,#4068,#4069,#4070,#4071
      ,#4072,#4073,#4074,#4075,#4076,#4077,#4078,#4079,#4080,#4081,#4082
      ,#4083,#4084)
    ,(#4085,#4086,#4087,#4088,#4089,#4090,#4091,#4092,#4093,#4094,#4095
      ,#4096,#4097,#4098,#4099,#4100,#4101,#4102,#4103,#4104,#4105,#4106
      ,#4107,#4108
    )),.UNSPECIFIED.,.F.,.F.,.F.,(8,8),(4,1,1,1,1,1,1,1,1,1,1,1,1,1,1,1,
    1,1,1,1,1,4),(0.,1.),(0.,9.118144485279E-02,1.005198804449,
    4.589407196675,5.348549240341,8.393224874754,9.021342330577,
    11.610697254597,12.128022184809,14.333365368409,14.756946175591,
    16.637495498576,16.981727828545,18.588208442475,18.865290375602,
    20.239636611514,20.459844987921,21.638053301796,21.810092588284,
    22.82233886937,22.953568895414,23.824997419815),.UNSPECIFIED.);
#3917 = CARTESIAN_POINT('',(1.119955367109E+03,1.1963E+03,
    -3.246047538501));
#3918 = CARTESIAN_POINT('',(1.119985531317E+03,1.1963E+03,
    -3.242318659257));
#3919 = CARTESIAN_POINT('',(1.120318066199E+03,1.1963E+03,
    -3.201209574258));
#3920 = CARTESIAN_POINT('',(1.121836301367E+03,1.1963E+03,
    -3.013440184087));
#3921 = CARTESIAN_POINT('',(1.123575469203E+03,1.1963E+03,
    -2.798040348438));
#3922 = CARTESIAN_POINT('',(1.126019487899E+03,1.1963E+03,
    -2.495480349663));
#3923 = CARTESIAN_POINT('',(1.127485614053E+03,1.1963E+03,
    -2.314030673759));
#3924 = CARTESIAN_POINT('',(1.129557186431E+03,1.1963E+03,
    -2.057604667702));
#3925 = CARTESIAN_POINT('',(1.13079268775E+03,1.1963E+03,-1.90465610245)
  );
#3926 = CARTESIAN_POINT('',(1.132549952427E+03,1.1963E+03,
    -1.687150939447));
#3927 = CARTESIAN_POINT('',(1.133590761212E+03,1.1963E+03,
    -1.558337581181));
#3928 = CARTESIAN_POINT('',(1.135082535594E+03,1.1963E+03,
    -1.373696098644));
#3929 = CARTESIAN_POINT('',(1.135958637279E+03,1.1963E+03,
    -1.265254477301));
#3930 = CARTESIAN_POINT('',(1.137226055097E+03,1.1963E+03,
    -1.108396717775));
#3931 = CARTESIAN_POINT('',(1.137963031505E+03,1.1963E+03,
    -1.017193654004));
#3932 = CARTESIAN_POINT('',(1.139040777741E+03,1.1963E+03,
    -0.883803208721));
#3933 = CARTESIAN_POINT('',(1.139659931427E+03,1.1963E+03,
    -0.807164250397));
#3934 = CARTESIAN_POINT('',(1.140577184712E+03,1.1963E+03,
    -0.693619370402));
#3935 = CARTESIAN_POINT('',(1.141096704598E+03,1.1963E+03,
    -0.629307837219));
#3936 = CARTESIAN_POINT('',(1.141878239146E+03,1.1963E+03,
    -0.532577343635));
#3937 = CARTESIAN_POINT('',(1.14231342416E+03,1.1963E+03,-0.478718153205
    ));
#3938 = CARTESIAN_POINT('',(1.142979970023E+03,1.1963E+03,
    -0.396194762367));
#3939 = CARTESIAN_POINT('',(1.143311655348E+03,1.1963E+03,
    -0.355115200957));
#3940 = CARTESIAN_POINT('',(1.143599927032E+03,1.1963E+03,-0.31939622216
    ));
#3941 = CARTESIAN_POINT('',(1.120174575809E+03,1.197037995333E+03,
    -3.305787003441));
#3942 = CARTESIAN_POINT('',(1.120201561594E+03,1.197027351941E+03,
    -3.281939393561));
#3943 = CARTESIAN_POINT('',(1.120529262712E+03,1.197011184884E+03,
    -3.226051607319));
#3944 = CARTESIAN_POINT('',(1.122036172242E+03,1.19697334208E+03,
    -3.044454988073));
#3945 = CARTESIAN_POINT('',(1.123762799994E+03,1.196931385513E+03,
    -2.839175129847));
#3946 = CARTESIAN_POINT('',(1.126190415657E+03,1.196876518137E+03,
    -2.559186560369));
#3947 = CARTESIAN_POINT('',(1.127645497126E+03,1.196839579187E+03,
    -2.383006839067));
#3948 = CARTESIAN_POINT('',(1.129702708603E+03,1.196791550938E+03,
    -2.142561691918));
#3949 = CARTESIAN_POINT('',(1.130928428585E+03,1.196758829637E+03,
    -1.990811494031));
#3950 = CARTESIAN_POINT('',(1.132673053475E+03,1.196716554657E+03,
    -1.783727069501));
#3951 = CARTESIAN_POINT('',(1.133705147371E+03,1.19668740306E+03,
    -1.652664191888));
#3952 = CARTESIAN_POINT('',(1.135185736975E+03,1.196649995155E+03,
    -1.473748636329));
#3953 = CARTESIAN_POINT('',(1.136054026536E+03,1.196623861466E+03,
    -1.360147247507));
#3954 = CARTESIAN_POINT('',(1.137311487414E+03,1.196590555537E+03,
    -1.205046311671));
#3955 = CARTESIAN_POINT('',(1.138041412188E+03,1.196566960454E+03,
    -1.10622082934));
#3956 = CARTESIAN_POINT('',(1.139110243676E+03,1.196537149418E+03,
    -0.971234734284));
#3957 = CARTESIAN_POINT('',(1.139722996259E+03,1.196515745705E+03,
    -0.884892770906));
#3958 = CARTESIAN_POINT('',(1.140632204893E+03,1.196488806812E+03,
    -0.766917160383));
#3959 = CARTESIAN_POINT('',(1.141145854307E+03,1.196469119476E+03,
    -0.691141561412));
#3960 = CARTESIAN_POINT('',(1.141920114394E+03,1.196444857617E+03,
    -0.587578282098));
#3961 = CARTESIAN_POINT('',(1.142349934929E+03,1.19642702879E+03,
    -0.520761834059));
#3962 = CARTESIAN_POINT('',(1.14300975541E+03,1.196404295976E+03,
    -0.429376071385));
#3963 = CARTESIAN_POINT('',(1.143336523744E+03,1.196387510742E+03,
    -0.373513591077));
#3964 = CARTESIAN_POINT('',(1.143620063203E+03,1.196371142425E+03,
    -0.322245895866));
#3965 = CARTESIAN_POINT('',(1.120396889361E+03,1.197786443565E+03,
    -3.152094907592));
#3966 = CARTESIAN_POINT('',(1.12042056475E+03,1.197764712982E+03,
    -3.116539250218));
#3967 = CARTESIAN_POINT('',(1.120743300132E+03,1.197731935068E+03,
    -3.054283445876));
#3968 = CARTESIAN_POINT('',(1.122238752053E+03,1.19765580566E+03,
    -2.887270280697));
#3969 = CARTESIAN_POINT('',(1.123952707747E+03,1.197571448728E+03,
    -2.700521083034));
#3970 = CARTESIAN_POINT('',(1.126363788406E+03,1.197461270176E+03,
    -2.451514625996));
#3971 = CARTESIAN_POINT('',(1.127807693218E+03,1.197386948478E+03,
    -2.289015542436));
#3972 = CARTESIAN_POINT('',(1.129850411823E+03,1.197290448182E+03,
    -2.072961937339));
#3973 = CARTESIAN_POINT('',(1.131066218495E+03,1.197224561779E+03,
    -1.930820789959));
#3974 = CARTESIAN_POINT('',(1.132798071625E+03,1.19713956802E+03,
    -1.742567787043));
#3975 = CARTESIAN_POINT('',(1.133821318661E+03,1.197080821029E+03,
    -1.617666073224));
#3976 = CARTESIAN_POINT('',(1.135290591514E+03,1.197005561419E+03,
    -1.452887127784));
#3977 = CARTESIAN_POINT('',(1.136150936979E+03,1.196952850242E+03,
    -1.342536654626));
#3978 = CARTESIAN_POINT('',(1.137398308944E+03,1.196885794584E+03,
    -1.197603225622));
#3979 = CARTESIAN_POINT('',(1.138121050112E+03,1.196838160621E+03,
    -1.099566007871));
#3980 = CARTESIAN_POINT('',(1.13918083488E+03,1.19677809475E+03,
    -0.971394946184));
#3981 = CARTESIAN_POINT('',(1.139787054388E+03,1.196734843524E+03,
    -0.883760660895));
#3982 = CARTESIAN_POINT('',(1.140688086401E+03,1.196680521939E+03,
    -0.769765002985));
#3983 = CARTESIAN_POINT('',(1.141195733369E+03,1.196640703469E+03,
    -0.690936021369));
#3984 = CARTESIAN_POINT('',(1.141962587022E+03,1.196591735951E+03,
    -0.588950639466));
#3985 = CARTESIAN_POINT('',(1.142386911107E+03,1.196555634499E+03,
    -0.51758761696));
#3986 = CARTESIAN_POINT('',(1.143039874234E+03,1.196509725071E+03,
    -0.42575016559));
#3987 = CARTESIAN_POINT('',(1.143361593605E+03,1.196475710803E+03,
    -0.363515449526));
#3988 = CARTESIAN_POINT('',(1.143640268866E+03,1.19644253037E+03,
    -0.305109721043));
#3989 = CARTESIAN_POINT('',(1.120602737335E+03,1.198479458232E+03,
    -2.785226423051));
#3990 = CARTESIAN_POINT('',(1.120623747012E+03,1.198448799021E+03,
    -2.746373378225));
#3991 = CARTESIAN_POINT('',(1.120942161343E+03,1.198401568813E+03,
    -2.686160215825));
#3992 = CARTESIAN_POINT('',(1.122426800338E+03,1.198289311364E+03,
    -2.542141164755));
#3993 = CARTESIAN_POINT('',(1.124128728659E+03,1.198164712628E+03,
    -2.382333287698));
#3994 = CARTESIAN_POINT('',(1.126523918997E+03,1.198001381464E+03,
    -2.17271960314));
#3995 = CARTESIAN_POINT('',(1.127957291836E+03,1.197891835579E+03,
    -2.032311817366));
#3996 = CARTESIAN_POINT('',(1.129986162251E+03,1.197749021797E+03,
    -1.849060414361));
#3997 = CARTESIAN_POINT('',(1.131192700298E+03,1.197652128856E+03,
    -1.72493897753));
#3998 = CARTESIAN_POINT('',(1.132912426352E+03,1.197526574881E+03,
    -1.56392805627));
#3999 = CARTESIAN_POINT('',(1.133927471212E+03,1.197440391057E+03,
    -1.453598166289));
#4000 = CARTESIAN_POINT('',(1.135386071998E+03,1.197329438306E+03,
    -1.31136649101));
#4001 = CARTESIAN_POINT('',(1.136239118051E+03,1.197252308202E+03,
    -1.212677593556));
#4002 = CARTESIAN_POINT('',(1.137477045787E+03,1.197153661379E+03,
    -1.086322331426));
#4003 = CARTESIAN_POINT('',(1.138193248033E+03,1.197084147096E+03,
    -0.997484038299));
#4004 = CARTESIAN_POINT('',(1.139244630765E+03,1.196995984952E+03,
    -0.884538670023));
#4005 = CARTESIAN_POINT('',(1.139844961881E+03,1.196933044777E+03,
    -0.804022722865));
#4006 = CARTESIAN_POINT('',(1.140738461956E+03,1.196853499062E+03,
    -0.70241767761));
#4007 = CARTESIAN_POINT('',(1.141240751163E+03,1.19679570802E+03,
    -0.62894597339));
#4008 = CARTESIAN_POINT('',(1.142000843066E+03,1.196724193407E+03,
    -0.536949148942));
#4009 = CARTESIAN_POINT('',(1.142420315385E+03,1.196671977891E+03,
    -0.469450212009));
#4010 = CARTESIAN_POINT('',(1.143067065841E+03,1.196605050412E+03,
    -0.385571731987));
#4011 = CARTESIAN_POINT('',(1.143384380932E+03,1.196555965673E+03,
    -0.325375440209));
#4012 = CARTESIAN_POINT('',(1.143658836681E+03,1.196508131687E+03,
    -0.268242338496));
#4013 = CARTESIAN_POINT('',(1.120773233656E+03,1.199053456844E+03,
    -2.231105647477));
#4014 = CARTESIAN_POINT('',(1.120792972681E+03,1.199018542033E+03,
    -2.196348899647));
#4015 = CARTESIAN_POINT('',(1.121108461021E+03,1.19896153256E+03,
    -2.145572063637));
#4016 = CARTESIAN_POINT('',(1.122583682151E+03,1.198817820099E+03,
    -2.031940811124));
#4017 = CARTESIAN_POINT('',(1.124274978159E+03,1.198657652589E+03,
    -1.906467939121));
#4018 = CARTESIAN_POINT('',(1.126655673238E+03,1.198445841841E+03,
    -1.743640711493));
#4019 = CARTESIAN_POINT('',(1.128079909164E+03,1.198305744799E+03,
    -1.632717907952));
#4020 = CARTESIAN_POINT('',(1.13009632645E+03,1.198121290562E+03,
    -1.489662391488));
#4021 = CARTESIAN_POINT('',(1.131294990932E+03,1.197998064111E+03,
    -1.390954349655));
#4022 = CARTESIAN_POINT('',(1.133003984971E+03,1.197836622948E+03,
    -1.2645791945));
#4023 = CARTESIAN_POINT('',(1.134012222715E+03,1.19772767532E+03,
    -1.176214812804));
#4024 = CARTESIAN_POINT('',(1.135461546495E+03,1.197585702457E+03,
    -1.063924092134));
#4025 = CARTESIAN_POINT('',(1.136308688195E+03,1.197488826456E+03,
    -0.984290454834));
#4026 = CARTESIAN_POINT('',(1.137538566763E+03,1.197363261497E+03,
    -0.883907044026));
#4027 = CARTESIAN_POINT('',(1.138249625147E+03,1.197276539925E+03,
    -0.811661359971));
#4028 = CARTESIAN_POINT('',(1.139294000904E+03,1.197164954537E+03,
    -0.721335369553));
#4029 = CARTESIAN_POINT('',(1.139889838689E+03,1.19708699844E+03,
    -0.655331444975));
#4030 = CARTESIAN_POINT('',(1.140777201886E+03,1.196986901625E+03,
    -0.573510696823));
#4031 = CARTESIAN_POINT('',(1.141275528393E+03,1.19691581104E+03,
    -0.512789954448));
#4032 = CARTESIAN_POINT('',(1.142030253607E+03,1.19682642236E+03,
    -0.438175371902));
#4033 = CARTESIAN_POINT('',(1.142446269219E+03,1.19676276581E+03,
    -0.381934204993));
#4034 = CARTESIAN_POINT('',(1.143088202065E+03,1.19667949331E+03,
    -0.313408380766));
#4035 = CARTESIAN_POINT('',(1.143402507937E+03,1.196620011128E+03,
    -0.262644197722));
#4036 = CARTESIAN_POINT('',(1.143674139234E+03,1.196562196618E+03,
    -0.214177407227));
#4037 = CARTESIAN_POINT('',(1.120893307072E+03,1.199457700016E+03,
    -1.53871483677));
#4038 = CARTESIAN_POINT('',(1.120913769729E+03,1.199425210672E+03,
    -1.513516430004));
#4039 = CARTESIAN_POINT('',(1.121228326362E+03,1.199365103001E+03,
    -1.477637964452));
#4040 = CARTESIAN_POINT('',(1.12269612391E+03,1.199196616594E+03,
    -1.399856554565));
#4041 = CARTESIAN_POINT('',(1.124378781889E+03,1.199007561376E+03,
    -1.314180731684));
#4042 = CARTESIAN_POINT('',(1.126746975992E+03,1.198753952111E+03,
    -1.203602005053));
#4043 = CARTESIAN_POINT('',(1.128164069289E+03,1.198589984978E+03,
    -1.127626227813));
#4044 = CARTESIAN_POINT('',(1.130170027731E+03,1.198370571351E+03,
    -1.030228641959));
#4045 = CARTESIAN_POINT('',(1.131362812931E+03,1.198227692458E+03,
    -0.962396039191));
#4046 = CARTESIAN_POINT('',(1.133063069239E+03,1.198037045174E+03,
    -0.876118694209));
#4047 = CARTESIAN_POINT('',(1.134066494151E+03,1.197912014809E+03,
    -0.815181864866));
#4048 = CARTESIAN_POINT('',(1.135508535208E+03,1.197745702899E+03,
    -0.738294142874));
#4049 = CARTESIAN_POINT('',(1.136351766841E+03,1.197635762068E+03,
    -0.683177809795));
#4050 = CARTESIAN_POINT('',(1.137575590524E+03,1.197489960038E+03,
    -0.614228294378));
#4051 = CARTESIAN_POINT('',(1.138283499331E+03,1.197392712243E+03,
    -0.564037263462));
#4052 = CARTESIAN_POINT('',(1.139322862396E+03,1.197264384678E+03,
    -0.501792694972));
#4053 = CARTESIAN_POINT('',(1.139916201134E+03,1.197178093727E+03,
    -0.455762837041));
#4054 = CARTESIAN_POINT('',(1.140799421737E+03,1.197064126878E+03,
    -0.399188430061));
#4055 = CARTESIAN_POINT('',(1.141295779826E+03,1.196986417815E+03,
    -0.356680693599));
#4056 = CARTESIAN_POINT('',(1.142047132635E+03,1.196885836136E+03,
    -0.304910397022));
#4057 = CARTESIAN_POINT('',(1.142461685825E+03,1.196817419617E+03,
    -0.265389044204));
#4058 = CARTESIAN_POINT('',(1.143100795345E+03,1.196724483162E+03,
    -0.21767791984));
#4059 = CARTESIAN_POINT('',(1.143414086282E+03,1.196661284604E+03,
    -0.181807889599));
#4060 = CARTESIAN_POINT('',(1.14368488741E+03,1.196600170637E+03,
    -0.14746945439));
#4061 = CARTESIAN_POINT('',(1.120954137032E+03,1.199662492191E+03,
    -0.772177680353));
#4062 = CARTESIAN_POINT('',(1.120977668403E+03,1.199640284947E+03,
    -0.759467046947));
#4063 = CARTESIAN_POINT('',(1.121293638412E+03,1.199584935711E+03,
    -0.741416384147));
#4064 = CARTESIAN_POINT('',(1.122756357461E+03,1.199399531991E+03,
    -0.702414249179));
#4065 = CARTESIAN_POINT('',(1.124432722493E+03,1.199189445699E+03,
    -0.659464907715));
#4066 = CARTESIAN_POINT('',(1.126790760702E+03,1.19890189455E+03,
    -0.604064114376));
#4067 = CARTESIAN_POINT('',(1.128203056452E+03,1.198721913959E+03,
    -0.565964795732));
#4068 = CARTESIAN_POINT('',(1.130200901132E+03,1.198475397576E+03,
    -0.517154572781));
#4069 = CARTESIAN_POINT('',(1.131390152133E+03,1.198320722873E+03,
    -0.483126841373));
#4070 = CARTESIAN_POINT('',(1.133084015793E+03,1.198108726101E+03,
    -0.439876738859));
#4071 = CARTESIAN_POINT('',(1.134084972955E+03,1.197975469632E+03,
    -0.409296894163));
#4072 = CARTESIAN_POINT('',(1.135522076371E+03,1.197792675309E+03,
    -0.370741603144));
#4073 = CARTESIAN_POINT('',(1.136363743019E+03,1.197677526281E+03,
    -0.34307200658));
#4074 = CARTESIAN_POINT('',(1.137583856899E+03,1.197519343814E+03,
    -0.308485818848));
#4075 = CARTESIAN_POINT('',(1.138290961211E+03,1.197419426428E+03,
    -0.283278873366));
#4076 = CARTESIAN_POINT('',(1.139327656667E+03,1.197282213319E+03,
    -0.252045159097));
#4077 = CARTESIAN_POINT('',(1.13992084144E+03,1.197195444147E+03,
    -0.228918800108));
#4078 = CARTESIAN_POINT('',(1.140802264532E+03,1.197075463897E+03,
    -0.200520166594));
#4079 = CARTESIAN_POINT('',(1.141298999287E+03,1.196998992991E+03,
    -0.179154868339));
#4080 = CARTESIAN_POINT('',(1.142049324773E+03,1.196895074945E+03,
    -0.153158290027));
#4081 = CARTESIAN_POINT('',(1.142464760622E+03,1.196829755092E+03,
    -0.133286183594));
#4082 = CARTESIAN_POINT('',(1.143103391899E+03,1.196735011314E+03,
    -0.109319191389));
#4083 = CARTESIAN_POINT('',(1.143418012983E+03,1.196675953014E+03,
    -9.127274624411E-02));
#4084 = CARTESIAN_POINT('',(1.143690329025E+03,1.196619396222E+03,
    -7.399209861588E-02));
#4085 = CARTESIAN_POINT('',(1.120954137032E+03,1.199662492191E+03,
    -4.831624E-11));
#4086 = CARTESIAN_POINT('',(1.120983145307E+03,1.19965863516E+03,0.));
#4087 = CARTESIAN_POINT('',(1.12130293688E+03,1.199616112471E+03,0.));
#4088 = CARTESIAN_POINT('',(1.122762985619E+03,1.199421859552E+03,0.));
#4089 = CARTESIAN_POINT('',(1.124435465893E+03,1.199198810297E+03,0.));
#4090 = CARTESIAN_POINT('',(1.126785756397E+03,1.198885385376E+03,0.));
#4091 = CARTESIAN_POINT('',(1.12819566279E+03,1.198697459441E+03,0.));
#4092 = CARTESIAN_POINT('',(1.130187801896E+03,1.198431908414E+03,0.));
#4093 = CARTESIAN_POINT('',(1.131375926887E+03,1.198273506014E+03,0.));
#4094 = CARTESIAN_POINT('',(1.133065806087E+03,1.198048227867E+03,0.));
#4095 = CARTESIAN_POINT('',(1.134066703688E+03,1.197914813406E+03,0.));
#4096 = CARTESIAN_POINT('',(1.135501277653E+03,1.197723604783E+03,0.));
#4097 = CARTESIAN_POINT('',(1.136343787504E+03,1.19761131567E+03,0.));
#4098 = CARTESIAN_POINT('',(1.137562599771E+03,1.197448820879E+03,0.));
#4099 = CARTESIAN_POINT('',(1.138271307777E+03,1.197354302015E+03,0.));
#4100 = CARTESIAN_POINT('',(1.139307743812E+03,1.197216271475E+03,0.));
#4101 = CARTESIAN_POINT('',(1.139903182809E+03,1.197137092194E+03,0.));
#4102 = CARTESIAN_POINT('',(1.140785216578E+03,1.197019166656E+03,0.));
#4103 = CARTESIAN_POINT('',(1.141284736188E+03,1.196952002019E+03,0.));
#4104 = CARTESIAN_POINT('',(1.14203644254E+03,1.196852815718E+03,0.));
#4105 = CARTESIAN_POINT('',(1.142455169238E+03,1.196798660643E+03,0.));
#4106 = CARTESIAN_POINT('',(1.14309573046E+03,1.196710177656E+03,0.));
#4107 = CARTESIAN_POINT('',(1.143414089881E+03,1.196663327726E+03,0.));
#4108 = CARTESIAN_POINT('',(1.143690329025E+03,1.196619396222E+03,
    -4.E-17));
#4109 = SHELL_BASED_SURFACE_MODEL('',(#4110));
#4110 = OPEN_SHELL('',(#4111));
#4111 = ADVANCED_FACE('',(#4112),#4147,.T.);
#4112 = FACE_BOUND('',#4113,.T.);
#4113 = EDGE_LOOP('',(#4114,#4129,#4136));
#4114 = ORIENTED_EDGE('',*,*,#4115,.T.);
#4115 = EDGE_CURVE('',#4116,#4118,#4120,.T.);
#4116 = VERTEX_POINT('',#4117);
#4117 = CARTESIAN_POINT('',(1.143599927032E+03,1.1963E+03,0.31939622216)
  );
#4118 = VERTEX_POINT('',#4119);
#4119 = CARTESIAN_POINT('',(1.143690329025E+03,1.196619396222E+03,0.));
#4120 = B_SPLINE_CURVE_WITH_KNOTS('',7,(#4121,#4122,#4123,#4124,#4125,
    #4126,#4127,#4128),.UNSPECIFIED.,.F.,.F.,(8,8),(0.,1.),
  .PIECEWISE_BEZIER_KNOTS.);
#4121 = CARTESIAN_POINT('',(1.143599927032E+03,1.1963E+03,0.31939622216)
  );
#4122 = CARTESIAN_POINT('',(1.143620063203E+03,1.196371142425E+03,
    0.322245895866));
#4123 = CARTESIAN_POINT('',(1.143640268866E+03,1.19644253037E+03,
    0.305109721043));
#4124 = CARTESIAN_POINT('',(1.143658836681E+03,1.196508131687E+03,
    0.268242338496));
#4125 = CARTESIAN_POINT('',(1.143674139234E+03,1.196562196618E+03,
    0.214177407227));
#4126 = CARTESIAN_POINT('',(1.14368488741E+03,1.196600170637E+03,
    0.14746945439));
#4127 = CARTESIAN_POINT('',(1.143690329025E+03,1.196619396222E+03,
    7.399209861584E-02));
#4128 = CARTESIAN_POINT('',(1.143690329025E+03,1.196619396222E+03,6.E-17
    ));
#4129 = ORIENTED_EDGE('',*,*,#4130,.T.);
#4130 = EDGE_CURVE('',#4118,#4131,#4133,.T.);
#4131 = VERTEX_POINT('',#4132);
#4132 = CARTESIAN_POINT('',(1.143599927032E+03,1.1963E+03,0.));
#4133 = B_SPLINE_CURVE_WITH_KNOTS('',1,(#4134,#4135),.UNSPECIFIED.,.F.,
  .F.,(2,2),(0.,0.331943469873),.PIECEWISE_BEZIER_KNOTS.);
#4134 = CARTESIAN_POINT('',(1.143690329025E+03,1.196619396222E+03,6.E-17
    ));
#4135 = CARTESIAN_POINT('',(1.143599927032E+03,1.1963E+03,-1.E-17));
#4136 = ORIENTED_EDGE('',*,*,#4137,.F.);
#4137 = EDGE_CURVE('',#4116,#4131,#4138,.T.);
#4138 = B_SPLINE_CURVE_WITH_KNOTS('',7,(#4139,#4140,#4141,#4142,#4143,
    #4144,#4145,#4146),.UNSPECIFIED.,.F.,.F.,(8,8),(0.,1.),
  .PIECEWISE_BEZIER_KNOTS.);
#4139 = CARTESIAN_POINT('',(1.143599927032E+03,1.1963E+03,0.31939622216)
  );
#4140 = CARTESIAN_POINT('',(1.143599927032E+03,1.1963E+03,0.273768190423
    ));
#4141 = CARTESIAN_POINT('',(1.143599927032E+03,1.1963E+03,0.228140158686
    ));
#4142 = CARTESIAN_POINT('',(1.143599927032E+03,1.1963E+03,0.182512126949
    ));
#4143 = CARTESIAN_POINT('',(1.143599927032E+03,1.1963E+03,0.136884095211
    ));
#4144 = CARTESIAN_POINT('',(1.143599927032E+03,1.1963E+03,
    9.125606347429E-02));
#4145 = CARTESIAN_POINT('',(1.143599927032E+03,1.1963E+03,
    4.562803173714E-02));
#4146 = CARTESIAN_POINT('',(1.143599927032E+03,1.1963E+03,-1.E-17));
#4147 = B_SPLINE_SURFACE_WITH_KNOTS('',7,1,(
    (#4148,#4149)
    ,(#4150,#4151)
    ,(#4152,#4153)
    ,(#4154,#4155)
    ,(#4156,#4157)
    ,(#4158,#4159)
    ,(#4160,#4161)
    ,(#4162,#4163
    )),.UNSPECIFIED.,.F.,.F.,.F.,(8,8),(2,2),(0.,1.),(0.,0.331943469873)
  ,.PIECEWISE_BEZIER_KNOTS.);
#4148 = CARTESIAN_POINT('',(1.143599927032E+03,1.1963E+03,0.31939622216)
  );
#4149 = CARTESIAN_POINT('',(1.143599927032E+03,1.1963E+03,0.31939622216)
  );
#4150 = CARTESIAN_POINT('',(1.143620063203E+03,1.196371142425E+03,
    0.322245895866));
#4151 = CARTESIAN_POINT('',(1.143599927032E+03,1.1963E+03,0.273768190423
    ));
#4152 = CARTESIAN_POINT('',(1.143640268866E+03,1.19644253037E+03,
    0.305109721043));
#4153 = CARTESIAN_POINT('',(1.143599927032E+03,1.1963E+03,0.228140158686
    ));
#4154 = CARTESIAN_POINT('',(1.143658836681E+03,1.196508131687E+03,
    0.268242338496));
#4155 = CARTESIAN_POINT('',(1.143599927032E+03,1.1963E+03,0.182512126949
    ));
#4156 = CARTESIAN_POINT('',(1.143674139234E+03,1.196562196618E+03,
    0.214177407227));
#4157 = CARTESIAN_POINT('',(1.143599927032E+03,1.1963E+03,0.136884095211
    ));
#4158 = CARTESIAN_POINT('',(1.14368488741E+03,1.196600170637E+03,
    0.14746945439));
#4159 = CARTESIAN_POINT('',(1.143599927032E+03,1.1963E+03,
    9.125606347429E-02));
#4160 = CARTESIAN_POINT('',(1.143690329025E+03,1.196619396222E+03,
    7.399209861584E-02));
#4161 = CARTESIAN_POINT('',(1.143599927032E+03,1.1963E+03,
    4.562803173714E-02));
#4162 = CARTESIAN_POINT('',(1.143690329025E+03,1.196619396222E+03,6.E-17
    ));
#4163 = CARTESIAN_POINT('',(1.143599927032E+03,1.1963E+03,-1.E-17));
#4164 = SHELL_BASED_SURFACE_MODEL('',(#4165));
#4165 = OPEN_SHELL('',(#4166));
#4166 = ADVANCED_FACE('',(#4167),#4202,.T.);
#4167 = FACE_BOUND('',#4168,.T.);
#4168 = EDGE_LOOP('',(#4169,#4184,#4191));
#4169 = ORIENTED_EDGE('',*,*,#4170,.T.);
#4170 = EDGE_CURVE('',#4171,#4173,#4175,.T.);
#4171 = VERTEX_POINT('',#4172);
#4172 = CARTESIAN_POINT('',(1.143599927032E+03,1.1963E+03,-0.31939622216
    ));
#4173 = VERTEX_POINT('',#4174);
#4174 = CARTESIAN_POINT('',(1.143690329025E+03,1.196619396222E+03,0.));
#4175 = B_SPLINE_CURVE_WITH_KNOTS('',7,(#4176,#4177,#4178,#4179,#4180,
    #4181,#4182,#4183),.UNSPECIFIED.,.F.,.F.,(8,8),(0.,1.),
  .PIECEWISE_BEZIER_KNOTS.);
#4176 = CARTESIAN_POINT('',(1.143599927032E+03,1.1963E+03,-0.31939622216
    ));
#4177 = CARTESIAN_POINT('',(1.143620063203E+03,1.196371142425E+03,
    -0.322245895866));
#4178 = CARTESIAN_POINT('',(1.143640268866E+03,1.19644253037E+03,
    -0.305109721043));
#4179 = CARTESIAN_POINT('',(1.143658836681E+03,1.196508131687E+03,
    -0.268242338496));
#4180 = CARTESIAN_POINT('',(1.143674139234E+03,1.196562196618E+03,
    -0.214177407227));
#4181 = CARTESIAN_POINT('',(1.14368488741E+03,1.196600170637E+03,
    -0.14746945439));
#4182 = CARTESIAN_POINT('',(1.143690329025E+03,1.196619396222E+03,
    -7.399209861588E-02));
#4183 = CARTESIAN_POINT('',(1.143690329025E+03,1.196619396222E+03,
    -4.E-17));
#4184 = ORIENTED_EDGE('',*,*,#4185,.T.);
#4185 = EDGE_CURVE('',#4173,#4186,#4188,.T.);
#4186 = VERTEX_POINT('',#4187);
#4187 = CARTESIAN_POINT('',(1.143599927032E+03,1.1963E+03,0.));
#4188 = B_SPLINE_CURVE_WITH_KNOTS('',1,(#4189,#4190),.UNSPECIFIED.,.F.,
  .F.,(2,2),(0.,0.331943469873),.PIECEWISE_BEZIER_KNOTS.);
#4189 = CARTESIAN_POINT('',(1.143690329025E+03,1.196619396222E+03,
    -4.E-17));
#4190 = CARTESIAN_POINT('',(1.143599927032E+03,1.1963E+03,0.));
#4191 = ORIENTED_EDGE('',*,*,#4192,.F.);
#4192 = EDGE_CURVE('',#4171,#4186,#4193,.T.);
#4193 = B_SPLINE_CURVE_WITH_KNOTS('',7,(#4194,#4195,#4196,#4197,#4198,
    #4199,#4200,#4201),.UNSPECIFIED.,.F.,.F.,(8,8),(0.,1.),
  .PIECEWISE_BEZIER_KNOTS.);
#4194 = CARTESIAN_POINT('',(1.143599927032E+03,1.1963E+03,-0.31939622216
    ));
#4195 = CARTESIAN_POINT('',(1.143599927032E+03,1.1963E+03,
    -0.273768190423));
#4196 = CARTESIAN_POINT('',(1.143599927032E+03,1.1963E+03,
    -0.228140158686));
#4197 = CARTESIAN_POINT('',(1.143599927032E+03,1.1963E+03,
    -0.182512126949));
#4198 = CARTESIAN_POINT('',(1.143599927032E+03,1.1963E+03,
    -0.136884095211));
#4199 = CARTESIAN_POINT('',(1.143599927032E+03,1.1963E+03,
    -9.125606347429E-02));
#4200 = CARTESIAN_POINT('',(1.143599927032E+03,1.1963E+03,
    -4.562803173714E-02));
#4201 = CARTESIAN_POINT('',(1.143599927032E+03,1.1963E+03,0.));
#4202 = B_SPLINE_SURFACE_WITH_KNOTS('',7,1,(
    (#4203,#4204)
    ,(#4205,#4206)
    ,(#4207,#4208)
    ,(#4209,#4210)
    ,(#4211,#4212)
    ,(#4213,#4214)
    ,(#4215,#4216)
    ,(#4217,#4218
    )),.UNSPECIFIED.,.F.,.F.,.F.,(8,8),(2,2),(0.,1.),(0.,0.331943469873)
  ,.PIECEWISE_BEZIER_KNOTS.);
#4203 = CARTESIAN_POINT('',(1.143599927032E+03,1.1963E+03,-0.31939622216
    ));
#4204 = CARTESIAN_POINT('',(1.143599927032E+03,1.1963E+03,-0.31939622216
    ));
#4205 = CARTESIAN_POINT('',(1.143620063203E+03,1.196371142425E+03,
    -0.322245895866));
#4206 = CARTESIAN_POINT('',(1.143599927032E+03,1.1963E+03,
    -0.273768190423));
#4207 = CARTESIAN_POINT('',(1.143640268866E+03,1.19644253037E+03,
    -0.305109721043));
#4208 = CARTESIAN_POINT('',(1.143599927032E+03,1.1963E+03,
    -0.228140158686));
#4209 = CARTESIAN_POINT('',(1.143658836681E+03,1.196508131687E+03,
    -0.268242338496));
#4210 = CARTESIAN_POINT('',(1.143599927032E+03,1.1963E+03,
    -0.182512126949));
#4211 = CARTESIAN_POINT('',(1.143674139234E+03,1.196562196618E+03,
    -0.214177407227));
#4212 = CARTESIAN_POINT('',(1.143599927032E+03,1.1963E+03,
    -0.136884095211));
#4213 = CARTESIAN_POINT('',(1.14368488741E+03,1.196600170637E+03,
    -0.14746945439));
#4214 = CARTESIAN_POINT('',(1.143599927032E+03,1.1963E+03,
    -9.125606347429E-02));
#4215 = CARTESIAN_POINT('',(1.143690329025E+03,1.196619396222E+03,
    -7.399209861588E-02));
#4216 = CARTESIAN_POINT('',(1.143599927032E+03,1.1963E+03,
    -4.562803173714E-02));
#4217 = CARTESIAN_POINT('',(1.143690329025E+03,1.196619396222E+03,
    -4.E-17));
#4218 = CARTESIAN_POINT('',(1.143599927032E+03,1.1963E+03,0.));
#4219 = ( GEOMETRIC_REPRESENTATION_CONTEXT(3) 
GLOBAL_UNCERTAINTY_ASSIGNED_CONTEXT((#4223)) 
GLOBAL_UNIT_ASSIGNED_CONTEXT((#4220,#4221,#4222)) REPRESENTATION_CONTEXT
('Context #1','3D Context with UNIT and UNCERTAINTY') );
#4220 = ( LENGTH_UNIT() NAMED_UNIT(*) SI_UNIT(.MILLI.,.METRE.) );
#4221 = ( NAMED_UNIT(*) PLANE_ANGLE_UNIT() SI_UNIT($,.RADIAN.) );
#4222 = ( NAMED_UNIT(*) SI_UNIT($,.STERADIAN.) SOLID_ANGLE_UNIT() );
#4223 = UNCERTAINTY_MEASURE_WITH_UNIT(LENGTH_MEASURE(1.E-07),#4220,
  'distance_accuracy_value','confusion accuracy');
#4224 = PRODUCT_RELATED_PRODUCT_CATEGORY('part',$,(#7));
#4225 = MECHANICAL_DESIGN_GEOMETRIC_PRESENTATION_REPRESENTATION('',(
    #4226,#4237,#4246,#4255,#4264,#4273,#4282,#4291,#4300,#4309,#4318),
  #4219);
#4226 = STYLED_ITEM('color',(#4227),#15);
#4227 = PRESENTATION_STYLE_ASSIGNMENT((#4228,#4234));
#4228 = SURFACE_STYLE_USAGE(.BOTH.,#4229);
#4229 = SURFACE_SIDE_STYLE('',(#4230));
#4230 = SURFACE_STYLE_FILL_AREA(#4231);
#4231 = FILL_AREA_STYLE('',(#4232));
#4232 = FILL_AREA_STYLE_COLOUR('',#4233);
#4233 = COLOUR_RGB('',0.447058818107,0.474509808674,0.501960817233);
#4234 = CURVE_STYLE('',#4235,POSITIVE_LENGTH_MEASURE(0.1),#4236);
#4235 = DRAUGHTING_PRE_DEFINED_CURVE_FONT('continuous');
#4236 = COLOUR_RGB('',9.803921802644E-02,9.803921802644E-02,
  9.803921802644E-02);
#4237 = STYLED_ITEM('color',(#4238),#681);
#4238 = PRESENTATION_STYLE_ASSIGNMENT((#4239,#4244));
#4239 = SURFACE_STYLE_USAGE(.BOTH.,#4240);
#4240 = SURFACE_SIDE_STYLE('',(#4241));
#4241 = SURFACE_STYLE_FILL_AREA(#4242);
#4242 = FILL_AREA_STYLE('',(#4243));
#4243 = FILL_AREA_STYLE_COLOUR('',#4233);
#4244 = CURVE_STYLE('',#4245,POSITIVE_LENGTH_MEASURE(0.1),#4236);
#4245 = DRAUGHTING_PRE_DEFINED_CURVE_FONT('continuous');
#4246 = STYLED_ITEM('color',(#4247),#1130);
#4247 = PRESENTATION_STYLE_ASSIGNMENT((#4248,#4253));
#4248 = SURFACE_STYLE_USAGE(.BOTH.,#4249);
#4249 = SURFACE_SIDE_STYLE('',(#4250));
#4250 = SURFACE_STYLE_FILL_AREA(#4251);
#4251 = FILL_AREA_STYLE('',(#4252));
#4252 = FILL_AREA_STYLE_COLOUR('',#4233);
#4253 = CURVE_STYLE('',#4254,POSITIVE_LENGTH_MEASURE(0.1),#4236);
#4254 = DRAUGHTING_PRE_DEFINED_CURVE_FONT('continuous');
#4255 = STYLED_ITEM('color',(#4256),#1622);
#4256 = PRESENTATION_STYLE_ASSIGNMENT((#4257,#4262));
#4257 = SURFACE_STYLE_USAGE(.BOTH.,#4258);
#4258 = SURFACE_SIDE_STYLE('',(#4259));
#4259 = SURFACE_STYLE_FILL_AREA(#4260);
#4260 = FILL_AREA_STYLE('',(#4261));
#4261 = FILL_AREA_STYLE_COLOUR('',#4233);
#4262 = CURVE_STYLE('',#4263,POSITIVE_LENGTH_MEASURE(0.1),#4236);
#4263 = DRAUGHTING_PRE_DEFINED_CURVE_FONT('continuous');
#4264 = STYLED_ITEM('color',(#4265),#2114);
#4265 = PRESENTATION_STYLE_ASSIGNMENT((#4266,#4271));
#4266 = SURFACE_STYLE_USAGE(.BOTH.,#4267);
#4267 = SURFACE_SIDE_STYLE('',(#4268));
#4268 = SURFACE_STYLE_FILL_AREA(#4269);
#4269 = FILL_AREA_STYLE('',(#4270));
#4270 = FILL_AREA_STYLE_COLOUR('',#4233);
#4271 = CURVE_STYLE('',#4272,POSITIVE_LENGTH_MEASURE(0.1),#4236);
#4272 = DRAUGHTING_PRE_DEFINED_CURVE_FONT('continuous');
#4273 = STYLED_ITEM('color',(#4274),#2396);
#4274 = PRESENTATION_STYLE_ASSIGNMENT((#4275,#4280));
#4275 = SURFACE_STYLE_USAGE(.BOTH.,#4276);
#4276 = SURFACE_SIDE_STYLE('',(#4277));
#4277 = SURFACE_STYLE_FILL_AREA(#4278);
#4278 = FILL_AREA_STYLE('',(#4279));
#4279 = FILL_AREA_STYLE_COLOUR('',#4233);
#4280 = CURVE_STYLE('',#4281,POSITIVE_LENGTH_MEASURE(0.1),#4236);
#4281 = DRAUGHTING_PRE_DEFINED_CURVE_FONT('continuous');
#4282 = STYLED_ITEM('color',(#4283),#2845);
#4283 = PRESENTATION_STYLE_ASSIGNMENT((#4284,#4289));
#4284 = SURFACE_STYLE_USAGE(.BOTH.,#4285);
#4285 = SURFACE_SIDE_STYLE('',(#4286));
#4286 = SURFACE_STYLE_FILL_AREA(#4287);
#4287 = FILL_AREA_STYLE('',(#4288));
#4288 = FILL_AREA_STYLE_COLOUR('',#4233);
#4289 = CURVE_STYLE('',#4290,POSITIVE_LENGTH_MEASURE(0.1),#4236);
#4290 = DRAUGHTING_PRE_DEFINED_CURVE_FONT('continuous');
#4291 = STYLED_ITEM('color',(#4292),#3337);
#4292 = PRESENTATION_STYLE_ASSIGNMENT((#4293,#4298));
#4293 = SURFACE_STYLE_USAGE(.BOTH.,#4294);
#4294 = SURFACE_SIDE_STYLE('',(#4295));
#4295 = SURFACE_STYLE_FILL_AREA(#4296);
#4296 = FILL_AREA_STYLE('',(#4297));
#4297 = FILL_AREA_STYLE_COLOUR('',#4233);
#4298 = CURVE_STYLE('',#4299,POSITIVE_LENGTH_MEASURE(0.1),#4236);
#4299 = DRAUGHTING_PRE_DEFINED_CURVE_FONT('continuous');
#4300 = STYLED_ITEM('color',(#4301),#3829);
#4301 = PRESENTATION_STYLE_ASSIGNMENT((#4302,#4307));
#4302 = SURFACE_STYLE_USAGE(.BOTH.,#4303);
#4303 = SURFACE_SIDE_STYLE('',(#4304));
#4304 = SURFACE_STYLE_FILL_AREA(#4305);
#4305 = FILL_AREA_STYLE('',(#4306));
#4306 = FILL_AREA_STYLE_COLOUR('',#4233);
#4307 = CURVE_STYLE('',#4308,POSITIVE_LENGTH_MEASURE(0.1),#4236);
#4308 = DRAUGHTING_PRE_DEFINED_CURVE_FONT('continuous');
#4309 = STYLED_ITEM('color',(#4310),#4111);
#4310 = PRESENTATION_STYLE_ASSIGNMENT((#4311,#4316));
#4311 = SURFACE_STYLE_USAGE(.BOTH.,#4312);
#4312 = SURFACE_SIDE_STYLE('',(#4313));
#4313 = SURFACE_STYLE_FILL_AREA(#4314);
#4314 = FILL_AREA_STYLE('',(#4315));
#4315 = FILL_AREA_STYLE_COLOUR('',#4233);
#4316 = CURVE_STYLE('',#4317,POSITIVE_LENGTH_MEASURE(0.1),#4236);
#4317 = DRAUGHTING_PRE_DEFINED_CURVE_FONT('continuous');
#4318 = STYLED_ITEM('color',(#4319),#4166);
#4319 = PRESENTATION_STYLE_ASSIGNMENT((#4320,#4325));
#4320 = SURFACE_STYLE_USAGE(.BOTH.,#4321);
#4321 = SURFACE_SIDE_STYLE('',(#4322));
#4322 = SURFACE_STYLE_FILL_AREA(#4323);
#4323 = FILL_AREA_STYLE('',(#4324));
#4324 = FILL_AREA_STYLE_COLOUR('',#4233);
#4325 = CURVE_STYLE('',#4326,POSITIVE_LENGTH_MEASURE(0.1),#4236);
#4326 = DRAUGHTING_PRE_DEFINED_CURVE_FONT('continuous');
ENDSEC;
END-ISO-10303-21;
